# myarm_m750: converted from Collada .dae (Rhino, unit -> meter)
v 0.040025 0.018307 0.002661
v 0.040025 0.021661 0.000693
v 0.040025 0.019693 -0.002661
v 0.040093 0.018481 0.002694
v 0.040093 0.018667 0.002723
v 0.040093 0.018867 0.002740
v 0.040093 0.019080 0.002743
v 0.040093 0.019305 0.002727
v 0.040093 0.019542 0.002690
v 0.040093 0.019664 0.002662
v 0.040093 0.019788 0.002628
v 0.040093 0.019913 0.002587
v 0.040093 0.020040 0.002539
v 0.040093 0.020167 0.002483
v 0.040093 0.020294 0.002419
v 0.040093 0.020421 0.002347
v 0.040093 0.020546 0.002267
v 0.040093 0.020669 0.002178
v 0.040093 0.020789 0.002080
v 0.040093 0.020905 0.001974
v 0.040093 0.021017 0.001860
v 0.040093 0.021124 0.001737
v 0.040093 0.021224 0.001606
v 0.040093 0.021318 0.001469
v 0.040093 0.021403 0.001324
v 0.040093 0.021480 0.001173
v 0.040093 0.021548 0.001017
v 0.040093 0.021607 0.000856
v 0.040093 0.021655 0.000692
v 0.040093 0.021693 0.000524
v 0.040093 0.021721 0.000356
v 0.040093 0.021737 0.000186
v 0.040093 0.021744 0.000017
v 0.040093 0.021740 -0.000151
v 0.040093 0.021725 -0.000317
v 0.040093 0.021701 -0.000480
v 0.040093 0.021668 -0.000639
v 0.040093 0.021626 -0.000794
v 0.040093 0.021576 -0.000943
v 0.040093 0.021519 -0.001087
v 0.040093 0.021455 -0.001225
v 0.040093 0.021385 -0.001356
v 0.040093 0.021310 -0.001481
v 0.040093 0.021230 -0.001598
v 0.040093 0.021146 -0.001709
v 0.040093 0.021059 -0.001813
v 0.040093 0.020970 -0.001910
v 0.040093 0.020878 -0.002000
v 0.040093 0.020785 -0.002084
v 0.040093 0.020596 -0.002231
v 0.040093 0.020407 -0.002355
v 0.040093 0.020220 -0.002457
v 0.040093 0.020038 -0.002540
v 0.040093 0.019861 -0.002605
v 0.040163 0.018485 0.002674
v 0.040163 0.018669 0.002704
v 0.040163 0.018868 0.002720
v 0.040163 0.019079 0.002723
v 0.040163 0.019303 0.002707
v 0.040163 0.019538 0.002670
v 0.040163 0.019659 0.002643
v 0.040163 0.019782 0.002609
v 0.040163 0.019907 0.002568
v 0.040163 0.020032 0.002520
v 0.040163 0.020158 0.002465
v 0.040163 0.020285 0.002402
v 0.040163 0.020410 0.002330
v 0.040163 0.020534 0.002250
v 0.040163 0.020657 0.002162
v 0.040163 0.020776 0.002065
v 0.040163 0.020891 0.001960
v 0.040163 0.021003 0.001846
v 0.040163 0.021108 0.001724
v 0.040163 0.021208 0.001595
v 0.040163 0.021301 0.001458
v 0.040163 0.021386 0.001314
v 0.040163 0.021462 0.001164
v 0.040163 0.021530 0.001009
v 0.040163 0.021588 0.000850
v 0.040163 0.021636 0.000687
v 0.040163 0.021673 0.000521
v 0.040163 0.021701 0.000353
v 0.040163 0.021717 0.000185
v 0.040163 0.021724 0.000017
v 0.040163 0.021720 -0.000150
v 0.040163 0.021705 -0.000315
v 0.040163 0.021682 -0.000477
v 0.040163 0.021649 -0.000635
v 0.040163 0.021607 -0.000788
v 0.040163 0.021558 -0.000936
v 0.040163 0.021501 -0.001079
v 0.040163 0.021437 -0.001216
v 0.040163 0.021368 -0.001346
v 0.040163 0.021293 -0.001470
v 0.040163 0.021214 -0.001587
v 0.040163 0.021131 -0.001697
v 0.040163 0.021044 -0.001800
v 0.040163 0.020955 -0.001896
v 0.040163 0.020864 -0.001985
v 0.040163 0.020772 -0.002068
v 0.040163 0.020585 -0.002215
v 0.040163 0.020397 -0.002338
v 0.040163 0.020212 -0.002439
v 0.040163 0.020030 -0.002521
v 0.040163 0.019855 -0.002586
v 0.040230 0.018491 0.002640
v 0.040230 0.018674 0.002669
v 0.040230 0.018869 0.002686
v 0.040230 0.019078 0.002688
v 0.040230 0.019299 0.002672
v 0.040230 0.019531 0.002636
v 0.040230 0.019651 0.002609
v 0.040230 0.019772 0.002576
v 0.040230 0.019895 0.002536
v 0.040230 0.020019 0.002488
v 0.040230 0.020144 0.002434
v 0.040230 0.020268 0.002371
v 0.040230 0.020392 0.002300
v 0.040230 0.020515 0.002222
v 0.040230 0.020635 0.002134
v 0.040230 0.020753 0.002039
v 0.040230 0.020867 0.001935
v 0.040230 0.020977 0.001823
v 0.040230 0.021081 0.001702
v 0.040230 0.021180 0.001574
v 0.040230 0.021271 0.001439
v 0.040230 0.021355 0.001297
v 0.040230 0.021431 0.001150
v 0.040230 0.021497 0.000996
v 0.040230 0.021555 0.000839
v 0.040230 0.021602 0.000678
v 0.040230 0.021639 0.000514
v 0.040230 0.021666 0.000348
v 0.040230 0.021683 0.000182
v 0.040230 0.021689 0.000016
v 0.040230 0.021685 -0.000148
v 0.040230 0.021671 -0.000311
v 0.040230 0.021647 -0.000471
v 0.040230 0.021615 -0.000626
v 0.040230 0.021574 -0.000778
v 0.040230 0.021525 -0.000924
v 0.040230 0.021469 -0.001065
v 0.040230 0.021406 -0.001200
v 0.040230 0.021338 -0.001329
v 0.040230 0.021264 -0.001451
v 0.040230 0.021185 -0.001566
v 0.040230 0.021103 -0.001675
v 0.040230 0.021018 -0.001777
v 0.040230 0.020930 -0.001872
v 0.040230 0.020841 -0.001960
v 0.040230 0.020749 -0.002042
v 0.040230 0.020565 -0.002187
v 0.040230 0.020379 -0.002308
v 0.040230 0.020196 -0.002408
v 0.040230 0.020017 -0.002489
v 0.040230 0.019844 -0.002553
v 0.040290 0.018501 0.002592
v 0.040290 0.018680 0.002621
v 0.040290 0.018872 0.002637
v 0.040290 0.019077 0.002639
v 0.040290 0.019294 0.002624
v 0.040290 0.019521 0.002588
v 0.040290 0.019639 0.002562
v 0.040290 0.019758 0.002529
v 0.040290 0.019879 0.002490
v 0.040290 0.020001 0.002443
v 0.040290 0.020123 0.002389
v 0.040290 0.020245 0.002328
v 0.040290 0.020367 0.002259
v 0.040290 0.020487 0.002181
v 0.040290 0.020606 0.002096
v 0.040290 0.020721 0.002002
v 0.040290 0.020833 0.001900
v 0.040290 0.020941 0.001789
v 0.040290 0.021044 0.001671
v 0.040290 0.021140 0.001546
v 0.040290 0.021230 0.001413
v 0.040290 0.021312 0.001274
v 0.040290 0.021387 0.001129
v 0.040290 0.021452 0.000978
v 0.040290 0.021508 0.000824
v 0.040290 0.021555 0.000665
v 0.040290 0.021591 0.000505
v 0.040290 0.021618 0.000342
v 0.040290 0.021634 0.000179
v 0.040290 0.021640 0.000016
v 0.040290 0.021636 -0.000146
v 0.040290 0.021622 -0.000305
v 0.040290 0.021599 -0.000462
v 0.040290 0.021568 -0.000615
v 0.040290 0.021527 -0.000764
v 0.040290 0.021479 -0.000908
v 0.040290 0.021424 -0.001046
v 0.040290 0.021363 -0.001179
v 0.040290 0.021295 -0.001305
v 0.040290 0.021223 -0.001425
v 0.040290 0.021146 -0.001538
v 0.040290 0.021065 -0.001645
v 0.040290 0.020982 -0.001745
v 0.040290 0.020895 -0.001838
v 0.040290 0.020807 -0.001925
v 0.040290 0.020718 -0.002005
v 0.040290 0.020536 -0.002147
v 0.040290 0.020354 -0.002266
v 0.040290 0.020174 -0.002365
v 0.040290 0.019999 -0.002444
v 0.040290 0.019829 -0.002507
v 0.040339 0.018512 0.002534
v 0.040339 0.018687 0.002561
v 0.040339 0.018875 0.002577
v 0.040339 0.019075 0.002579
v 0.040339 0.019287 0.002564
v 0.040339 0.019510 0.002529
v 0.040339 0.019624 0.002504
v 0.040339 0.019741 0.002472
v 0.040339 0.019859 0.002433
v 0.040339 0.019978 0.002388
v 0.040339 0.020097 0.002335
v 0.040339 0.020217 0.002275
v 0.040339 0.020336 0.002207
v 0.040339 0.020454 0.002132
v 0.040339 0.020569 0.002048
v 0.040339 0.020682 0.001956
v 0.040339 0.020792 0.001857
v 0.040339 0.020897 0.001749
v 0.040339 0.020997 0.001633
v 0.040339 0.021092 0.001511
v 0.040339 0.021180 0.001381
v 0.040339 0.021260 0.001245
v 0.040339 0.021333 0.001103
v 0.040339 0.021396 0.000956
v 0.040339 0.021451 0.000805
v 0.040339 0.021497 0.000650
v 0.040339 0.021533 0.000493
v 0.040339 0.021558 0.000334
v 0.040339 0.021574 0.000175
v 0.040339 0.021580 0.000016
v 0.040339 0.021576 -0.000142
v 0.040339 0.021563 -0.000298
v 0.040339 0.021540 -0.000452
v 0.040339 0.021509 -0.000601
v 0.040339 0.021470 -0.000747
v 0.040339 0.021423 -0.000887
v 0.040339 0.021369 -0.001022
v 0.040339 0.021309 -0.001152
v 0.040339 0.021243 -0.001275
v 0.040339 0.021172 -0.001392
v 0.040339 0.021097 -0.001503
v 0.040339 0.021018 -0.001607
v 0.040339 0.020937 -0.001705
v 0.040339 0.020852 -0.001796
v 0.040339 0.020766 -0.001881
v 0.040339 0.020679 -0.001959
v 0.040339 0.020501 -0.002098
v 0.040339 0.020323 -0.002215
v 0.040339 0.020148 -0.002311
v 0.040339 0.019976 -0.002388
v 0.040339 0.019810 -0.002450
v 0.040374 0.018525 0.002468
v 0.040374 0.018695 0.002494
v 0.040374 0.018878 0.002510
v 0.040374 0.019073 0.002512
v 0.040374 0.019279 0.002497
v 0.040374 0.019496 0.002464
v 0.040374 0.019608 0.002438
v 0.040374 0.019722 0.002407
v 0.040374 0.019836 0.002370
v 0.040374 0.019952 0.002326
v 0.040374 0.020069 0.002274
v 0.040374 0.020185 0.002216
v 0.040374 0.020301 0.002150
v 0.040374 0.020416 0.002076
v 0.040374 0.020528 0.001995
v 0.040374 0.020639 0.001905
v 0.040374 0.020745 0.001808
v 0.040374 0.020848 0.001703
v 0.040374 0.020945 0.001591
v 0.040374 0.021037 0.001471
v 0.040374 0.021123 0.001345
v 0.040374 0.021201 0.001213
v 0.040374 0.021272 0.001074
v 0.040374 0.021334 0.000931
v 0.040374 0.021388 0.000784
v 0.040374 0.021432 0.000633
v 0.040374 0.021467 0.000480
v 0.040374 0.021492 0.000326
v 0.040374 0.021507 0.000170
v 0.040374 0.021513 0.000015
v 0.040374 0.021509 -0.000139
v 0.040374 0.021496 -0.000291
v 0.040374 0.021474 -0.000440
v 0.040374 0.021444 -0.000586
v 0.040374 0.021406 -0.000727
v 0.040374 0.021360 -0.000864
v 0.040374 0.021307 -0.000996
v 0.040374 0.021249 -0.001122
v 0.040374 0.021185 -0.001242
v 0.040374 0.021116 -0.001356
v 0.040374 0.021043 -0.001464
v 0.040374 0.020966 -0.001565
v 0.040374 0.020886 -0.001661
v 0.040374 0.020804 -0.001749
v 0.040374 0.020720 -0.001832
v 0.040374 0.020635 -0.001908
v 0.040374 0.020462 -0.002044
v 0.040374 0.020289 -0.002157
v 0.040374 0.020118 -0.002251
v 0.040374 0.019951 -0.002326
v 0.040374 0.019789 -0.002386
v 0.040394 0.018538 0.002399
v 0.040394 0.018703 0.002425
v 0.040394 0.018881 0.002440
v 0.040394 0.019071 0.002442
v 0.040394 0.019272 0.002428
v 0.040394 0.019483 0.002395
v 0.040394 0.019591 0.002371
v 0.040394 0.019701 0.002340
v 0.040394 0.019813 0.002304
v 0.040394 0.019926 0.002261
v 0.040394 0.020039 0.002211
v 0.040394 0.020152 0.002154
v 0.040394 0.020265 0.002090
v 0.040394 0.020376 0.002019
v 0.040394 0.020486 0.001939
v 0.040394 0.020593 0.001853
v 0.040394 0.020697 0.001758
v 0.040394 0.020796 0.001656
v 0.040394 0.020891 0.001547
v 0.040394 0.020981 0.001431
v 0.040394 0.021064 0.001308
v 0.040394 0.021140 0.001179
v 0.040394 0.021209 0.001045
v 0.040394 0.021269 0.000905
v 0.040394 0.021321 0.000762
v 0.040394 0.021364 0.000616
v 0.040394 0.021398 0.000467
v 0.040394 0.021423 0.000317
v 0.040394 0.021438 0.000166
v 0.040394 0.021443 0.000015
v 0.040394 0.021440 -0.000135
v 0.040394 0.021427 -0.000283
v 0.040394 0.021406 -0.000428
v 0.040394 0.021376 -0.000569
v 0.040394 0.021339 -0.000707
v 0.040394 0.021294 -0.000840
v 0.040394 0.021243 -0.000968
v 0.040394 0.021186 -0.001091
v 0.040394 0.021124 -0.001208
v 0.040394 0.021057 -0.001318
v 0.040394 0.020986 -0.001423
v 0.040394 0.020911 -0.001522
v 0.040394 0.020834 -0.001614
v 0.040394 0.020754 -0.001701
v 0.040394 0.020673 -0.001781
v 0.040394 0.020590 -0.001855
v 0.040394 0.020422 -0.001987
v 0.040394 0.020253 -0.002097
v 0.040394 0.020087 -0.002188
v 0.040394 0.019924 -0.002262
v 0.040394 0.019767 -0.002320
v 0.040400 0.018401 0.002298
v 0.040400 0.018551 0.002332
v 0.040400 0.018712 0.002357
v 0.040400 0.018885 0.002372
v 0.040400 0.019069 0.002374
v 0.040400 0.019264 0.002360
v 0.040400 0.019469 0.002328
v 0.040400 0.019575 0.002304
v 0.040400 0.019682 0.002275
v 0.040400 0.019791 0.002240
v 0.040400 0.019900 0.002198
v 0.040400 0.020010 0.002149
v 0.040400 0.020120 0.002094
v 0.040400 0.020230 0.002032
v 0.040400 0.020338 0.001962
v 0.040400 0.020444 0.001885
v 0.040400 0.020549 0.001801
v 0.040400 0.020649 0.001709
v 0.040400 0.020746 0.001610
v 0.040400 0.020838 0.001504
v 0.040400 0.020925 0.001391
v 0.040400 0.021006 0.001271
v 0.040400 0.021080 0.001146
v 0.040400 0.021147 0.001015
v 0.040400 0.021206 0.000880
v 0.040400 0.021256 0.000741
v 0.040400 0.021298 0.000599
v 0.040400 0.021331 0.000454
v 0.040400 0.021355 0.000308
v 0.040400 0.021370 0.000161
v 0.040400 0.021375 0.000014
v 0.040400 0.021371 -0.000131
v 0.040400 0.021359 -0.000275
v 0.040400 0.021338 -0.000416
v 0.040400 0.021310 -0.000553
v 0.040400 0.021273 -0.000687
v 0.040400 0.021230 -0.000817
v 0.040400 0.021181 -0.000941
v 0.040400 0.021125 -0.001060
v 0.040400 0.021065 -0.001174
v 0.040400 0.021000 -0.001282
v 0.040400 0.020930 -0.001384
v 0.040400 0.020858 -0.001479
v 0.040400 0.020783 -0.001569
v 0.040400 0.020705 -0.001653
v 0.040400 0.020626 -0.001731
v 0.040400 0.020545 -0.001804
v 0.040400 0.020382 -0.001932
v 0.040400 0.020218 -0.002039
v 0.040400 0.020056 -0.002127
v 0.040400 0.019898 -0.002199
v 0.040400 0.019746 -0.002255
v 0.040400 0.019599 -0.002298
v 0.040084 0.018308 0.002657
v 0.040141 0.018311 0.002643
v 0.040195 0.018317 0.002622
v 0.040245 0.018325 0.002592
v 0.040290 0.018335 0.002555
v 0.040328 0.018346 0.002512
v 0.040359 0.018358 0.002463
v 0.040382 0.018372 0.002410
v 0.040395 0.018387 0.002355
v 0.040395 0.019613 -0.002355
v 0.040382 0.019628 -0.002410
v 0.040359 0.019642 -0.002463
v 0.040328 0.019654 -0.002512
v 0.040290 0.019665 -0.002555
v 0.040245 0.019675 -0.002592
v 0.040195 0.019683 -0.002622
v 0.040141 0.019689 -0.002643
v 0.040084 0.019692 -0.002657
v 0.040025 0.019812 -0.002627
v 0.040025 0.019929 -0.002588
v 0.040025 0.020044 -0.002544
v 0.040025 0.020157 -0.002495
v 0.040025 0.020268 -0.002440
v 0.040025 0.020376 -0.002381
v 0.040025 0.020482 -0.002317
v 0.040025 0.020584 -0.002248
v 0.040025 0.020683 -0.002175
v 0.040025 0.020779 -0.002097
v 0.040025 0.020871 -0.002015
v 0.040025 0.020960 -0.001929
v 0.040025 0.021045 -0.001839
v 0.040025 0.021125 -0.001746
v 0.040025 0.021201 -0.001648
v 0.040025 0.021273 -0.001548
v 0.040025 0.021340 -0.001444
v 0.040025 0.021403 -0.001338
v 0.040025 0.021460 -0.001229
v 0.040025 0.021513 -0.001117
v 0.040025 0.021560 -0.001003
v 0.040025 0.021603 -0.000888
v 0.040025 0.021640 -0.000770
v 0.040025 0.021672 -0.000651
v 0.040025 0.021698 -0.000530
v 0.040025 0.021719 -0.000409
v 0.040025 0.021735 -0.000286
v 0.040025 0.021745 -0.000163
v 0.040025 0.021750 -0.000040
v 0.040025 0.021749 0.000084
v 0.040025 0.021742 0.000207
v 0.040025 0.021730 0.000330
v 0.040025 0.021713 0.000452
v 0.040025 0.021690 0.000573
v 0.040025 0.021627 0.000812
v 0.040025 0.021588 0.000929
v 0.040025 0.021544 0.001044
v 0.040025 0.021495 0.001157
v 0.040025 0.021440 0.001268
v 0.040025 0.021381 0.001376
v 0.040025 0.021317 0.001482
v 0.040025 0.021248 0.001584
v 0.040025 0.021175 0.001683
v 0.040025 0.021097 0.001779
v 0.040025 0.021015 0.001871
v 0.040025 0.020929 0.001960
v 0.040025 0.020839 0.002045
v 0.040025 0.020746 0.002125
v 0.040025 0.020648 0.002201
v 0.040025 0.020548 0.002273
v 0.040025 0.020444 0.002340
v 0.040025 0.020338 0.002403
v 0.040025 0.020229 0.002460
v 0.040025 0.020117 0.002513
v 0.040025 0.020003 0.002560
v 0.040025 0.019888 0.002603
v 0.040025 0.019770 0.002640
v 0.040025 0.019651 0.002672
v 0.040025 0.019530 0.002698
v 0.040025 0.019409 0.002719
v 0.040025 0.019286 0.002735
v 0.040025 0.019163 0.002745
v 0.040025 0.019040 0.002750
v 0.040025 0.018916 0.002749
v 0.040025 0.018793 0.002742
v 0.040025 0.018670 0.002730
v 0.040025 0.018548 0.002713
v 0.040025 0.018427 0.002690
v 0.033500 0.018622 0.001452
v 0.037400 0.018622 0.001452
v 0.033500 0.019378 -0.001452
v 0.037400 0.019378 -0.001452
v 0.033500 0.018517 0.001420
v 0.033500 0.018415 0.001381
v 0.033500 0.018315 0.001335
v 0.033500 0.018220 0.001281
v 0.033500 0.018128 0.001221
v 0.033500 0.018042 0.001154
v 0.033500 0.017960 0.001081
v 0.033500 0.017884 0.001002
v 0.033500 0.017814 0.000918
v 0.033500 0.017750 0.000829
v 0.033500 0.017693 0.000735
v 0.033500 0.017642 0.000638
v 0.033500 0.017599 0.000537
v 0.033500 0.017564 0.000433
v 0.033500 0.017536 0.000327
v 0.033500 0.017516 0.000220
v 0.033500 0.017504 0.000111
v 0.033500 0.017500 0.000001
v 0.033500 0.017504 -0.000108
v 0.033500 0.017516 -0.000217
v 0.033500 0.017536 -0.000325
v 0.033500 0.017563 -0.000431
v 0.033500 0.017599 -0.000535
v 0.033500 0.017641 -0.000635
v 0.033500 0.017691 -0.000733
v 0.033500 0.017748 -0.000827
v 0.033500 0.017812 -0.000916
v 0.033500 0.017882 -0.001000
v 0.033500 0.017958 -0.001079
v 0.033500 0.018039 -0.001152
v 0.033500 0.018126 -0.001219
v 0.033500 0.018217 -0.001280
v 0.033500 0.018313 -0.001333
v 0.033500 0.018412 -0.001380
v 0.033500 0.018514 -0.001419
v 0.033500 0.018619 -0.001451
v 0.033500 0.018726 -0.001475
v 0.033500 0.018835 -0.001491
v 0.033500 0.018944 -0.001499
v 0.033500 0.019053 -0.001499
v 0.033500 0.019163 -0.001491
v 0.033500 0.019271 -0.001475
v 0.035450 0.019378 -0.001452
v 0.037400 0.019207 -0.001486
v 0.037400 0.019033 -0.001500
v 0.037400 0.018859 -0.001493
v 0.037400 0.018686 -0.001467
v 0.037400 0.018518 -0.001421
v 0.037400 0.018357 -0.001355
v 0.037400 0.018204 -0.001271
v 0.037400 0.018061 -0.001170
v 0.037400 0.017932 -0.001053
v 0.037400 0.017817 -0.000922
v 0.037400 0.017718 -0.000779
v 0.037400 0.017636 -0.000624
v 0.037400 0.017573 -0.000462
v 0.037400 0.017529 -0.000293
v 0.037400 0.017505 -0.000120
v 0.037400 0.017501 0.000054
v 0.037400 0.017517 0.000228
v 0.037400 0.017554 0.000398
v 0.037400 0.017610 0.000564
v 0.037400 0.017685 0.000721
v 0.037400 0.017777 0.000869
v 0.037400 0.017886 0.001005
v 0.037400 0.018011 0.001127
v 0.037400 0.018148 0.001235
v 0.037400 0.018297 0.001325
v 0.037400 0.018456 0.001398
v 0.035450 0.018622 0.001452
v 0.033400 0.018647 0.001355
v 0.033500 0.018622 0.001452
v 0.033400 0.018156 0.001117
v 0.033400 0.017792 0.000708
v 0.033400 0.017613 0.000192
v 0.033400 0.017645 -0.000353
v 0.033400 0.018292 -0.001208
v 0.033400 0.019353 -0.001355
v 0.033500 0.019378 -0.001452
v 0.033500 0.019271 -0.001475
v 0.033500 0.019163 -0.001491
v 0.033500 0.019053 -0.001499
v 0.033500 0.018944 -0.001499
v 0.033500 0.018835 -0.001491
v 0.033500 0.018726 -0.001475
v 0.033500 0.018619 -0.001451
v 0.033500 0.018514 -0.001419
v 0.033500 0.018412 -0.001380
v 0.033500 0.018313 -0.001333
v 0.033500 0.018217 -0.001280
v 0.033500 0.018126 -0.001219
v 0.033500 0.018039 -0.001152
v 0.033500 0.017958 -0.001079
v 0.033500 0.017882 -0.001000
v 0.033500 0.017812 -0.000916
v 0.033500 0.017748 -0.000827
v 0.033500 0.017691 -0.000733
v 0.033500 0.017641 -0.000635
v 0.033500 0.017599 -0.000535
v 0.033500 0.017563 -0.000431
v 0.033500 0.017536 -0.000325
v 0.033500 0.017516 -0.000217
v 0.033500 0.017504 -0.000108
v 0.033500 0.017500 0.000001
v 0.033500 0.017504 0.000111
v 0.033500 0.017516 0.000220
v 0.033500 0.017536 0.000327
v 0.033500 0.017564 0.000433
v 0.033500 0.017599 0.000537
v 0.033500 0.017642 0.000638
v 0.033500 0.017693 0.000735
v 0.033500 0.017750 0.000829
v 0.033500 0.017814 0.000918
v 0.033500 0.017884 0.001002
v 0.033500 0.017960 0.001081
v 0.033500 0.018042 0.001154
v 0.033500 0.018128 0.001221
v 0.033500 0.018220 0.001281
v 0.033500 0.018315 0.001335
v 0.033500 0.018415 0.001381
v 0.033500 0.018517 0.001420
v 0.033400 0.018542 0.001323
v 0.033400 0.018440 0.001283
v 0.033400 0.018341 0.001235
v 0.033400 0.018246 0.001179
v 0.033400 0.018071 0.001047
v 0.033400 0.017991 0.000971
v 0.033400 0.017918 0.000889
v 0.033400 0.017852 0.000801
v 0.033400 0.017741 0.000612
v 0.033400 0.017697 0.000511
v 0.033400 0.017660 0.000407
v 0.033400 0.017633 0.000301
v 0.033400 0.017602 0.000083
v 0.033400 0.017600 -0.000027
v 0.033400 0.017607 -0.000137
v 0.033400 0.017622 -0.000245
v 0.033400 0.017677 -0.000458
v 0.033400 0.017717 -0.000560
v 0.033400 0.017765 -0.000659
v 0.033400 0.017821 -0.000754
v 0.033400 0.017883 -0.000844
v 0.033400 0.017953 -0.000929
v 0.033400 0.018029 -0.001009
v 0.033400 0.018111 -0.001082
v 0.033400 0.018199 -0.001148
v 0.033400 0.018388 -0.001259
v 0.033400 0.018489 -0.001303
v 0.033400 0.018593 -0.001340
v 0.033400 0.018699 -0.001367
v 0.033400 0.018808 -0.001387
v 0.033400 0.018917 -0.001398
v 0.033400 0.019027 -0.001400
v 0.033400 0.019137 -0.001393
v 0.033400 0.019246 -0.001378
v 0.033450 0.019365 -0.001403
v 0.033450 0.018635 0.001403
v 0.033450 0.018499 0.001361
v 0.033450 0.018243 0.001237
v 0.033450 0.018016 0.001065
v 0.033450 0.018125 0.001157
v 0.033450 0.017917 0.000964
v 0.033450 0.017827 0.000853
v 0.033450 0.017749 0.000734
v 0.033450 0.017683 0.000608
v 0.033450 0.017630 0.000476
v 0.033450 0.017564 0.000199
v 0.033450 0.017590 0.000339
v 0.033450 0.017551 0.000058
v 0.033450 0.017552 -0.000085
v 0.033450 0.017568 -0.000226
v 0.033450 0.017597 -0.000365
v 0.033450 0.017639 -0.000501
v 0.033450 0.017695 -0.000632
v 0.033450 0.017844 -0.000875
v 0.033450 0.017763 -0.000757
v 0.033450 0.018036 -0.001083
v 0.033450 0.017935 -0.000984
v 0.033450 0.018147 -0.001173
v 0.033450 0.018266 -0.001251
v 0.033450 0.018392 -0.001317
v 0.033450 0.018524 -0.001370
v 0.033450 0.018661 -0.001410
v 0.033450 0.018942 -0.001449
v 0.033450 0.018801 -0.001436
v 0.033450 0.019226 -0.001432
v 0.033450 0.019085 -0.001448
v 0.037400 0.018307 0.002661
v 0.040025 0.018307 0.002661
v 0.037400 0.016628 0.001392
v 0.040025 0.016339 -0.000693
v 0.037400 0.017608 -0.002372
v 0.037400 0.019693 -0.002661
v 0.040025 0.019693 -0.002661
v 0.037400 0.018078 0.002591
v 0.037400 0.017855 0.002500
v 0.037400 0.017642 0.002391
v 0.037400 0.017438 0.002264
v 0.037400 0.017247 0.002119
v 0.037400 0.017069 0.001958
v 0.037400 0.016906 0.001782
v 0.037400 0.016758 0.001593
v 0.037400 0.016516 0.001180
v 0.037400 0.016422 0.000959
v 0.037400 0.016349 0.000730
v 0.037400 0.016295 0.000496
v 0.037400 0.016262 0.000259
v 0.037400 0.016250 0.000019
v 0.037400 0.016259 -0.000221
v 0.037400 0.016289 -0.000459
v 0.037400 0.016339 -0.000693
v 0.037400 0.016409 -0.000922
v 0.037400 0.016500 -0.001145
v 0.037400 0.016609 -0.001358
v 0.037400 0.016736 -0.001562
v 0.037400 0.016881 -0.001753
v 0.037400 0.017042 -0.001931
v 0.037400 0.017218 -0.002094
v 0.037400 0.017407 -0.002242
v 0.037400 0.017820 -0.002484
v 0.037400 0.018041 -0.002578
v 0.037400 0.018270 -0.002651
v 0.037400 0.018504 -0.002705
v 0.037400 0.018741 -0.002738
v 0.037400 0.018981 -0.002750
v 0.037400 0.019221 -0.002741
v 0.037400 0.019459 -0.002711
v 0.038713 0.019693 -0.002661
v 0.040025 0.019573 -0.002690
v 0.040025 0.019452 -0.002713
v 0.040025 0.019330 -0.002730
v 0.040025 0.019207 -0.002742
v 0.040025 0.019084 -0.002749
v 0.040025 0.018960 -0.002750
v 0.040025 0.018837 -0.002745
v 0.040025 0.018714 -0.002735
v 0.040025 0.018591 -0.002719
v 0.040025 0.018470 -0.002698
v 0.040025 0.018349 -0.002672
v 0.040025 0.018230 -0.002640
v 0.040025 0.018112 -0.002603
v 0.040025 0.017997 -0.002560
v 0.040025 0.017883 -0.002513
v 0.040025 0.017771 -0.002460
v 0.040025 0.017662 -0.002403
v 0.040025 0.017556 -0.002340
v 0.040025 0.017452 -0.002273
v 0.040025 0.017352 -0.002201
v 0.040025 0.017254 -0.002125
v 0.040025 0.017161 -0.002045
v 0.040025 0.017071 -0.001960
v 0.040025 0.016985 -0.001871
v 0.040025 0.016903 -0.001779
v 0.040025 0.016825 -0.001683
v 0.040025 0.016752 -0.001584
v 0.040025 0.016683 -0.001482
v 0.040025 0.016619 -0.001376
v 0.040025 0.016560 -0.001268
v 0.040025 0.016505 -0.001157
v 0.040025 0.016456 -0.001044
v 0.040025 0.016412 -0.000929
v 0.040025 0.016373 -0.000812
v 0.040025 0.016310 -0.000573
v 0.040025 0.016287 -0.000452
v 0.040025 0.016270 -0.000330
v 0.040025 0.016258 -0.000207
v 0.040025 0.016251 -0.000084
v 0.040025 0.016250 0.000040
v 0.040025 0.016255 0.000163
v 0.040025 0.016265 0.000286
v 0.040025 0.016281 0.000409
v 0.040025 0.016302 0.000530
v 0.040025 0.016328 0.000651
v 0.040025 0.016360 0.000770
v 0.040025 0.016397 0.000888
v 0.040025 0.016440 0.001003
v 0.040025 0.016487 0.001117
v 0.040025 0.016540 0.001229
v 0.040025 0.016597 0.001338
v 0.040025 0.016660 0.001444
v 0.040025 0.016727 0.001548
v 0.040025 0.016799 0.001648
v 0.040025 0.016875 0.001746
v 0.040025 0.016955 0.001839
v 0.040025 0.017040 0.001929
v 0.040025 0.017129 0.002015
v 0.040025 0.017221 0.002097
v 0.040025 0.017317 0.002175
v 0.040025 0.017416 0.002248
v 0.040025 0.017518 0.002317
v 0.040025 0.017624 0.002381
v 0.040025 0.017732 0.002440
v 0.040025 0.017843 0.002495
v 0.040025 0.017956 0.002544
v 0.040025 0.018071 0.002588
v 0.040025 0.018188 0.002627
v 0.038713 0.018307 0.002661
v 0.038378 0.019000 0.000000
v 0.038378 0.019000 0.000000
v 0.038739 0.019216 -0.000586
v 0.038378 0.019000 0.000000
v 0.038739 0.019273 -0.000562
v 0.038378 0.019000 0.000000
v 0.038739 0.019326 -0.000533
v 0.038378 0.019000 0.000000
v 0.038739 0.019377 -0.000498
v 0.038378 0.019000 0.000000
v 0.038739 0.019424 -0.000459
v 0.038378 0.019000 0.000000
v 0.038739 0.019467 -0.000415
v 0.038378 0.019000 0.000000
v 0.038739 0.019505 -0.000368
v 0.038378 0.019000 0.000000
v 0.038739 0.019539 -0.000316
v 0.038378 0.019000 0.000000
v 0.038739 0.019567 -0.000262
v 0.038378 0.019000 0.000000
v 0.038739 0.019590 -0.000205
v 0.038378 0.019000 0.000000
v 0.038739 0.019608 -0.000146
v 0.038378 0.019000 0.000000
v 0.038739 0.019619 -0.000086
v 0.038378 0.019000 0.000000
v 0.038739 0.019625 -0.000025
v 0.038378 0.019000 0.000000
v 0.038739 0.019624 0.000037
v 0.038378 0.019000 0.000000
v 0.038739 0.019617 0.000097
v 0.038378 0.019000 0.000000
v 0.038739 0.019605 0.000158
v 0.038378 0.019000 0.000000
v 0.038739 0.019586 0.000216
v 0.038378 0.019000 0.000000
v 0.038739 0.019562 0.000273
v 0.038378 0.019000 0.000000
v 0.038739 0.019533 0.000326
v 0.038378 0.019000 0.000000
v 0.038739 0.019499 0.000377
v 0.038378 0.019000 0.000000
v 0.038739 0.019459 0.000424
v 0.038378 0.019000 0.000000
v 0.038739 0.019415 0.000467
v 0.038378 0.019000 0.000000
v 0.038739 0.019368 0.000505
v 0.038378 0.019000 0.000000
v 0.038739 0.019316 0.000539
v 0.038378 0.019000 0.000000
v 0.038739 0.019262 0.000567
v 0.038378 0.019000 0.000000
v 0.038739 0.019205 0.000590
v 0.038378 0.019000 0.000000
v 0.038739 0.019146 0.000608
v 0.038378 0.019000 0.000000
v 0.038739 0.019086 0.000619
v 0.038378 0.019000 0.000000
v 0.038739 0.019025 0.000625
v 0.038378 0.019000 0.000000
v 0.038739 0.018963 0.000624
v 0.038378 0.019000 0.000000
v 0.038739 0.018902 0.000617
v 0.038378 0.019000 0.000000
v 0.038619 0.018895 0.000403
v 0.038859 0.018790 0.000806
v 0.039100 0.019315 -0.001210
v 0.038859 0.019210 -0.000806
v 0.038619 0.019105 -0.000403
v 0.039100 0.019878 -0.000890
v 0.039100 0.019780 -0.000977
v 0.039100 0.019673 -0.001053
v 0.039100 0.019560 -0.001118
v 0.039100 0.019440 -0.001170
v 0.039100 0.020210 0.000315
v 0.039100 0.020238 0.000173
v 0.039100 0.020250 0.000028
v 0.039100 0.020244 -0.000118
v 0.039100 0.020222 -0.000261
v 0.039100 0.020184 -0.000401
v 0.039100 0.020129 -0.000536
v 0.039100 0.020059 -0.000664
v 0.039100 0.019975 -0.000782
v 0.039100 0.019332 0.001205
v 0.039100 0.019470 0.001158
v 0.039100 0.019601 0.001096
v 0.039100 0.019724 0.001019
v 0.039100 0.019838 0.000928
v 0.039100 0.019940 0.000824
v 0.039100 0.020029 0.000710
v 0.039100 0.020104 0.000586
v 0.039100 0.020165 0.000453
v 0.039100 0.018685 0.001210
v 0.039100 0.018813 0.001236
v 0.039100 0.018943 0.001249
v 0.039100 0.019074 0.001248
v 0.039100 0.019204 0.001233
v 0.033500 0.019378 -0.001452
v 0.037400 0.019378 -0.001452
v 0.033500 0.018622 0.001452
v 0.037400 0.018622 0.001452
v 0.035450 0.019378 -0.001452
v 0.035450 0.018622 0.001452
v 0.033500 0.019483 -0.001420
v 0.033500 0.019585 -0.001381
v 0.033500 0.019685 -0.001335
v 0.033500 0.019780 -0.001281
v 0.033500 0.019872 -0.001221
v 0.033500 0.019958 -0.001154
v 0.033500 0.020040 -0.001081
v 0.033500 0.020116 -0.001002
v 0.033500 0.020186 -0.000918
v 0.033500 0.020250 -0.000829
v 0.033500 0.020307 -0.000735
v 0.033500 0.020358 -0.000638
v 0.033500 0.020401 -0.000537
v 0.033500 0.020436 -0.000433
v 0.033500 0.020464 -0.000327
v 0.033500 0.020484 -0.000220
v 0.033500 0.020496 -0.000111
v 0.033500 0.020500 -0.000001
v 0.033500 0.020496 0.000108
v 0.033500 0.020484 0.000217
v 0.033500 0.020464 0.000325
v 0.033500 0.020437 0.000431
v 0.033500 0.020402 0.000535
v 0.033500 0.020359 0.000635
v 0.033500 0.020309 0.000733
v 0.033500 0.020252 0.000827
v 0.033500 0.020188 0.000916
v 0.033500 0.020118 0.001000
v 0.033500 0.020042 0.001079
v 0.033500 0.019961 0.001152
v 0.033500 0.019874 0.001219
v 0.033500 0.019783 0.001280
v 0.033500 0.019687 0.001333
v 0.033500 0.019588 0.001380
v 0.033500 0.019486 0.001419
v 0.033500 0.019381 0.001451
v 0.033500 0.019274 0.001475
v 0.033500 0.019165 0.001491
v 0.033500 0.019056 0.001499
v 0.033500 0.018947 0.001499
v 0.033500 0.018837 0.001491
v 0.033500 0.018729 0.001475
v 0.037400 0.018793 0.001486
v 0.037400 0.018967 0.001500
v 0.037400 0.019141 0.001493
v 0.037400 0.019314 0.001467
v 0.037400 0.019482 0.001421
v 0.037400 0.019643 0.001355
v 0.037400 0.019796 0.001271
v 0.037400 0.019939 0.001170
v 0.037400 0.020068 0.001053
v 0.037400 0.020183 0.000922
v 0.037400 0.020282 0.000779
v 0.037400 0.020364 0.000624
v 0.037400 0.020427 0.000462
v 0.037400 0.020471 0.000293
v 0.037400 0.020495 0.000120
v 0.037400 0.020499 -0.000054
v 0.037400 0.020483 -0.000228
v 0.037400 0.020446 -0.000398
v 0.037400 0.020390 -0.000564
v 0.037400 0.020315 -0.000721
v 0.037400 0.020223 -0.000869
v 0.037400 0.020114 -0.001005
v 0.037400 0.019989 -0.001127
v 0.037400 0.019852 -0.001235
v 0.037400 0.019703 -0.001325
v 0.037400 0.019544 -0.001398
v 0.037400 0.018622 0.001452
v 0.037400 0.018456 0.001398
v 0.037400 0.018297 0.001325
v 0.037400 0.018148 0.001235
v 0.037400 0.018011 0.001127
v 0.037400 0.017886 0.001005
v 0.037400 0.017777 0.000869
v 0.037400 0.017685 0.000721
v 0.037400 0.017610 0.000564
v 0.037400 0.017554 0.000398
v 0.037400 0.017517 0.000228
v 0.037400 0.017501 0.000054
v 0.037400 0.017505 -0.000120
v 0.037400 0.017529 -0.000293
v 0.037400 0.017573 -0.000462
v 0.037400 0.017636 -0.000624
v 0.037400 0.017718 -0.000779
v 0.037400 0.017817 -0.000922
v 0.037400 0.017932 -0.001053
v 0.037400 0.018061 -0.001170
v 0.037400 0.018204 -0.001271
v 0.037400 0.018357 -0.001355
v 0.037400 0.018518 -0.001421
v 0.037400 0.018686 -0.001467
v 0.037400 0.018859 -0.001493
v 0.037400 0.019033 -0.001500
v 0.037400 0.019207 -0.001486
v 0.037400 0.019378 -0.001452
v 0.037400 0.019693 -0.002661
v 0.037400 0.019459 -0.002711
v 0.037400 0.019221 -0.002741
v 0.037400 0.018981 -0.002750
v 0.037400 0.018741 -0.002738
v 0.037400 0.018504 -0.002705
v 0.037400 0.018270 -0.002651
v 0.037400 0.018041 -0.002578
v 0.037400 0.017820 -0.002484
v 0.037400 0.017608 -0.002372
v 0.037400 0.017407 -0.002242
v 0.037400 0.017218 -0.002094
v 0.037400 0.017042 -0.001931
v 0.037400 0.016881 -0.001753
v 0.037400 0.016736 -0.001562
v 0.037400 0.016609 -0.001358
v 0.037400 0.016500 -0.001145
v 0.037400 0.016409 -0.000922
v 0.037400 0.016339 -0.000693
v 0.037400 0.016289 -0.000459
v 0.037400 0.016259 -0.000221
v 0.037400 0.016250 0.000019
v 0.037400 0.016262 0.000259
v 0.037400 0.016295 0.000496
v 0.037400 0.016349 0.000730
v 0.037400 0.016422 0.000959
v 0.037400 0.016516 0.001180
v 0.037400 0.016628 0.001392
v 0.037400 0.016758 0.001593
v 0.037400 0.016906 0.001782
v 0.037400 0.017069 0.001958
v 0.037400 0.017247 0.002119
v 0.037400 0.017438 0.002264
v 0.037400 0.017642 0.002391
v 0.037400 0.017855 0.002500
v 0.037400 0.018078 0.002591
v 0.037400 0.018307 0.002661
v 0.037400 0.019544 -0.001398
v 0.037400 0.019703 -0.001325
v 0.037400 0.019852 -0.001235
v 0.037400 0.019989 -0.001127
v 0.037400 0.020114 -0.001005
v 0.037400 0.020223 -0.000869
v 0.037400 0.020315 -0.000721
v 0.037400 0.020390 -0.000564
v 0.037400 0.020446 -0.000398
v 0.037400 0.020483 -0.000228
v 0.037400 0.020499 -0.000054
v 0.037400 0.020495 0.000120
v 0.037400 0.020471 0.000293
v 0.037400 0.020427 0.000462
v 0.037400 0.020364 0.000624
v 0.037400 0.020282 0.000779
v 0.037400 0.020183 0.000922
v 0.037400 0.020068 0.001053
v 0.037400 0.019939 0.001170
v 0.037400 0.019796 0.001271
v 0.037400 0.019643 0.001355
v 0.037400 0.019482 0.001421
v 0.037400 0.019314 0.001467
v 0.037400 0.019141 0.001493
v 0.037400 0.018967 0.001500
v 0.037400 0.018793 0.001486
v 0.037400 0.018541 0.002711
v 0.037400 0.018779 0.002741
v 0.037400 0.019019 0.002750
v 0.037400 0.019259 0.002738
v 0.037400 0.019496 0.002705
v 0.037400 0.019730 0.002651
v 0.037400 0.019959 0.002578
v 0.037400 0.020180 0.002484
v 0.037400 0.020392 0.002372
v 0.037400 0.020593 0.002242
v 0.037400 0.020782 0.002094
v 0.037400 0.020958 0.001931
v 0.037400 0.021119 0.001753
v 0.037400 0.021264 0.001562
v 0.037400 0.021391 0.001358
v 0.037400 0.021500 0.001145
v 0.037400 0.021591 0.000922
v 0.037400 0.021661 0.000693
v 0.037400 0.021711 0.000459
v 0.037400 0.021741 0.000221
v 0.037400 0.021750 -0.000019
v 0.037400 0.021738 -0.000259
v 0.037400 0.021705 -0.000496
v 0.037400 0.021651 -0.000730
v 0.037400 0.021578 -0.000959
v 0.037400 0.021484 -0.001180
v 0.037400 0.021372 -0.001392
v 0.037400 0.021242 -0.001593
v 0.037400 0.021094 -0.001782
v 0.037400 0.020931 -0.001958
v 0.037400 0.020753 -0.002119
v 0.037400 0.020562 -0.002264
v 0.037400 0.020358 -0.002391
v 0.037400 0.020145 -0.002500
v 0.037400 0.019922 -0.002591
v 0.033400 0.019353 -0.001355
v 0.033500 0.019378 -0.001452
v 0.033400 0.019844 -0.001117
v 0.033400 0.020208 -0.000708
v 0.033400 0.020387 -0.000192
v 0.033400 0.020355 0.000353
v 0.033400 0.019708 0.001208
v 0.033400 0.018647 0.001355
v 0.033500 0.018622 0.001452
v 0.033450 0.019365 -0.001403
v 0.033450 0.018635 0.001403
v 0.033500 0.018729 0.001475
v 0.033500 0.018837 0.001491
v 0.033500 0.018947 0.001499
v 0.033500 0.019056 0.001499
v 0.033500 0.019165 0.001491
v 0.033500 0.019274 0.001475
v 0.033500 0.019381 0.001451
v 0.033500 0.019486 0.001419
v 0.033500 0.019588 0.001380
v 0.033500 0.019687 0.001333
v 0.033500 0.019783 0.001280
v 0.033500 0.019874 0.001219
v 0.033500 0.019961 0.001152
v 0.033500 0.020042 0.001079
v 0.033500 0.020118 0.001000
v 0.033500 0.020188 0.000916
v 0.033500 0.020252 0.000827
v 0.033500 0.020309 0.000733
v 0.033500 0.020359 0.000635
v 0.033500 0.020402 0.000535
v 0.033500 0.020437 0.000431
v 0.033500 0.020464 0.000325
v 0.033500 0.020484 0.000217
v 0.033500 0.020496 0.000108
v 0.033500 0.020500 -0.000001
v 0.033500 0.020496 -0.000111
v 0.033500 0.020484 -0.000220
v 0.033500 0.020464 -0.000327
v 0.033500 0.020436 -0.000433
v 0.033500 0.020401 -0.000537
v 0.033500 0.020358 -0.000638
v 0.033500 0.020307 -0.000735
v 0.033500 0.020250 -0.000829
v 0.033500 0.020186 -0.000918
v 0.033500 0.020116 -0.001002
v 0.033500 0.020040 -0.001081
v 0.033500 0.019958 -0.001154
v 0.033500 0.019872 -0.001221
v 0.033500 0.019780 -0.001281
v 0.033500 0.019685 -0.001335
v 0.033500 0.019585 -0.001381
v 0.033500 0.019483 -0.001420
v 0.033400 0.019458 -0.001323
v 0.033400 0.019560 -0.001283
v 0.033400 0.019659 -0.001235
v 0.033400 0.019754 -0.001179
v 0.033400 0.019929 -0.001047
v 0.033400 0.020009 -0.000971
v 0.033400 0.020082 -0.000889
v 0.033400 0.020148 -0.000801
v 0.033400 0.020259 -0.000612
v 0.033400 0.020303 -0.000511
v 0.033400 0.020340 -0.000407
v 0.033400 0.020367 -0.000301
v 0.033400 0.020398 -0.000083
v 0.033400 0.020400 0.000027
v 0.033400 0.020393 0.000137
v 0.033400 0.020378 0.000245
v 0.033400 0.020323 0.000458
v 0.033400 0.020283 0.000560
v 0.033400 0.020235 0.000659
v 0.033400 0.020179 0.000754
v 0.033400 0.020117 0.000844
v 0.033400 0.020047 0.000929
v 0.033400 0.019971 0.001009
v 0.033400 0.019889 0.001082
v 0.033400 0.019801 0.001148
v 0.033400 0.019612 0.001259
v 0.033400 0.019511 0.001303
v 0.033400 0.019407 0.001340
v 0.033400 0.019301 0.001367
v 0.033400 0.019192 0.001387
v 0.033400 0.019083 0.001398
v 0.033400 0.018973 0.001400
v 0.033400 0.018863 0.001393
v 0.033400 0.018755 0.001378
v 0.033450 0.019501 -0.001361
v 0.033450 0.019757 -0.001237
v 0.033450 0.019984 -0.001065
v 0.033450 0.019875 -0.001157
v 0.033450 0.020083 -0.000964
v 0.033450 0.020173 -0.000853
v 0.033450 0.020251 -0.000734
v 0.033450 0.020317 -0.000608
v 0.033450 0.020370 -0.000476
v 0.033450 0.020436 -0.000199
v 0.033450 0.020410 -0.000339
v 0.033450 0.020449 -0.000058
v 0.033450 0.020448 0.000085
v 0.033450 0.020432 0.000226
v 0.033450 0.020403 0.000365
v 0.033450 0.020361 0.000501
v 0.033450 0.020305 0.000632
v 0.033450 0.020157 0.000875
v 0.033450 0.020237 0.000757
v 0.033450 0.019964 0.001083
v 0.033450 0.020065 0.000984
v 0.033450 0.019853 0.001173
v 0.033450 0.019734 0.001251
v 0.033450 0.019608 0.001317
v 0.033450 0.019476 0.001370
v 0.033450 0.019339 0.001410
v 0.033450 0.019058 0.001449
v 0.033450 0.019199 0.001436
v 0.033450 0.018774 0.001432
v 0.033450 0.018915 0.001448
v 0.037400 0.019693 -0.002661
v 0.040025 0.019693 -0.002661
v 0.037400 0.021661 0.000693
v 0.040025 0.021661 0.000693
v 0.037400 0.020392 0.002372
v 0.037400 0.018307 0.002661
v 0.040025 0.018307 0.002661
v 0.040025 0.018427 0.002690
v 0.040025 0.018548 0.002713
v 0.040025 0.018670 0.002730
v 0.040025 0.018793 0.002742
v 0.040025 0.018916 0.002749
v 0.040025 0.019040 0.002750
v 0.040025 0.019163 0.002745
v 0.040025 0.019286 0.002735
v 0.040025 0.019409 0.002719
v 0.040025 0.019530 0.002698
v 0.040025 0.019651 0.002672
v 0.040025 0.019770 0.002640
v 0.040025 0.019888 0.002603
v 0.040025 0.020003 0.002560
v 0.040025 0.020117 0.002513
v 0.040025 0.020229 0.002460
v 0.040025 0.020338 0.002403
v 0.040025 0.020444 0.002340
v 0.040025 0.020548 0.002273
v 0.040025 0.020648 0.002201
v 0.040025 0.020746 0.002125
v 0.040025 0.020839 0.002045
v 0.040025 0.020929 0.001960
v 0.040025 0.021015 0.001871
v 0.040025 0.021097 0.001779
v 0.040025 0.021175 0.001683
v 0.040025 0.021248 0.001584
v 0.040025 0.021317 0.001482
v 0.040025 0.021381 0.001376
v 0.040025 0.021440 0.001268
v 0.040025 0.021495 0.001157
v 0.040025 0.021544 0.001044
v 0.040025 0.021588 0.000929
v 0.040025 0.021627 0.000812
v 0.040025 0.021690 0.000573
v 0.040025 0.021713 0.000452
v 0.040025 0.021730 0.000330
v 0.040025 0.021742 0.000207
v 0.040025 0.021749 0.000084
v 0.040025 0.021750 -0.000040
v 0.040025 0.021745 -0.000163
v 0.040025 0.021735 -0.000286
v 0.040025 0.021719 -0.000409
v 0.040025 0.021698 -0.000530
v 0.040025 0.021672 -0.000651
v 0.040025 0.021640 -0.000770
v 0.040025 0.021603 -0.000888
v 0.040025 0.021560 -0.001003
v 0.040025 0.021513 -0.001117
v 0.040025 0.021460 -0.001229
v 0.040025 0.021403 -0.001338
v 0.040025 0.021340 -0.001444
v 0.040025 0.021273 -0.001548
v 0.040025 0.021201 -0.001648
v 0.040025 0.021125 -0.001746
v 0.040025 0.021045 -0.001839
v 0.040025 0.020960 -0.001929
v 0.040025 0.020871 -0.002015
v 0.040025 0.020779 -0.002097
v 0.040025 0.020683 -0.002175
v 0.040025 0.020584 -0.002248
v 0.040025 0.020482 -0.002317
v 0.040025 0.020376 -0.002381
v 0.040025 0.020268 -0.002440
v 0.040025 0.020157 -0.002495
v 0.040025 0.020044 -0.002544
v 0.040025 0.019929 -0.002588
v 0.040025 0.019812 -0.002627
v 0.038713 0.019693 -0.002661
v 0.038713 0.018307 0.002661
v 0.037400 0.019922 -0.002591
v 0.037400 0.020145 -0.002500
v 0.037400 0.020358 -0.002391
v 0.037400 0.020562 -0.002264
v 0.037400 0.020753 -0.002119
v 0.037400 0.020931 -0.001958
v 0.037400 0.021094 -0.001782
v 0.037400 0.021242 -0.001593
v 0.037400 0.021372 -0.001392
v 0.037400 0.021484 -0.001180
v 0.037400 0.021578 -0.000959
v 0.037400 0.021651 -0.000730
v 0.037400 0.021705 -0.000496
v 0.037400 0.021738 -0.000259
v 0.037400 0.021750 -0.000019
v 0.037400 0.021741 0.000221
v 0.037400 0.021711 0.000459
v 0.037400 0.021591 0.000922
v 0.037400 0.021500 0.001145
v 0.037400 0.021391 0.001358
v 0.037400 0.021264 0.001562
v 0.037400 0.021119 0.001753
v 0.037400 0.020958 0.001931
v 0.037400 0.020782 0.002094
v 0.037400 0.020593 0.002242
v 0.037400 0.020180 0.002484
v 0.037400 0.019959 0.002578
v 0.037400 0.019730 0.002651
v 0.037400 0.019496 0.002705
v 0.037400 0.019259 0.002738
v 0.037400 0.019019 0.002750
v 0.037400 0.018779 0.002741
v 0.037400 0.018541 0.002711
v 0.033400 0.019353 -0.001355
v 0.033400 0.019246 -0.001378
v 0.033400 0.019137 -0.001393
v 0.033400 0.019027 -0.001400
v 0.033400 0.018917 -0.001398
v 0.033400 0.018808 -0.001387
v 0.033400 0.018699 -0.001367
v 0.033400 0.018593 -0.001340
v 0.033400 0.018489 -0.001303
v 0.033400 0.018388 -0.001259
v 0.033400 0.018292 -0.001208
v 0.033400 0.018199 -0.001148
v 0.033400 0.018111 -0.001082
v 0.033400 0.018029 -0.001009
v 0.033400 0.017953 -0.000929
v 0.033400 0.017883 -0.000844
v 0.033400 0.017821 -0.000754
v 0.033400 0.017765 -0.000659
v 0.033400 0.017717 -0.000560
v 0.033400 0.017677 -0.000458
v 0.033400 0.017645 -0.000353
v 0.033400 0.017622 -0.000245
v 0.033400 0.017607 -0.000137
v 0.033400 0.017600 -0.000027
v 0.033400 0.017602 0.000083
v 0.033400 0.017613 0.000192
v 0.033400 0.017633 0.000301
v 0.033400 0.017660 0.000407
v 0.033400 0.017697 0.000511
v 0.033400 0.017741 0.000612
v 0.033400 0.017792 0.000708
v 0.033400 0.017852 0.000801
v 0.033400 0.017918 0.000889
v 0.033400 0.017991 0.000971
v 0.033400 0.018071 0.001047
v 0.033400 0.018156 0.001117
v 0.033400 0.018246 0.001179
v 0.033400 0.018341 0.001235
v 0.033400 0.018440 0.001283
v 0.033400 0.018542 0.001323
v 0.033400 0.018647 0.001355
v 0.033400 0.018755 0.001378
v 0.033400 0.018863 0.001393
v 0.033400 0.018973 0.001400
v 0.033400 0.019083 0.001398
v 0.033400 0.019192 0.001387
v 0.033400 0.019301 0.001367
v 0.033400 0.019407 0.001340
v 0.033400 0.019511 0.001303
v 0.033400 0.019612 0.001259
v 0.033400 0.019708 0.001208
v 0.033400 0.019801 0.001148
v 0.033400 0.019889 0.001082
v 0.033400 0.019971 0.001009
v 0.033400 0.020047 0.000929
v 0.033400 0.020117 0.000844
v 0.033400 0.020179 0.000754
v 0.033400 0.020235 0.000659
v 0.033400 0.020283 0.000560
v 0.033400 0.020323 0.000458
v 0.033400 0.020355 0.000353
v 0.033400 0.020378 0.000245
v 0.033400 0.020393 0.000137
v 0.033400 0.020400 0.000027
v 0.033400 0.020398 -0.000083
v 0.033400 0.020387 -0.000192
v 0.033400 0.020367 -0.000301
v 0.033400 0.020340 -0.000407
v 0.033400 0.020303 -0.000511
v 0.033400 0.020259 -0.000612
v 0.033400 0.020208 -0.000708
v 0.033400 0.020148 -0.000801
v 0.033400 0.020082 -0.000889
v 0.033400 0.020009 -0.000971
v 0.033400 0.019929 -0.001047
v 0.033400 0.019844 -0.001117
v 0.033400 0.019754 -0.001179
v 0.033400 0.019659 -0.001235
v 0.033400 0.019560 -0.001283
v 0.033400 0.019458 -0.001323
v 0.040025 0.019693 -0.002661
v 0.040025 0.018307 0.002661
v 0.040093 0.019519 -0.002694
v 0.040093 0.019333 -0.002723
v 0.040093 0.019133 -0.002740
v 0.040093 0.018920 -0.002743
v 0.040093 0.018695 -0.002727
v 0.040093 0.018458 -0.002690
v 0.040093 0.018336 -0.002662
v 0.040093 0.018212 -0.002628
v 0.040093 0.018087 -0.002587
v 0.040093 0.017960 -0.002539
v 0.040093 0.017833 -0.002483
v 0.040093 0.017706 -0.002419
v 0.040093 0.017579 -0.002347
v 0.040093 0.017454 -0.002267
v 0.040093 0.017331 -0.002178
v 0.040093 0.017211 -0.002080
v 0.040093 0.017095 -0.001974
v 0.040093 0.016983 -0.001860
v 0.040093 0.016876 -0.001737
v 0.040093 0.016776 -0.001606
v 0.040093 0.016682 -0.001469
v 0.040093 0.016597 -0.001324
v 0.040093 0.016520 -0.001173
v 0.040093 0.016452 -0.001017
v 0.040093 0.016393 -0.000856
v 0.040093 0.016345 -0.000692
v 0.040093 0.016307 -0.000524
v 0.040093 0.016279 -0.000356
v 0.040093 0.016263 -0.000186
v 0.040093 0.016256 -0.000017
v 0.040093 0.016260 0.000151
v 0.040093 0.016275 0.000317
v 0.040093 0.016299 0.000480
v 0.040093 0.016332 0.000639
v 0.040093 0.016374 0.000794
v 0.040093 0.016424 0.000943
v 0.040093 0.016481 0.001087
v 0.040093 0.016545 0.001225
v 0.040093 0.016615 0.001356
v 0.040093 0.016690 0.001481
v 0.040093 0.016770 0.001598
v 0.040093 0.016854 0.001709
v 0.040093 0.016941 0.001813
v 0.040093 0.017030 0.001910
v 0.040093 0.017122 0.002000
v 0.040093 0.017215 0.002084
v 0.040093 0.017403 0.002231
v 0.040093 0.017593 0.002355
v 0.040093 0.017780 0.002457
v 0.040093 0.017962 0.002540
v 0.040093 0.018139 0.002605
v 0.040163 0.019515 -0.002674
v 0.040163 0.019331 -0.002704
v 0.040163 0.019132 -0.002720
v 0.040163 0.018921 -0.002723
v 0.040163 0.018697 -0.002707
v 0.040163 0.018462 -0.002670
v 0.040163 0.018341 -0.002643
v 0.040163 0.018218 -0.002609
v 0.040163 0.018093 -0.002568
v 0.040163 0.017968 -0.002520
v 0.040163 0.017842 -0.002465
v 0.040163 0.017715 -0.002402
v 0.040163 0.017590 -0.002330
v 0.040163 0.017466 -0.002250
v 0.040163 0.017343 -0.002162
v 0.040163 0.017224 -0.002065
v 0.040163 0.017109 -0.001960
v 0.040163 0.016997 -0.001846
v 0.040163 0.016892 -0.001724
v 0.040163 0.016792 -0.001595
v 0.040163 0.016699 -0.001458
v 0.040163 0.016614 -0.001314
v 0.040163 0.016538 -0.001164
v 0.040163 0.016470 -0.001009
v 0.040163 0.016412 -0.000850
v 0.040163 0.016364 -0.000687
v 0.040163 0.016327 -0.000521
v 0.040163 0.016299 -0.000353
v 0.040163 0.016283 -0.000185
v 0.040163 0.016276 -0.000017
v 0.040163 0.016280 0.000150
v 0.040163 0.016295 0.000315
v 0.040163 0.016318 0.000477
v 0.040163 0.016351 0.000635
v 0.040163 0.016393 0.000788
v 0.040163 0.016442 0.000936
v 0.040163 0.016499 0.001079
v 0.040163 0.016563 0.001216
v 0.040163 0.016632 0.001346
v 0.040163 0.016707 0.001470
v 0.040163 0.016786 0.001587
v 0.040163 0.016869 0.001697
v 0.040163 0.016956 0.001800
v 0.040163 0.017045 0.001896
v 0.040163 0.017136 0.001985
v 0.040163 0.017228 0.002068
v 0.040163 0.017415 0.002215
v 0.040163 0.017603 0.002338
v 0.040163 0.017788 0.002439
v 0.040163 0.017970 0.002521
v 0.040163 0.018145 0.002586
v 0.040230 0.019509 -0.002640
v 0.040230 0.019326 -0.002669
v 0.040230 0.019131 -0.002686
v 0.040230 0.018922 -0.002688
v 0.040230 0.018701 -0.002672
v 0.040230 0.018469 -0.002636
v 0.040230 0.018349 -0.002609
v 0.040230 0.018228 -0.002576
v 0.040230 0.018105 -0.002536
v 0.040230 0.017981 -0.002488
v 0.040230 0.017856 -0.002434
v 0.040230 0.017732 -0.002371
v 0.040230 0.017608 -0.002300
v 0.040230 0.017485 -0.002222
v 0.040230 0.017365 -0.002134
v 0.040230 0.017247 -0.002039
v 0.040230 0.017133 -0.001935
v 0.040230 0.017023 -0.001823
v 0.040230 0.016919 -0.001702
v 0.040230 0.016820 -0.001574
v 0.040230 0.016729 -0.001439
v 0.040230 0.016645 -0.001297
v 0.040230 0.016569 -0.001150
v 0.040230 0.016503 -0.000996
v 0.040230 0.016445 -0.000839
v 0.040230 0.016398 -0.000678
v 0.040230 0.016361 -0.000514
v 0.040230 0.016334 -0.000348
v 0.040230 0.016317 -0.000182
v 0.040230 0.016311 -0.000016
v 0.040230 0.016315 0.000148
v 0.040230 0.016329 0.000311
v 0.040230 0.016353 0.000471
v 0.040230 0.016385 0.000626
v 0.040230 0.016426 0.000778
v 0.040230 0.016475 0.000924
v 0.040230 0.016531 0.001065
v 0.040230 0.016594 0.001200
v 0.040230 0.016663 0.001329
v 0.040230 0.016736 0.001451
v 0.040230 0.016815 0.001566
v 0.040230 0.016897 0.001675
v 0.040230 0.016982 0.001777
v 0.040230 0.017070 0.001872
v 0.040230 0.017159 0.001960
v 0.040230 0.017251 0.002042
v 0.040230 0.017435 0.002187
v 0.040230 0.017621 0.002308
v 0.040230 0.017804 0.002408
v 0.040230 0.017983 0.002489
v 0.040230 0.018156 0.002553
v 0.040290 0.019665 -0.002555
v 0.040290 0.019499 -0.002592
v 0.040290 0.019320 -0.002621
v 0.040290 0.019128 -0.002637
v 0.040290 0.018923 -0.002639
v 0.040290 0.018706 -0.002624
v 0.040290 0.018479 -0.002588
v 0.040290 0.018361 -0.002562
v 0.040290 0.018242 -0.002529
v 0.040290 0.018121 -0.002490
v 0.040290 0.017999 -0.002443
v 0.040290 0.017877 -0.002389
v 0.040290 0.017755 -0.002328
v 0.040290 0.017633 -0.002259
v 0.040290 0.017513 -0.002181
v 0.040290 0.017394 -0.002096
v 0.040290 0.017279 -0.002002
v 0.040290 0.017167 -0.001900
v 0.040290 0.017059 -0.001789
v 0.040290 0.016956 -0.001671
v 0.040290 0.016860 -0.001546
v 0.040290 0.016770 -0.001413
v 0.040290 0.016687 -0.001274
v 0.040290 0.016613 -0.001129
v 0.040290 0.016548 -0.000978
v 0.040290 0.016492 -0.000824
v 0.040290 0.016445 -0.000665
v 0.040290 0.016409 -0.000505
v 0.040290 0.016382 -0.000342
v 0.040290 0.016366 -0.000179
v 0.040290 0.016360 -0.000016
v 0.040290 0.016364 0.000146
v 0.040290 0.016378 0.000305
v 0.040290 0.016401 0.000462
v 0.040290 0.016432 0.000615
v 0.040290 0.016473 0.000764
v 0.040290 0.016521 0.000908
v 0.040290 0.016576 0.001046
v 0.040290 0.016637 0.001179
v 0.040290 0.016705 0.001305
v 0.040290 0.016777 0.001425
v 0.040290 0.016854 0.001538
v 0.040290 0.016935 0.001645
v 0.040290 0.017018 0.001745
v 0.040290 0.017105 0.001838
v 0.040290 0.017193 0.001925
v 0.040290 0.017282 0.002005
v 0.040290 0.017464 0.002147
v 0.040290 0.017646 0.002266
v 0.040290 0.017826 0.002365
v 0.040290 0.018001 0.002444
v 0.040290 0.018171 0.002507
v 0.040339 0.019488 -0.002534
v 0.040339 0.019313 -0.002561
v 0.040339 0.019125 -0.002577
v 0.040339 0.018925 -0.002579
v 0.040339 0.018713 -0.002564
v 0.040339 0.018490 -0.002529
v 0.040339 0.018376 -0.002504
v 0.040339 0.018259 -0.002472
v 0.040339 0.018141 -0.002433
v 0.040339 0.018022 -0.002388
v 0.040339 0.017903 -0.002335
v 0.040339 0.017783 -0.002275
v 0.040339 0.017664 -0.002207
v 0.040339 0.017546 -0.002132
v 0.040339 0.017431 -0.002048
v 0.040339 0.017318 -0.001956
v 0.040339 0.017208 -0.001857
v 0.040339 0.017103 -0.001749
v 0.040339 0.017003 -0.001633
v 0.040339 0.016908 -0.001511
v 0.040339 0.016821 -0.001381
v 0.040339 0.016740 -0.001245
v 0.040339 0.016668 -0.001103
v 0.040339 0.016604 -0.000956
v 0.040339 0.016549 -0.000805
v 0.040339 0.016503 -0.000650
v 0.040339 0.016467 -0.000493
v 0.040339 0.016442 -0.000334
v 0.040339 0.016426 -0.000175
v 0.040339 0.016420 -0.000016
v 0.040339 0.016424 0.000142
v 0.040339 0.016437 0.000298
v 0.040339 0.016460 0.000452
v 0.040339 0.016491 0.000601
v 0.040339 0.016530 0.000747
v 0.040339 0.016577 0.000887
v 0.040339 0.016631 0.001022
v 0.040339 0.016691 0.001152
v 0.040339 0.016757 0.001275
v 0.040339 0.016828 0.001392
v 0.040339 0.016903 0.001503
v 0.040339 0.016982 0.001607
v 0.040339 0.017063 0.001705
v 0.040339 0.017148 0.001796
v 0.040339 0.017234 0.001881
v 0.040339 0.017321 0.001959
v 0.040339 0.017499 0.002098
v 0.040339 0.017677 0.002215
v 0.040339 0.017852 0.002311
v 0.040339 0.018024 0.002388
v 0.040339 0.018190 0.002450
v 0.040374 0.019475 -0.002468
v 0.040374 0.019305 -0.002494
v 0.040374 0.019122 -0.002510
v 0.040374 0.018927 -0.002512
v 0.040374 0.018721 -0.002497
v 0.040374 0.018504 -0.002464
v 0.040374 0.018392 -0.002438
v 0.040374 0.018278 -0.002407
v 0.040374 0.018164 -0.002370
v 0.040374 0.018048 -0.002326
v 0.040374 0.017931 -0.002274
v 0.040374 0.017815 -0.002216
v 0.040374 0.017699 -0.002150
v 0.040374 0.017584 -0.002076
v 0.040374 0.017472 -0.001995
v 0.040374 0.017362 -0.001905
v 0.040374 0.017255 -0.001808
v 0.040374 0.017152 -0.001703
v 0.040374 0.017055 -0.001591
v 0.040374 0.016963 -0.001471
v 0.040374 0.016877 -0.001345
v 0.040374 0.016799 -0.001213
v 0.040374 0.016728 -0.001074
v 0.040374 0.016666 -0.000931
v 0.040374 0.016612 -0.000784
v 0.040374 0.016568 -0.000633
v 0.040374 0.016533 -0.000480
v 0.040374 0.016508 -0.000326
v 0.040374 0.016493 -0.000170
v 0.040374 0.016487 -0.000015
v 0.040374 0.016491 0.000139
v 0.040374 0.016504 0.000291
v 0.040374 0.016526 0.000440
v 0.040374 0.016556 0.000586
v 0.040374 0.016594 0.000727
v 0.040374 0.016640 0.000864
v 0.040374 0.016693 0.000996
v 0.040374 0.016751 0.001122
v 0.040374 0.016815 0.001242
v 0.040374 0.016884 0.001356
v 0.040374 0.016957 0.001464
v 0.040374 0.017034 0.001565
v 0.040374 0.017114 0.001661
v 0.040374 0.017196 0.001749
v 0.040374 0.017280 0.001832
v 0.040374 0.017365 0.001908
v 0.040374 0.017538 0.002044
v 0.040374 0.017711 0.002157
v 0.040374 0.017882 0.002251
v 0.040374 0.018049 0.002326
v 0.040374 0.018211 0.002386
v 0.040394 0.019462 -0.002399
v 0.040394 0.019297 -0.002425
v 0.040394 0.019119 -0.002440
v 0.040394 0.018929 -0.002442
v 0.040394 0.018728 -0.002428
v 0.040394 0.018517 -0.002395
v 0.040394 0.018409 -0.002371
v 0.040394 0.018299 -0.002340
v 0.040394 0.018187 -0.002304
v 0.040394 0.018074 -0.002261
v 0.040394 0.017961 -0.002211
v 0.040394 0.017848 -0.002154
v 0.040394 0.017735 -0.002090
v 0.040394 0.017624 -0.002019
v 0.040394 0.017514 -0.001939
v 0.040394 0.017407 -0.001853
v 0.040394 0.017303 -0.001758
v 0.040394 0.017204 -0.001656
v 0.040394 0.017109 -0.001547
v 0.040394 0.017019 -0.001431
v 0.040394 0.016936 -0.001308
v 0.040394 0.016860 -0.001179
v 0.040394 0.016791 -0.001045
v 0.040394 0.016731 -0.000905
v 0.040394 0.016679 -0.000762
v 0.040394 0.016636 -0.000616
v 0.040394 0.016602 -0.000467
v 0.040394 0.016577 -0.000317
v 0.040394 0.016562 -0.000166
v 0.040394 0.016557 -0.000015
v 0.040394 0.016560 0.000135
v 0.040394 0.016573 0.000283
v 0.040394 0.016594 0.000428
v 0.040394 0.016624 0.000569
v 0.040394 0.016661 0.000707
v 0.040394 0.016706 0.000840
v 0.040394 0.016757 0.000968
v 0.040394 0.016814 0.001091
v 0.040394 0.016876 0.001208
v 0.040394 0.016943 0.001318
v 0.040394 0.017014 0.001423
v 0.040394 0.017089 0.001522
v 0.040394 0.017166 0.001614
v 0.040394 0.017246 0.001701
v 0.040394 0.017328 0.001781
v 0.040394 0.017410 0.001855
v 0.040394 0.017578 0.001987
v 0.040394 0.017747 0.002097
v 0.040394 0.017913 0.002188
v 0.040394 0.018076 0.002262
v 0.040394 0.018233 0.002320
v 0.040400 0.019599 -0.002298
v 0.040400 0.019449 -0.002332
v 0.040400 0.019288 -0.002357
v 0.040400 0.019115 -0.002372
v 0.040400 0.018931 -0.002374
v 0.040400 0.018736 -0.002360
v 0.040400 0.018531 -0.002328
v 0.040400 0.018425 -0.002304
v 0.040400 0.018318 -0.002275
v 0.040400 0.018209 -0.002240
v 0.040400 0.018100 -0.002198
v 0.040400 0.017990 -0.002149
v 0.040400 0.017880 -0.002094
v 0.040400 0.017770 -0.002032
v 0.040400 0.017662 -0.001962
v 0.040400 0.017556 -0.001885
v 0.040400 0.017452 -0.001801
v 0.040400 0.017351 -0.001709
v 0.040400 0.017254 -0.001610
v 0.040400 0.017162 -0.001504
v 0.040400 0.017075 -0.001391
v 0.040400 0.016994 -0.001271
v 0.040400 0.016920 -0.001146
v 0.040400 0.016853 -0.001015
v 0.040400 0.016794 -0.000880
v 0.040400 0.016744 -0.000741
v 0.040400 0.016702 -0.000599
v 0.040400 0.016669 -0.000454
v 0.040400 0.016645 -0.000308
v 0.040400 0.016630 -0.000161
v 0.040400 0.016625 -0.000014
v 0.040400 0.016629 0.000131
v 0.040400 0.016641 0.000275
v 0.040400 0.016662 0.000416
v 0.040400 0.016690 0.000553
v 0.040400 0.016727 0.000687
v 0.040400 0.016770 0.000817
v 0.040400 0.016819 0.000941
v 0.040400 0.016875 0.001060
v 0.040400 0.016935 0.001174
v 0.040400 0.017001 0.001282
v 0.040400 0.017070 0.001384
v 0.040400 0.017142 0.001479
v 0.040400 0.017217 0.001569
v 0.040400 0.017295 0.001653
v 0.040400 0.017374 0.001731
v 0.040400 0.017455 0.001804
v 0.040400 0.017618 0.001932
v 0.040400 0.017782 0.002039
v 0.040400 0.017944 0.002127
v 0.040400 0.018102 0.002199
v 0.040400 0.018254 0.002255
v 0.040400 0.018401 0.002298
v 0.040395 0.018387 0.002355
v 0.040382 0.018372 0.002410
v 0.040359 0.018358 0.002463
v 0.040328 0.018346 0.002512
v 0.040290 0.018335 0.002555
v 0.040245 0.018325 0.002592
v 0.040195 0.018317 0.002622
v 0.040141 0.018311 0.002643
v 0.040084 0.018308 0.002657
v 0.040084 0.019692 -0.002657
v 0.040141 0.019689 -0.002643
v 0.040195 0.019683 -0.002622
v 0.040245 0.019675 -0.002592
v 0.040328 0.019654 -0.002512
v 0.040359 0.019642 -0.002463
v 0.040382 0.019628 -0.002410
v 0.040395 0.019613 -0.002355
v 0.040025 0.018188 0.002627
v 0.040025 0.018071 0.002588
v 0.040025 0.017956 0.002544
v 0.040025 0.017843 0.002495
v 0.040025 0.017732 0.002440
v 0.040025 0.017624 0.002381
v 0.040025 0.017518 0.002317
v 0.040025 0.017416 0.002248
v 0.040025 0.017317 0.002175
v 0.040025 0.017221 0.002097
v 0.040025 0.017129 0.002015
v 0.040025 0.017040 0.001929
v 0.040025 0.016955 0.001839
v 0.040025 0.016875 0.001746
v 0.040025 0.016799 0.001648
v 0.040025 0.016727 0.001548
v 0.040025 0.016660 0.001444
v 0.040025 0.016597 0.001338
v 0.040025 0.016540 0.001229
v 0.040025 0.016487 0.001117
v 0.040025 0.016440 0.001003
v 0.040025 0.016397 0.000888
v 0.040025 0.016360 0.000770
v 0.040025 0.016328 0.000651
v 0.040025 0.016302 0.000530
v 0.040025 0.016281 0.000409
v 0.040025 0.016265 0.000286
v 0.040025 0.016255 0.000163
v 0.040025 0.016250 0.000040
v 0.040025 0.016251 -0.000084
v 0.040025 0.016258 -0.000207
v 0.040025 0.016270 -0.000330
v 0.040025 0.016287 -0.000452
v 0.040025 0.016310 -0.000573
v 0.040025 0.016339 -0.000693
v 0.040025 0.016373 -0.000812
v 0.040025 0.016412 -0.000929
v 0.040025 0.016456 -0.001044
v 0.040025 0.016505 -0.001157
v 0.040025 0.016560 -0.001268
v 0.040025 0.016619 -0.001376
v 0.040025 0.016683 -0.001482
v 0.040025 0.016752 -0.001584
v 0.040025 0.016825 -0.001683
v 0.040025 0.016903 -0.001779
v 0.040025 0.016985 -0.001871
v 0.040025 0.017071 -0.001960
v 0.040025 0.017161 -0.002045
v 0.040025 0.017254 -0.002125
v 0.040025 0.017352 -0.002201
v 0.040025 0.017452 -0.002273
v 0.040025 0.017556 -0.002340
v 0.040025 0.017662 -0.002403
v 0.040025 0.017771 -0.002460
v 0.040025 0.017883 -0.002513
v 0.040025 0.017997 -0.002560
v 0.040025 0.018112 -0.002603
v 0.040025 0.018230 -0.002640
v 0.040025 0.018349 -0.002672
v 0.040025 0.018470 -0.002698
v 0.040025 0.018591 -0.002719
v 0.040025 0.018714 -0.002735
v 0.040025 0.018837 -0.002745
v 0.040025 0.018960 -0.002750
v 0.040025 0.019084 -0.002749
v 0.040025 0.019207 -0.002742
v 0.040025 0.019330 -0.002730
v 0.040025 0.019452 -0.002713
v 0.040025 0.019573 -0.002690
v 0.040400 0.018401 0.002298
v 0.040400 0.018551 0.002332
v 0.040400 0.018712 0.002357
v 0.040400 0.018885 0.002372
v 0.040400 0.019069 0.002374
v 0.040400 0.019264 0.002360
v 0.040400 0.019469 0.002328
v 0.040400 0.019575 0.002304
v 0.040400 0.019682 0.002275
v 0.040400 0.019791 0.002240
v 0.040400 0.019900 0.002198
v 0.040400 0.020010 0.002149
v 0.040400 0.020120 0.002094
v 0.040400 0.020230 0.002032
v 0.040400 0.020338 0.001962
v 0.040400 0.020444 0.001885
v 0.040400 0.020549 0.001801
v 0.040400 0.020649 0.001709
v 0.040400 0.020746 0.001610
v 0.040400 0.020838 0.001504
v 0.040400 0.020925 0.001391
v 0.040400 0.021006 0.001271
v 0.040400 0.021080 0.001146
v 0.040400 0.021147 0.001015
v 0.040400 0.021206 0.000880
v 0.040400 0.021256 0.000741
v 0.040400 0.021298 0.000599
v 0.040400 0.021331 0.000454
v 0.040400 0.021355 0.000308
v 0.040400 0.021370 0.000161
v 0.040400 0.021375 0.000014
v 0.040400 0.021371 -0.000131
v 0.040400 0.021359 -0.000275
v 0.040400 0.021338 -0.000416
v 0.040400 0.021310 -0.000553
v 0.040400 0.021273 -0.000687
v 0.040400 0.021230 -0.000817
v 0.040400 0.021181 -0.000941
v 0.040400 0.021125 -0.001060
v 0.040400 0.021065 -0.001174
v 0.040400 0.021000 -0.001282
v 0.040400 0.020930 -0.001384
v 0.040400 0.020858 -0.001479
v 0.040400 0.020783 -0.001569
v 0.040400 0.020705 -0.001653
v 0.040400 0.020626 -0.001731
v 0.040400 0.020545 -0.001804
v 0.040400 0.020382 -0.001932
v 0.040400 0.020218 -0.002039
v 0.040400 0.020056 -0.002127
v 0.040400 0.019898 -0.002199
v 0.040400 0.019746 -0.002255
v 0.040400 0.019599 -0.002298
v 0.040400 0.019449 -0.002332
v 0.040400 0.019288 -0.002357
v 0.040400 0.019115 -0.002372
v 0.040400 0.018931 -0.002374
v 0.040400 0.018736 -0.002360
v 0.040400 0.018531 -0.002328
v 0.040400 0.018425 -0.002304
v 0.040400 0.018318 -0.002275
v 0.040400 0.018209 -0.002240
v 0.040400 0.018100 -0.002198
v 0.040400 0.017990 -0.002149
v 0.040400 0.017880 -0.002094
v 0.040400 0.017770 -0.002032
v 0.040400 0.017662 -0.001962
v 0.040400 0.017556 -0.001885
v 0.040400 0.017452 -0.001801
v 0.040400 0.017351 -0.001709
v 0.040400 0.017254 -0.001610
v 0.040400 0.017162 -0.001504
v 0.040400 0.017075 -0.001391
v 0.040400 0.016994 -0.001271
v 0.040400 0.016920 -0.001146
v 0.040400 0.016853 -0.001015
v 0.040400 0.016794 -0.000880
v 0.040400 0.016744 -0.000741
v 0.040400 0.016702 -0.000599
v 0.040400 0.016669 -0.000454
v 0.040400 0.016645 -0.000308
v 0.040400 0.016630 -0.000161
v 0.040400 0.016625 -0.000014
v 0.040400 0.016629 0.000131
v 0.040400 0.016641 0.000275
v 0.040400 0.016662 0.000416
v 0.040400 0.016690 0.000553
v 0.040400 0.016727 0.000687
v 0.040400 0.016770 0.000817
v 0.040400 0.016819 0.000941
v 0.040400 0.016875 0.001060
v 0.040400 0.016935 0.001174
v 0.040400 0.017001 0.001282
v 0.040400 0.017070 0.001384
v 0.040400 0.017142 0.001479
v 0.040400 0.017217 0.001569
v 0.040400 0.017295 0.001653
v 0.040400 0.017374 0.001731
v 0.040400 0.017455 0.001804
v 0.040400 0.017618 0.001932
v 0.040400 0.017782 0.002039
v 0.040400 0.017944 0.002127
v 0.040400 0.018102 0.002199
v 0.040400 0.018254 0.002255
v 0.040400 0.017608 0.000383
v 0.040400 0.017972 -0.001013
v 0.040400 0.020392 -0.000383
v 0.040400 0.020028 0.001013
v 0.040400 0.019364 -0.001397
v 0.040400 0.018636 0.001397
v 0.039100 0.019364 -0.001397
v 0.040400 0.020392 -0.000383
v 0.039100 0.019878 -0.000890
v 0.040400 0.019364 -0.001397
v 0.039100 0.020392 -0.000383
v 0.040400 0.017972 -0.001013
v 0.039100 0.017972 -0.001013
v 0.039100 0.019364 -0.001397
v 0.040400 0.019364 -0.001397
v 0.039100 0.018668 -0.001205
v 0.039100 0.017608 0.000383
v 0.040400 0.017972 -0.001013
v 0.040400 0.017608 0.000383
v 0.039100 0.017790 -0.000315
v 0.039100 0.017972 -0.001013
v 0.040400 0.018636 0.001397
v 0.040400 0.017608 0.000383
v 0.039100 0.018122 0.000890
v 0.039100 0.018636 0.001397
v 0.039100 0.017608 0.000383
v 0.039100 0.020028 0.001013
v 0.039100 0.018636 0.001397
v 0.040400 0.018636 0.001397
v 0.039100 0.019332 0.001205
v 0.040400 0.020028 0.001013
v 0.039100 0.020392 -0.000383
v 0.040400 0.020028 0.001013
v 0.040400 0.020392 -0.000383
v 0.039100 0.020210 0.000315
v 0.039100 0.020028 0.001013
v 0.039100 0.018668 -0.001205
v 0.039100 0.019315 -0.001210
v 0.039100 0.019440 -0.001170
v 0.039100 0.019560 -0.001118
v 0.039100 0.019673 -0.001053
v 0.039100 0.019780 -0.000977
v 0.039100 0.019878 -0.000890
v 0.039100 0.019364 -0.001397
v 0.039100 0.018796 -0.001233
v 0.039100 0.018926 -0.001248
v 0.039100 0.019057 -0.001249
v 0.039100 0.019187 -0.001236
v 0.039100 0.019878 -0.000890
v 0.039100 0.019975 -0.000782
v 0.039100 0.020059 -0.000664
v 0.039100 0.020129 -0.000536
v 0.039100 0.020184 -0.000401
v 0.039100 0.020222 -0.000261
v 0.039100 0.020244 -0.000118
v 0.039100 0.020250 0.000028
v 0.039100 0.020238 0.000173
v 0.039100 0.020392 -0.000383
v 0.039100 0.020210 0.000315
v 0.039100 0.018668 -0.001205
v 0.039100 0.017972 -0.001013
v 0.039100 0.017790 -0.000315
v 0.039100 0.017835 -0.000453
v 0.039100 0.017896 -0.000586
v 0.039100 0.017971 -0.000710
v 0.039100 0.018060 -0.000824
v 0.039100 0.018163 -0.000928
v 0.039100 0.018276 -0.001019
v 0.039100 0.018399 -0.001096
v 0.039100 0.018530 -0.001158
v 0.039100 0.018122 0.000890
v 0.039100 0.017790 -0.000315
v 0.039100 0.017608 0.000383
v 0.039100 0.018025 0.000782
v 0.039100 0.017941 0.000664
v 0.039100 0.017871 0.000536
v 0.039100 0.017816 0.000401
v 0.039100 0.017778 0.000261
v 0.039100 0.017756 0.000118
v 0.039100 0.017750 -0.000028
v 0.039100 0.017762 -0.000173
v 0.039100 0.019332 0.001205
v 0.039100 0.019204 0.001233
v 0.039100 0.019074 0.001248
v 0.039100 0.018943 0.001249
v 0.039100 0.018813 0.001236
v 0.039100 0.018685 0.001210
v 0.039100 0.018122 0.000890
v 0.039100 0.018636 0.001397
v 0.039100 0.018560 0.001170
v 0.039100 0.018440 0.001118
v 0.039100 0.018327 0.001053
v 0.039100 0.018220 0.000977
v 0.039100 0.019332 0.001205
v 0.039100 0.020210 0.000315
v 0.039100 0.020165 0.000453
v 0.039100 0.020104 0.000586
v 0.039100 0.020029 0.000710
v 0.039100 0.019940 0.000824
v 0.039100 0.019838 0.000928
v 0.039100 0.019724 0.001019
v 0.039100 0.019601 0.001096
v 0.039100 0.019470 0.001158
v 0.039100 0.020028 0.001013
v 0.038378 0.019000 0.000000
v 0.038378 0.019000 0.000000
v 0.038739 0.018784 0.000586
v 0.038378 0.019000 0.000000
v 0.038739 0.018728 0.000562
v 0.038378 0.019000 0.000000
v 0.038739 0.018674 0.000533
v 0.038378 0.019000 0.000000
v 0.038739 0.018623 0.000498
v 0.038378 0.019000 0.000000
v 0.038739 0.018576 0.000459
v 0.038378 0.019000 0.000000
v 0.038739 0.018533 0.000415
v 0.038378 0.019000 0.000000
v 0.038739 0.018495 0.000368
v 0.038378 0.019000 0.000000
v 0.038739 0.018461 0.000316
v 0.038378 0.019000 0.000000
v 0.038739 0.018433 0.000262
v 0.038378 0.019000 0.000000
v 0.038739 0.018410 0.000205
v 0.038378 0.019000 0.000000
v 0.038739 0.018392 0.000146
v 0.038378 0.019000 0.000000
v 0.038739 0.018381 0.000086
v 0.038378 0.019000 0.000000
v 0.038739 0.018375 0.000025
v 0.038378 0.019000 0.000000
v 0.038739 0.018376 -0.000037
v 0.038378 0.019000 0.000000
v 0.038739 0.018383 -0.000097
v 0.038378 0.019000 0.000000
v 0.038739 0.018395 -0.000158
v 0.038378 0.019000 0.000000
v 0.038739 0.018414 -0.000216
v 0.038378 0.019000 0.000000
v 0.038739 0.018438 -0.000273
v 0.038378 0.019000 0.000000
v 0.038739 0.018467 -0.000326
v 0.038378 0.019000 0.000000
v 0.038739 0.018501 -0.000377
v 0.038378 0.019000 0.000000
v 0.038739 0.018541 -0.000424
v 0.038378 0.019000 0.000000
v 0.038739 0.018585 -0.000467
v 0.038378 0.019000 0.000000
v 0.038739 0.018632 -0.000505
v 0.038378 0.019000 0.000000
v 0.038739 0.018684 -0.000539
v 0.038378 0.019000 0.000000
v 0.038739 0.018738 -0.000567
v 0.038378 0.019000 0.000000
v 0.038739 0.018795 -0.000590
v 0.038378 0.019000 0.000000
v 0.038739 0.018854 -0.000608
v 0.038378 0.019000 0.000000
v 0.038739 0.018914 -0.000619
v 0.038378 0.019000 0.000000
v 0.038739 0.018975 -0.000625
v 0.038378 0.019000 0.000000
v 0.038739 0.019037 -0.000624
v 0.038378 0.019000 0.000000
v 0.038739 0.019097 -0.000617
v 0.038378 0.019000 0.000000
v 0.039100 0.018685 0.001210
v 0.038859 0.018790 0.000806
v 0.038619 0.018895 0.000403
v 0.038619 0.019105 -0.000403
v 0.038859 0.019210 -0.000806
v 0.039100 0.018122 0.000890
v 0.039100 0.018220 0.000977
v 0.039100 0.018327 0.001053
v 0.039100 0.018440 0.001118
v 0.039100 0.018560 0.001170
v 0.039100 0.017790 -0.000315
v 0.039100 0.017762 -0.000173
v 0.039100 0.017750 -0.000028
v 0.039100 0.017756 0.000118
v 0.039100 0.017778 0.000261
v 0.039100 0.017816 0.000401
v 0.039100 0.017871 0.000536
v 0.039100 0.017941 0.000664
v 0.039100 0.018025 0.000782
v 0.039100 0.018668 -0.001205
v 0.039100 0.018530 -0.001158
v 0.039100 0.018399 -0.001096
v 0.039100 0.018276 -0.001019
v 0.039100 0.018163 -0.000928
v 0.039100 0.018060 -0.000824
v 0.039100 0.017971 -0.000710
v 0.039100 0.017896 -0.000586
v 0.039100 0.017835 -0.000453
v 0.039100 0.019315 -0.001210
v 0.039100 0.019187 -0.001236
v 0.039100 0.019057 -0.001249
v 0.039100 0.018926 -0.001248
v 0.039100 0.018796 -0.001233
v 0.040025 -0.019693 0.002661
v 0.040025 -0.016339 0.000693
v 0.040025 -0.018307 -0.002661
v 0.040093 -0.019519 0.002694
v 0.040093 -0.019333 0.002723
v 0.040093 -0.019133 0.002740
v 0.040093 -0.018920 0.002743
v 0.040093 -0.018695 0.002727
v 0.040093 -0.018458 0.002690
v 0.040093 -0.018336 0.002662
v 0.040093 -0.018212 0.002628
v 0.040093 -0.018087 0.002587
v 0.040093 -0.017960 0.002539
v 0.040093 -0.017833 0.002483
v 0.040093 -0.017706 0.002419
v 0.040093 -0.017579 0.002347
v 0.040093 -0.017454 0.002267
v 0.040093 -0.017331 0.002178
v 0.040093 -0.017211 0.002080
v 0.040093 -0.017095 0.001974
v 0.040093 -0.016983 0.001860
v 0.040093 -0.016876 0.001737
v 0.040093 -0.016776 0.001606
v 0.040093 -0.016682 0.001469
v 0.040093 -0.016597 0.001324
v 0.040093 -0.016520 0.001173
v 0.040093 -0.016452 0.001017
v 0.040093 -0.016393 0.000856
v 0.040093 -0.016345 0.000692
v 0.040093 -0.016307 0.000524
v 0.040093 -0.016279 0.000356
v 0.040093 -0.016263 0.000186
v 0.040093 -0.016256 0.000017
v 0.040093 -0.016260 -0.000151
v 0.040093 -0.016275 -0.000317
v 0.040093 -0.016299 -0.000480
v 0.040093 -0.016332 -0.000639
v 0.040093 -0.016374 -0.000794
v 0.040093 -0.016424 -0.000943
v 0.040093 -0.016481 -0.001087
v 0.040093 -0.016545 -0.001225
v 0.040093 -0.016615 -0.001356
v 0.040093 -0.016690 -0.001481
v 0.040093 -0.016770 -0.001598
v 0.040093 -0.016854 -0.001709
v 0.040093 -0.016941 -0.001813
v 0.040093 -0.017030 -0.001910
v 0.040093 -0.017122 -0.002000
v 0.040093 -0.017215 -0.002084
v 0.040093 -0.017404 -0.002231
v 0.040093 -0.017593 -0.002355
v 0.040093 -0.017780 -0.002457
v 0.040093 -0.017962 -0.002540
v 0.040093 -0.018139 -0.002605
v 0.040163 -0.019515 0.002674
v 0.040163 -0.019331 0.002704
v 0.040163 -0.019132 0.002720
v 0.040163 -0.018921 0.002723
v 0.040163 -0.018697 0.002707
v 0.040163 -0.018462 0.002670
v 0.040163 -0.018341 0.002643
v 0.040163 -0.018218 0.002609
v 0.040163 -0.018093 0.002568
v 0.040163 -0.017968 0.002520
v 0.040163 -0.017842 0.002465
v 0.040163 -0.017715 0.002402
v 0.040163 -0.017590 0.002330
v 0.040163 -0.017466 0.002250
v 0.040163 -0.017343 0.002162
v 0.040163 -0.017224 0.002065
v 0.040163 -0.017109 0.001960
v 0.040163 -0.016997 0.001846
v 0.040163 -0.016892 0.001724
v 0.040163 -0.016792 0.001595
v 0.040163 -0.016699 0.001458
v 0.040163 -0.016614 0.001314
v 0.040163 -0.016538 0.001164
v 0.040163 -0.016470 0.001009
v 0.040163 -0.016412 0.000850
v 0.040163 -0.016364 0.000687
v 0.040163 -0.016327 0.000521
v 0.040163 -0.016299 0.000353
v 0.040163 -0.016283 0.000185
v 0.040163 -0.016276 0.000017
v 0.040163 -0.016280 -0.000150
v 0.040163 -0.016295 -0.000315
v 0.040163 -0.016318 -0.000477
v 0.040163 -0.016351 -0.000635
v 0.040163 -0.016393 -0.000788
v 0.040163 -0.016442 -0.000936
v 0.040163 -0.016499 -0.001079
v 0.040163 -0.016563 -0.001216
v 0.040163 -0.016632 -0.001346
v 0.040163 -0.016707 -0.001470
v 0.040163 -0.016786 -0.001587
v 0.040163 -0.016869 -0.001697
v 0.040163 -0.016956 -0.001800
v 0.040163 -0.017045 -0.001896
v 0.040163 -0.017136 -0.001985
v 0.040163 -0.017228 -0.002068
v 0.040163 -0.017415 -0.002215
v 0.040163 -0.017603 -0.002338
v 0.040163 -0.017788 -0.002439
v 0.040163 -0.017970 -0.002521
v 0.040163 -0.018145 -0.002586
v 0.040230 -0.019509 0.002640
v 0.040230 -0.019326 0.002669
v 0.040230 -0.019131 0.002686
v 0.040230 -0.018922 0.002688
v 0.040230 -0.018701 0.002672
v 0.040230 -0.018469 0.002636
v 0.040230 -0.018349 0.002609
v 0.040230 -0.018228 0.002576
v 0.040230 -0.018105 0.002536
v 0.040230 -0.017981 0.002488
v 0.040230 -0.017856 0.002434
v 0.040230 -0.017732 0.002371
v 0.040230 -0.017608 0.002300
v 0.040230 -0.017485 0.002222
v 0.040230 -0.017365 0.002134
v 0.040230 -0.017247 0.002039
v 0.040230 -0.017133 0.001935
v 0.040230 -0.017023 0.001823
v 0.040230 -0.016919 0.001702
v 0.040230 -0.016820 0.001574
v 0.040230 -0.016729 0.001439
v 0.040230 -0.016645 0.001297
v 0.040230 -0.016569 0.001150
v 0.040230 -0.016503 0.000996
v 0.040230 -0.016445 0.000839
v 0.040230 -0.016398 0.000678
v 0.040230 -0.016361 0.000514
v 0.040230 -0.016334 0.000348
v 0.040230 -0.016317 0.000182
v 0.040230 -0.016311 0.000016
v 0.040230 -0.016315 -0.000148
v 0.040230 -0.016329 -0.000311
v 0.040230 -0.016353 -0.000471
v 0.040230 -0.016385 -0.000626
v 0.040230 -0.016426 -0.000778
v 0.040230 -0.016475 -0.000924
v 0.040230 -0.016531 -0.001065
v 0.040230 -0.016594 -0.001200
v 0.040230 -0.016662 -0.001329
v 0.040230 -0.016736 -0.001451
v 0.040230 -0.016815 -0.001566
v 0.040230 -0.016897 -0.001675
v 0.040230 -0.016982 -0.001777
v 0.040230 -0.017070 -0.001872
v 0.040230 -0.017159 -0.001960
v 0.040230 -0.017251 -0.002042
v 0.040230 -0.017435 -0.002187
v 0.040230 -0.017621 -0.002308
v 0.040230 -0.017804 -0.002408
v 0.040230 -0.017983 -0.002489
v 0.040230 -0.018156 -0.002553
v 0.040290 -0.019665 0.002555
v 0.040290 -0.019499 0.002592
v 0.040290 -0.019320 0.002621
v 0.040290 -0.019128 0.002637
v 0.040290 -0.018923 0.002639
v 0.040290 -0.018706 0.002624
v 0.040290 -0.018479 0.002588
v 0.040290 -0.018361 0.002562
v 0.040290 -0.018242 0.002529
v 0.040290 -0.018121 0.002490
v 0.040290 -0.017999 0.002443
v 0.040290 -0.017877 0.002389
v 0.040290 -0.017755 0.002328
v 0.040290 -0.017633 0.002259
v 0.040290 -0.017513 0.002181
v 0.040290 -0.017394 0.002096
v 0.040290 -0.017279 0.002002
v 0.040290 -0.017167 0.001900
v 0.040290 -0.017059 0.001789
v 0.040290 -0.016956 0.001671
v 0.040290 -0.016860 0.001546
v 0.040290 -0.016770 0.001413
v 0.040290 -0.016688 0.001274
v 0.040290 -0.016613 0.001129
v 0.040290 -0.016548 0.000978
v 0.040290 -0.016492 0.000824
v 0.040290 -0.016445 0.000665
v 0.040290 -0.016409 0.000505
v 0.040290 -0.016382 0.000342
v 0.040290 -0.016366 0.000179
v 0.040290 -0.016360 0.000016
v 0.040290 -0.016364 -0.000146
v 0.040290 -0.016378 -0.000305
v 0.040290 -0.016401 -0.000462
v 0.040290 -0.016432 -0.000615
v 0.040290 -0.016473 -0.000764
v 0.040290 -0.016521 -0.000908
v 0.040290 -0.016576 -0.001046
v 0.040290 -0.016637 -0.001179
v 0.040290 -0.016705 -0.001305
v 0.040290 -0.016777 -0.001425
v 0.040290 -0.016854 -0.001538
v 0.040290 -0.016935 -0.001645
v 0.040290 -0.017018 -0.001745
v 0.040290 -0.017105 -0.001838
v 0.040290 -0.017193 -0.001925
v 0.040290 -0.017282 -0.002005
v 0.040290 -0.017464 -0.002147
v 0.040290 -0.017646 -0.002266
v 0.040290 -0.017826 -0.002365
v 0.040290 -0.018001 -0.002444
v 0.040290 -0.018171 -0.002507
v 0.040290 -0.018335 -0.002555
v 0.040339 -0.019488 0.002534
v 0.040339 -0.019313 0.002561
v 0.040339 -0.019125 0.002577
v 0.040339 -0.018925 0.002579
v 0.040339 -0.018713 0.002564
v 0.040339 -0.018490 0.002529
v 0.040339 -0.018376 0.002504
v 0.040339 -0.018259 0.002472
v 0.040339 -0.018141 0.002433
v 0.040339 -0.018022 0.002388
v 0.040339 -0.017903 0.002335
v 0.040339 -0.017783 0.002275
v 0.040339 -0.017664 0.002207
v 0.040339 -0.017546 0.002132
v 0.040339 -0.017431 0.002048
v 0.040339 -0.017318 0.001956
v 0.040339 -0.017208 0.001857
v 0.040339 -0.017103 0.001749
v 0.040339 -0.017003 0.001633
v 0.040339 -0.016908 0.001511
v 0.040339 -0.016820 0.001381
v 0.040339 -0.016740 0.001245
v 0.040339 -0.016667 0.001103
v 0.040339 -0.016604 0.000956
v 0.040339 -0.016549 0.000805
v 0.040339 -0.016503 0.000650
v 0.040339 -0.016467 0.000493
v 0.040339 -0.016442 0.000334
v 0.040339 -0.016426 0.000175
v 0.040339 -0.016420 0.000016
v 0.040339 -0.016424 -0.000142
v 0.040339 -0.016437 -0.000298
v 0.040339 -0.016460 -0.000452
v 0.040339 -0.016491 -0.000601
v 0.040339 -0.016530 -0.000747
v 0.040339 -0.016577 -0.000887
v 0.040339 -0.016631 -0.001022
v 0.040339 -0.016691 -0.001152
v 0.040339 -0.016757 -0.001275
v 0.040339 -0.016828 -0.001392
v 0.040339 -0.016903 -0.001503
v 0.040339 -0.016982 -0.001607
v 0.040339 -0.017063 -0.001705
v 0.040339 -0.017148 -0.001796
v 0.040339 -0.017234 -0.001881
v 0.040339 -0.017321 -0.001959
v 0.040339 -0.017499 -0.002098
v 0.040339 -0.017677 -0.002215
v 0.040339 -0.017852 -0.002311
v 0.040339 -0.018024 -0.002388
v 0.040339 -0.018190 -0.002450
v 0.040374 -0.019475 0.002468
v 0.040374 -0.019305 0.002494
v 0.040374 -0.019122 0.002510
v 0.040374 -0.018927 0.002512
v 0.040374 -0.018721 0.002497
v 0.040374 -0.018504 0.002464
v 0.040374 -0.018392 0.002438
v 0.040374 -0.018278 0.002407
v 0.040374 -0.018164 0.002370
v 0.040374 -0.018048 0.002326
v 0.040374 -0.017931 0.002274
v 0.040374 -0.017815 0.002216
v 0.040374 -0.017699 0.002150
v 0.040374 -0.017584 0.002076
v 0.040374 -0.017472 0.001995
v 0.040374 -0.017361 0.001905
v 0.040374 -0.017255 0.001808
v 0.040374 -0.017152 0.001703
v 0.040374 -0.017055 0.001591
v 0.040374 -0.016963 0.001471
v 0.040374 -0.016877 0.001345
v 0.040374 -0.016799 0.001213
v 0.040374 -0.016728 0.001074
v 0.040374 -0.016666 0.000931
v 0.040374 -0.016612 0.000784
v 0.040374 -0.016568 0.000633
v 0.040374 -0.016533 0.000480
v 0.040374 -0.016508 0.000326
v 0.040374 -0.016493 0.000170
v 0.040374 -0.016487 0.000015
v 0.040374 -0.016491 -0.000139
v 0.040374 -0.016504 -0.000291
v 0.040374 -0.016526 -0.000440
v 0.040374 -0.016556 -0.000586
v 0.040374 -0.016594 -0.000727
v 0.040374 -0.016640 -0.000864
v 0.040374 -0.016693 -0.000996
v 0.040374 -0.016751 -0.001122
v 0.040374 -0.016815 -0.001242
v 0.040374 -0.016884 -0.001356
v 0.040374 -0.016957 -0.001464
v 0.040374 -0.017034 -0.001565
v 0.040374 -0.017114 -0.001661
v 0.040374 -0.017196 -0.001749
v 0.040374 -0.017280 -0.001832
v 0.040374 -0.017365 -0.001908
v 0.040374 -0.017538 -0.002044
v 0.040374 -0.017711 -0.002157
v 0.040374 -0.017882 -0.002251
v 0.040374 -0.018049 -0.002326
v 0.040374 -0.018211 -0.002386
v 0.040394 -0.019462 0.002399
v 0.040394 -0.019297 0.002425
v 0.040394 -0.019119 0.002440
v 0.040394 -0.018929 0.002442
v 0.040394 -0.018728 0.002428
v 0.040394 -0.018517 0.002395
v 0.040394 -0.018409 0.002371
v 0.040394 -0.018299 0.002340
v 0.040394 -0.018187 0.002304
v 0.040394 -0.018074 0.002261
v 0.040394 -0.017961 0.002211
v 0.040394 -0.017848 0.002154
v 0.040394 -0.017735 0.002090
v 0.040394 -0.017624 0.002019
v 0.040394 -0.017514 0.001939
v 0.040394 -0.017407 0.001853
v 0.040394 -0.017303 0.001758
v 0.040394 -0.017204 0.001656
v 0.040394 -0.017109 0.001547
v 0.040394 -0.017019 0.001431
v 0.040394 -0.016936 0.001308
v 0.040394 -0.016860 0.001179
v 0.040394 -0.016791 0.001045
v 0.040394 -0.016731 0.000905
v 0.040394 -0.016679 0.000762
v 0.040394 -0.016636 0.000616
v 0.040394 -0.016602 0.000467
v 0.040394 -0.016577 0.000317
v 0.040394 -0.016562 0.000166
v 0.040394 -0.016557 0.000015
v 0.040394 -0.016560 -0.000135
v 0.040394 -0.016573 -0.000283
v 0.040394 -0.016594 -0.000428
v 0.040394 -0.016624 -0.000569
v 0.040394 -0.016661 -0.000707
v 0.040394 -0.016706 -0.000840
v 0.040394 -0.016757 -0.000968
v 0.040394 -0.016814 -0.001091
v 0.040394 -0.016876 -0.001208
v 0.040394 -0.016943 -0.001318
v 0.040394 -0.017014 -0.001423
v 0.040394 -0.017089 -0.001522
v 0.040394 -0.017166 -0.001614
v 0.040394 -0.017246 -0.001701
v 0.040394 -0.017327 -0.001781
v 0.040394 -0.017410 -0.001855
v 0.040394 -0.017578 -0.001987
v 0.040394 -0.017747 -0.002097
v 0.040394 -0.017913 -0.002188
v 0.040394 -0.018076 -0.002262
v 0.040394 -0.018233 -0.002320
v 0.040400 -0.019599 0.002298
v 0.040400 -0.019449 0.002332
v 0.040400 -0.019288 0.002357
v 0.040400 -0.019115 0.002372
v 0.040400 -0.018931 0.002374
v 0.040400 -0.018736 0.002360
v 0.040400 -0.018531 0.002328
v 0.040400 -0.018425 0.002304
v 0.040400 -0.018318 0.002275
v 0.040400 -0.018209 0.002240
v 0.040400 -0.018100 0.002198
v 0.040400 -0.017990 0.002149
v 0.040400 -0.017880 0.002094
v 0.040400 -0.017770 0.002032
v 0.040400 -0.017662 0.001962
v 0.040400 -0.017556 0.001885
v 0.040400 -0.017451 0.001801
v 0.040400 -0.017351 0.001709
v 0.040400 -0.017254 0.001610
v 0.040400 -0.017162 0.001504
v 0.040400 -0.017075 0.001391
v 0.040400 -0.016994 0.001271
v 0.040400 -0.016920 0.001146
v 0.040400 -0.016853 0.001015
v 0.040400 -0.016794 0.000880
v 0.040400 -0.016744 0.000741
v 0.040400 -0.016702 0.000599
v 0.040400 -0.016669 0.000454
v 0.040400 -0.016645 0.000308
v 0.040400 -0.016630 0.000161
v 0.040400 -0.016625 0.000014
v 0.040400 -0.016629 -0.000131
v 0.040400 -0.016641 -0.000275
v 0.040400 -0.016662 -0.000416
v 0.040400 -0.016690 -0.000553
v 0.040400 -0.016727 -0.000687
v 0.040400 -0.016770 -0.000817
v 0.040400 -0.016819 -0.000941
v 0.040400 -0.016875 -0.001060
v 0.040400 -0.016935 -0.001174
v 0.040400 -0.017000 -0.001282
v 0.040400 -0.017070 -0.001384
v 0.040400 -0.017142 -0.001479
v 0.040400 -0.017217 -0.001569
v 0.040400 -0.017295 -0.001653
v 0.040400 -0.017374 -0.001731
v 0.040400 -0.017455 -0.001804
v 0.040400 -0.017618 -0.001932
v 0.040400 -0.017782 -0.002039
v 0.040400 -0.017944 -0.002127
v 0.040400 -0.018102 -0.002199
v 0.040400 -0.018254 -0.002255
v 0.040400 -0.018401 -0.002298
v 0.040084 -0.019692 0.002657
v 0.040141 -0.019689 0.002643
v 0.040195 -0.019683 0.002622
v 0.040245 -0.019675 0.002592
v 0.040328 -0.019654 0.002512
v 0.040359 -0.019642 0.002463
v 0.040382 -0.019628 0.002410
v 0.040395 -0.019613 0.002355
v 0.040395 -0.018387 -0.002355
v 0.040382 -0.018372 -0.002410
v 0.040359 -0.018358 -0.002463
v 0.040328 -0.018346 -0.002512
v 0.040245 -0.018325 -0.002592
v 0.040195 -0.018317 -0.002622
v 0.040141 -0.018311 -0.002643
v 0.040084 -0.018308 -0.002657
v 0.040025 -0.018188 -0.002627
v 0.040025 -0.018071 -0.002588
v 0.040025 -0.017956 -0.002544
v 0.040025 -0.017843 -0.002495
v 0.040025 -0.017732 -0.002440
v 0.040025 -0.017624 -0.002381
v 0.040025 -0.017518 -0.002317
v 0.040025 -0.017416 -0.002248
v 0.040025 -0.017317 -0.002175
v 0.040025 -0.017221 -0.002097
v 0.040025 -0.017129 -0.002015
v 0.040025 -0.017040 -0.001929
v 0.040025 -0.016955 -0.001839
v 0.040025 -0.016875 -0.001746
v 0.040025 -0.016799 -0.001648
v 0.040025 -0.016727 -0.001548
v 0.040025 -0.016660 -0.001444
v 0.040025 -0.016597 -0.001338
v 0.040025 -0.016540 -0.001229
v 0.040025 -0.016487 -0.001117
v 0.040025 -0.016440 -0.001003
v 0.040025 -0.016397 -0.000888
v 0.040025 -0.016360 -0.000770
v 0.040025 -0.016328 -0.000651
v 0.040025 -0.016302 -0.000530
v 0.040025 -0.016281 -0.000409
v 0.040025 -0.016265 -0.000286
v 0.040025 -0.016255 -0.000163
v 0.040025 -0.016250 -0.000040
v 0.040025 -0.016251 0.000084
v 0.040025 -0.016258 0.000207
v 0.040025 -0.016270 0.000330
v 0.040025 -0.016287 0.000452
v 0.040025 -0.016310 0.000573
v 0.040025 -0.016373 0.000812
v 0.040025 -0.016412 0.000929
v 0.040025 -0.016456 0.001044
v 0.040025 -0.016505 0.001157
v 0.040025 -0.016560 0.001268
v 0.040025 -0.016619 0.001376
v 0.040025 -0.016683 0.001482
v 0.040025 -0.016752 0.001584
v 0.040025 -0.016825 0.001683
v 0.040025 -0.016903 0.001779
v 0.040025 -0.016985 0.001871
v 0.040025 -0.017071 0.001960
v 0.040025 -0.017161 0.002045
v 0.040025 -0.017254 0.002125
v 0.040025 -0.017352 0.002201
v 0.040025 -0.017452 0.002273
v 0.040025 -0.017556 0.002340
v 0.040025 -0.017662 0.002403
v 0.040025 -0.017771 0.002460
v 0.040025 -0.017883 0.002513
v 0.040025 -0.017997 0.002560
v 0.040025 -0.018112 0.002603
v 0.040025 -0.018230 0.002640
v 0.040025 -0.018349 0.002672
v 0.040025 -0.018470 0.002698
v 0.040025 -0.018591 0.002719
v 0.040025 -0.018714 0.002735
v 0.040025 -0.018837 0.002745
v 0.040025 -0.018960 0.002750
v 0.040025 -0.019084 0.002749
v 0.040025 -0.019207 0.002742
v 0.040025 -0.019330 0.002730
v 0.040025 -0.019452 0.002713
v 0.040025 -0.019573 0.002690
v 0.033500 -0.019378 0.001452
v 0.037400 -0.019378 0.001452
v 0.033500 -0.018622 -0.001452
v 0.037400 -0.018622 -0.001452
v 0.033500 -0.019483 0.001420
v 0.033500 -0.019585 0.001381
v 0.033500 -0.019685 0.001335
v 0.033500 -0.019780 0.001281
v 0.033500 -0.019872 0.001221
v 0.033500 -0.019958 0.001154
v 0.033500 -0.020040 0.001081
v 0.033500 -0.020116 0.001002
v 0.033500 -0.020186 0.000918
v 0.033500 -0.020250 0.000829
v 0.033500 -0.020307 0.000735
v 0.033500 -0.020358 0.000638
v 0.033500 -0.020401 0.000537
v 0.033500 -0.020436 0.000433
v 0.033500 -0.020464 0.000327
v 0.033500 -0.020484 0.000220
v 0.033500 -0.020496 0.000111
v 0.033500 -0.020500 0.000001
v 0.033500 -0.020496 -0.000108
v 0.033500 -0.020484 -0.000217
v 0.033500 -0.020464 -0.000325
v 0.033500 -0.020437 -0.000431
v 0.033500 -0.020401 -0.000535
v 0.033500 -0.020359 -0.000635
v 0.033500 -0.020309 -0.000733
v 0.033500 -0.020252 -0.000827
v 0.033500 -0.020188 -0.000916
v 0.033500 -0.020118 -0.001000
v 0.033500 -0.020042 -0.001079
v 0.033500 -0.019961 -0.001152
v 0.033500 -0.019874 -0.001219
v 0.033500 -0.019783 -0.001280
v 0.033500 -0.019687 -0.001333
v 0.033500 -0.019588 -0.001380
v 0.033500 -0.019486 -0.001419
v 0.033500 -0.019381 -0.001451
v 0.033500 -0.019274 -0.001475
v 0.033500 -0.019165 -0.001491
v 0.033500 -0.019056 -0.001499
v 0.033500 -0.018947 -0.001499
v 0.033500 -0.018837 -0.001491
v 0.033500 -0.018729 -0.001475
v 0.035450 -0.018622 -0.001452
v 0.037400 -0.018793 -0.001486
v 0.037400 -0.018967 -0.001500
v 0.037400 -0.019141 -0.001493
v 0.037400 -0.019314 -0.001467
v 0.037400 -0.019482 -0.001421
v 0.037400 -0.019643 -0.001355
v 0.037400 -0.019796 -0.001271
v 0.037400 -0.019939 -0.001170
v 0.037400 -0.020068 -0.001053
v 0.037400 -0.020183 -0.000922
v 0.037400 -0.020282 -0.000779
v 0.037400 -0.020364 -0.000624
v 0.037400 -0.020427 -0.000462
v 0.037400 -0.020471 -0.000293
v 0.037400 -0.020495 -0.000120
v 0.037400 -0.020499 0.000054
v 0.037400 -0.020483 0.000228
v 0.037400 -0.020446 0.000398
v 0.037400 -0.020390 0.000564
v 0.037400 -0.020315 0.000721
v 0.037400 -0.020223 0.000869
v 0.037400 -0.020114 0.001005
v 0.037400 -0.019989 0.001127
v 0.037400 -0.019852 0.001235
v 0.037400 -0.019703 0.001325
v 0.037400 -0.019544 0.001398
v 0.035450 -0.019378 0.001452
v 0.033400 -0.019353 0.001355
v 0.033500 -0.019378 0.001452
v 0.033400 -0.020208 0.000708
v 0.033400 -0.020387 0.000192
v 0.033400 -0.020355 -0.000353
v 0.033400 -0.019708 -0.001208
v 0.033400 -0.018647 -0.001355
v 0.033500 -0.018622 -0.001452
v 0.033500 -0.018729 -0.001475
v 0.033500 -0.018837 -0.001491
v 0.033500 -0.018947 -0.001499
v 0.033500 -0.019056 -0.001499
v 0.033500 -0.019165 -0.001491
v 0.033500 -0.019274 -0.001475
v 0.033500 -0.019381 -0.001451
v 0.033500 -0.019486 -0.001419
v 0.033500 -0.019588 -0.001380
v 0.033500 -0.019687 -0.001333
v 0.033500 -0.019783 -0.001280
v 0.033500 -0.019874 -0.001219
v 0.033500 -0.019961 -0.001152
v 0.033500 -0.020042 -0.001079
v 0.033500 -0.020118 -0.001000
v 0.033500 -0.020188 -0.000916
v 0.033500 -0.020252 -0.000827
v 0.033500 -0.020309 -0.000733
v 0.033500 -0.020359 -0.000635
v 0.033500 -0.020401 -0.000535
v 0.033500 -0.020437 -0.000431
v 0.033500 -0.020464 -0.000325
v 0.033500 -0.020484 -0.000217
v 0.033500 -0.020496 -0.000108
v 0.033500 -0.020500 0.000001
v 0.033500 -0.020496 0.000111
v 0.033500 -0.020484 0.000220
v 0.033500 -0.020464 0.000327
v 0.033500 -0.020436 0.000433
v 0.033500 -0.020401 0.000537
v 0.033500 -0.020358 0.000638
v 0.033500 -0.020307 0.000735
v 0.033500 -0.020250 0.000829
v 0.033500 -0.020186 0.000918
v 0.033500 -0.020116 0.001002
v 0.033500 -0.020040 0.001081
v 0.033500 -0.019958 0.001154
v 0.033500 -0.019872 0.001221
v 0.033500 -0.019780 0.001281
v 0.033500 -0.019685 0.001335
v 0.033500 -0.019585 0.001381
v 0.033500 -0.019483 0.001420
v 0.033400 -0.019458 0.001323
v 0.033400 -0.019560 0.001283
v 0.033400 -0.019659 0.001235
v 0.033400 -0.019754 0.001179
v 0.033400 -0.019844 0.001117
v 0.033400 -0.019929 0.001047
v 0.033400 -0.020009 0.000971
v 0.033400 -0.020082 0.000889
v 0.033400 -0.020148 0.000801
v 0.033400 -0.020259 0.000612
v 0.033400 -0.020303 0.000511
v 0.033400 -0.020340 0.000407
v 0.033400 -0.020367 0.000301
v 0.033400 -0.020398 0.000083
v 0.033400 -0.020400 -0.000027
v 0.033400 -0.020393 -0.000137
v 0.033400 -0.020378 -0.000245
v 0.033400 -0.020323 -0.000458
v 0.033400 -0.020283 -0.000560
v 0.033400 -0.020235 -0.000659
v 0.033400 -0.020179 -0.000754
v 0.033400 -0.020117 -0.000844
v 0.033400 -0.020047 -0.000929
v 0.033400 -0.019971 -0.001009
v 0.033400 -0.019889 -0.001082
v 0.033400 -0.019801 -0.001148
v 0.033400 -0.019612 -0.001259
v 0.033400 -0.019511 -0.001303
v 0.033400 -0.019407 -0.001340
v 0.033400 -0.019301 -0.001367
v 0.033400 -0.019192 -0.001387
v 0.033400 -0.019083 -0.001398
v 0.033400 -0.018973 -0.001400
v 0.033400 -0.018863 -0.001393
v 0.033400 -0.018754 -0.001378
v 0.033450 -0.018635 -0.001403
v 0.033450 -0.019365 0.001403
v 0.037400 -0.019693 0.002661
v 0.040025 -0.019693 0.002661
v 0.037400 -0.021372 0.001392
v 0.040025 -0.021661 -0.000693
v 0.037400 -0.018307 -0.002661
v 0.040025 -0.018307 -0.002661
v 0.037400 -0.019922 0.002591
v 0.037400 -0.020145 0.002500
v 0.037400 -0.020358 0.002391
v 0.037400 -0.020562 0.002264
v 0.037400 -0.020753 0.002119
v 0.037400 -0.020931 0.001958
v 0.037400 -0.021094 0.001782
v 0.037400 -0.021242 0.001593
v 0.037400 -0.021484 0.001180
v 0.037400 -0.021578 0.000959
v 0.037400 -0.021651 0.000730
v 0.037400 -0.021705 0.000496
v 0.037400 -0.021738 0.000259
v 0.037400 -0.021750 0.000019
v 0.037400 -0.021741 -0.000221
v 0.037400 -0.021711 -0.000459
v 0.037400 -0.021661 -0.000693
v 0.037400 -0.021591 -0.000922
v 0.037400 -0.021500 -0.001145
v 0.037400 -0.021391 -0.001358
v 0.037400 -0.021264 -0.001562
v 0.037400 -0.021119 -0.001753
v 0.037400 -0.020958 -0.001931
v 0.037400 -0.020782 -0.002094
v 0.037400 -0.020593 -0.002242
v 0.037400 -0.020392 -0.002372
v 0.037400 -0.020180 -0.002484
v 0.037400 -0.019959 -0.002578
v 0.037400 -0.019730 -0.002651
v 0.037400 -0.019496 -0.002705
v 0.037400 -0.019259 -0.002738
v 0.037400 -0.019019 -0.002750
v 0.037400 -0.018779 -0.002741
v 0.037400 -0.018541 -0.002711
v 0.038713 -0.018307 -0.002661
v 0.040025 -0.018427 -0.002690
v 0.040025 -0.018548 -0.002713
v 0.040025 -0.018670 -0.002730
v 0.040025 -0.018793 -0.002742
v 0.040025 -0.018916 -0.002749
v 0.040025 -0.019040 -0.002750
v 0.040025 -0.019163 -0.002745
v 0.040025 -0.019286 -0.002735
v 0.040025 -0.019409 -0.002719
v 0.040025 -0.019530 -0.002698
v 0.040025 -0.019651 -0.002672
v 0.040025 -0.019770 -0.002640
v 0.040025 -0.019888 -0.002603
v 0.040025 -0.020003 -0.002560
v 0.040025 -0.020117 -0.002513
v 0.040025 -0.020229 -0.002460
v 0.040025 -0.020338 -0.002403
v 0.040025 -0.020444 -0.002340
v 0.040025 -0.020548 -0.002273
v 0.040025 -0.020648 -0.002201
v 0.040025 -0.020746 -0.002125
v 0.040025 -0.020839 -0.002045
v 0.040025 -0.020929 -0.001960
v 0.040025 -0.021015 -0.001871
v 0.040025 -0.021097 -0.001779
v 0.040025 -0.021175 -0.001683
v 0.040025 -0.021248 -0.001584
v 0.040025 -0.021317 -0.001482
v 0.040025 -0.021381 -0.001376
v 0.040025 -0.021440 -0.001268
v 0.040025 -0.021495 -0.001157
v 0.040025 -0.021544 -0.001044
v 0.040025 -0.021588 -0.000929
v 0.040025 -0.021627 -0.000812
v 0.040025 -0.021690 -0.000573
v 0.040025 -0.021713 -0.000452
v 0.040025 -0.021730 -0.000330
v 0.040025 -0.021742 -0.000207
v 0.040025 -0.021749 -0.000084
v 0.040025 -0.021750 0.000040
v 0.040025 -0.021745 0.000163
v 0.040025 -0.021735 0.000286
v 0.040025 -0.021719 0.000409
v 0.040025 -0.021698 0.000530
v 0.040025 -0.021672 0.000651
v 0.040025 -0.021640 0.000770
v 0.040025 -0.021603 0.000888
v 0.040025 -0.021560 0.001003
v 0.040025 -0.021513 0.001117
v 0.040025 -0.021460 0.001229
v 0.040025 -0.021403 0.001338
v 0.040025 -0.021340 0.001444
v 0.040025 -0.021273 0.001548
v 0.040025 -0.021201 0.001648
v 0.040025 -0.021125 0.001746
v 0.040025 -0.021045 0.001839
v 0.040025 -0.020960 0.001929
v 0.040025 -0.020871 0.002015
v 0.040025 -0.020779 0.002097
v 0.040025 -0.020683 0.002175
v 0.040025 -0.020584 0.002248
v 0.040025 -0.020482 0.002317
v 0.040025 -0.020376 0.002381
v 0.040025 -0.020268 0.002440
v 0.040025 -0.020157 0.002495
v 0.040025 -0.020044 0.002544
v 0.040025 -0.019929 0.002588
v 0.040025 -0.019812 0.002627
v 0.038713 -0.019693 0.002661
v 0.038378 -0.019000 0.000000
v 0.038378 -0.019000 0.000000
v 0.038739 -0.018784 -0.000586
v 0.038378 -0.019000 0.000000
v 0.038739 -0.018727 -0.000562
v 0.038378 -0.019000 0.000000
v 0.038739 -0.018674 -0.000533
v 0.038378 -0.019000 0.000000
v 0.038739 -0.018623 -0.000498
v 0.038378 -0.019000 0.000000
v 0.038739 -0.018576 -0.000459
v 0.038378 -0.019000 0.000000
v 0.038739 -0.018533 -0.000415
v 0.038378 -0.019000 0.000000
v 0.038739 -0.018495 -0.000368
v 0.038378 -0.019000 0.000000
v 0.038739 -0.018461 -0.000316
v 0.038378 -0.019000 0.000000
v 0.038739 -0.018433 -0.000262
v 0.038378 -0.019000 0.000000
v 0.038739 -0.018410 -0.000205
v 0.038378 -0.019000 0.000000
v 0.038739 -0.018392 -0.000146
v 0.038378 -0.019000 0.000000
v 0.038739 -0.018381 -0.000086
v 0.038378 -0.019000 0.000000
v 0.038739 -0.018375 -0.000025
v 0.038378 -0.019000 0.000000
v 0.038739 -0.018376 0.000037
v 0.038378 -0.019000 0.000000
v 0.038739 -0.018383 0.000097
v 0.038378 -0.019000 0.000000
v 0.038739 -0.018395 0.000158
v 0.038378 -0.019000 0.000000
v 0.038739 -0.018414 0.000216
v 0.038378 -0.019000 0.000000
v 0.038739 -0.018438 0.000273
v 0.038378 -0.019000 0.000000
v 0.038739 -0.018467 0.000326
v 0.038378 -0.019000 0.000000
v 0.038739 -0.018501 0.000377
v 0.038378 -0.019000 0.000000
v 0.038739 -0.018541 0.000424
v 0.038378 -0.019000 0.000000
v 0.038739 -0.018585 0.000467
v 0.038378 -0.019000 0.000000
v 0.038739 -0.018632 0.000505
v 0.038378 -0.019000 0.000000
v 0.038739 -0.018684 0.000539
v 0.038378 -0.019000 0.000000
v 0.038739 -0.018738 0.000567
v 0.038378 -0.019000 0.000000
v 0.038739 -0.018795 0.000590
v 0.038378 -0.019000 0.000000
v 0.038739 -0.018854 0.000608
v 0.038378 -0.019000 0.000000
v 0.038739 -0.018914 0.000619
v 0.038378 -0.019000 0.000000
v 0.038739 -0.018975 0.000625
v 0.038378 -0.019000 0.000000
v 0.038739 -0.019037 0.000624
v 0.038378 -0.019000 0.000000
v 0.038739 -0.019098 0.000617
v 0.038378 -0.019000 0.000000
v 0.038619 -0.019105 0.000403
v 0.038859 -0.019210 0.000806
v 0.039100 -0.018685 -0.001210
v 0.038859 -0.018790 -0.000806
v 0.038619 -0.018895 -0.000403
v 0.039100 -0.018122 -0.000890
v 0.039100 -0.018220 -0.000977
v 0.039100 -0.018327 -0.001053
v 0.039100 -0.018440 -0.001118
v 0.039100 -0.018560 -0.001170
v 0.039100 -0.017790 0.000315
v 0.039100 -0.017762 0.000173
v 0.039100 -0.017750 0.000028
v 0.039100 -0.017756 -0.000118
v 0.039100 -0.017778 -0.000261
v 0.039100 -0.017816 -0.000401
v 0.039100 -0.017871 -0.000536
v 0.039100 -0.017941 -0.000664
v 0.039100 -0.018025 -0.000782
v 0.039100 -0.018668 0.001205
v 0.039100 -0.018530 0.001158
v 0.039100 -0.018399 0.001096
v 0.039100 -0.018276 0.001019
v 0.039100 -0.018162 0.000928
v 0.039100 -0.018060 0.000824
v 0.039100 -0.017971 0.000710
v 0.039100 -0.017896 0.000586
v 0.039100 -0.017835 0.000453
v 0.039100 -0.019315 0.001210
v 0.039100 -0.019187 0.001236
v 0.039100 -0.019057 0.001249
v 0.039100 -0.018926 0.001248
v 0.039100 -0.018796 0.001233
v 0.033500 -0.018622 -0.001452
v 0.037400 -0.018622 -0.001452
v 0.033500 -0.019378 0.001452
v 0.037400 -0.019378 0.001452
v 0.035450 -0.018622 -0.001452
v 0.035450 -0.019378 0.001452
v 0.033500 -0.018517 -0.001420
v 0.033500 -0.018415 -0.001381
v 0.033500 -0.018315 -0.001335
v 0.033500 -0.018220 -0.001281
v 0.033500 -0.018128 -0.001221
v 0.033500 -0.018042 -0.001154
v 0.033500 -0.017960 -0.001081
v 0.033500 -0.017884 -0.001002
v 0.033500 -0.017814 -0.000918
v 0.033500 -0.017750 -0.000829
v 0.033500 -0.017693 -0.000735
v 0.033500 -0.017642 -0.000638
v 0.033500 -0.017599 -0.000537
v 0.033500 -0.017564 -0.000433
v 0.033500 -0.017536 -0.000327
v 0.033500 -0.017516 -0.000220
v 0.033500 -0.017504 -0.000111
v 0.033500 -0.017500 -0.000001
v 0.033500 -0.017504 0.000108
v 0.033500 -0.017516 0.000217
v 0.033500 -0.017536 0.000325
v 0.033500 -0.017563 0.000431
v 0.033500 -0.017598 0.000535
v 0.033500 -0.017641 0.000635
v 0.033500 -0.017691 0.000733
v 0.033500 -0.017748 0.000827
v 0.033500 -0.017812 0.000916
v 0.033500 -0.017882 0.001000
v 0.033500 -0.017958 0.001079
v 0.033500 -0.018039 0.001152
v 0.033500 -0.018126 0.001219
v 0.033500 -0.018217 0.001280
v 0.033500 -0.018313 0.001333
v 0.033500 -0.018412 0.001380
v 0.033500 -0.018514 0.001419
v 0.033500 -0.018619 0.001451
v 0.033500 -0.018726 0.001475
v 0.033500 -0.018835 0.001491
v 0.033500 -0.018944 0.001499
v 0.033500 -0.019053 0.001499
v 0.033500 -0.019163 0.001491
v 0.033500 -0.019271 0.001475
v 0.037400 -0.019207 0.001486
v 0.037400 -0.019033 0.001500
v 0.037400 -0.018859 0.001493
v 0.037400 -0.018686 0.001467
v 0.037400 -0.018518 0.001421
v 0.037400 -0.018357 0.001355
v 0.037400 -0.018204 0.001271
v 0.037400 -0.018061 0.001170
v 0.037400 -0.017932 0.001053
v 0.037400 -0.017817 0.000922
v 0.037400 -0.017718 0.000779
v 0.037400 -0.017636 0.000624
v 0.037400 -0.017573 0.000462
v 0.037400 -0.017529 0.000293
v 0.037400 -0.017505 0.000120
v 0.037400 -0.017501 -0.000054
v 0.037400 -0.017517 -0.000228
v 0.037400 -0.017554 -0.000398
v 0.037400 -0.017610 -0.000564
v 0.037400 -0.017685 -0.000721
v 0.037400 -0.017777 -0.000869
v 0.037400 -0.017886 -0.001005
v 0.037400 -0.018011 -0.001127
v 0.037400 -0.018148 -0.001235
v 0.037400 -0.018297 -0.001325
v 0.037400 -0.018456 -0.001398
v 0.037400 -0.019378 0.001452
v 0.037400 -0.019544 0.001398
v 0.037400 -0.019703 0.001325
v 0.037400 -0.019852 0.001235
v 0.037400 -0.019989 0.001127
v 0.037400 -0.020114 0.001005
v 0.037400 -0.020223 0.000869
v 0.037400 -0.020315 0.000721
v 0.037400 -0.020390 0.000564
v 0.037400 -0.020446 0.000398
v 0.037400 -0.020483 0.000228
v 0.037400 -0.020499 0.000054
v 0.037400 -0.020495 -0.000120
v 0.037400 -0.020471 -0.000293
v 0.037400 -0.020427 -0.000462
v 0.037400 -0.020364 -0.000624
v 0.037400 -0.020282 -0.000779
v 0.037400 -0.020183 -0.000922
v 0.037400 -0.020068 -0.001053
v 0.037400 -0.019939 -0.001170
v 0.037400 -0.019796 -0.001271
v 0.037400 -0.019643 -0.001355
v 0.037400 -0.019482 -0.001421
v 0.037400 -0.019314 -0.001467
v 0.037400 -0.019141 -0.001493
v 0.037400 -0.018967 -0.001500
v 0.037400 -0.018793 -0.001486
v 0.037400 -0.018622 -0.001452
v 0.037400 -0.018307 -0.002661
v 0.037400 -0.018541 -0.002711
v 0.037400 -0.018779 -0.002741
v 0.037400 -0.019019 -0.002750
v 0.037400 -0.019259 -0.002738
v 0.037400 -0.019496 -0.002705
v 0.037400 -0.019730 -0.002651
v 0.037400 -0.019959 -0.002578
v 0.037400 -0.020180 -0.002484
v 0.037400 -0.020392 -0.002372
v 0.037400 -0.020593 -0.002242
v 0.037400 -0.020782 -0.002094
v 0.037400 -0.020958 -0.001931
v 0.037400 -0.021119 -0.001753
v 0.037400 -0.021264 -0.001562
v 0.037400 -0.021391 -0.001358
v 0.037400 -0.021500 -0.001145
v 0.037400 -0.021591 -0.000922
v 0.037400 -0.021661 -0.000693
v 0.037400 -0.021711 -0.000459
v 0.037400 -0.021741 -0.000221
v 0.037400 -0.021750 0.000019
v 0.037400 -0.021738 0.000259
v 0.037400 -0.021705 0.000496
v 0.037400 -0.021651 0.000730
v 0.037400 -0.021578 0.000959
v 0.037400 -0.021484 0.001180
v 0.037400 -0.021372 0.001392
v 0.037400 -0.021242 0.001593
v 0.037400 -0.021094 0.001782
v 0.037400 -0.020931 0.001958
v 0.037400 -0.020753 0.002119
v 0.037400 -0.020562 0.002264
v 0.037400 -0.020358 0.002391
v 0.037400 -0.020145 0.002500
v 0.037400 -0.019922 0.002591
v 0.037400 -0.019693 0.002661
v 0.037400 -0.018456 -0.001398
v 0.037400 -0.018297 -0.001325
v 0.037400 -0.018148 -0.001235
v 0.037400 -0.018011 -0.001127
v 0.037400 -0.017886 -0.001005
v 0.037400 -0.017777 -0.000869
v 0.037400 -0.017685 -0.000721
v 0.037400 -0.017610 -0.000564
v 0.037400 -0.017554 -0.000398
v 0.037400 -0.017517 -0.000228
v 0.037400 -0.017501 -0.000054
v 0.037400 -0.017505 0.000120
v 0.037400 -0.017529 0.000293
v 0.037400 -0.017573 0.000462
v 0.037400 -0.017636 0.000624
v 0.037400 -0.017718 0.000779
v 0.037400 -0.017817 0.000922
v 0.037400 -0.017932 0.001053
v 0.037400 -0.018061 0.001170
v 0.037400 -0.018204 0.001271
v 0.037400 -0.018357 0.001355
v 0.037400 -0.018518 0.001421
v 0.037400 -0.018686 0.001467
v 0.037400 -0.018859 0.001493
v 0.037400 -0.019033 0.001500
v 0.037400 -0.019207 0.001486
v 0.037400 -0.019459 0.002711
v 0.037400 -0.019221 0.002741
v 0.037400 -0.018981 0.002750
v 0.037400 -0.018741 0.002738
v 0.037400 -0.018504 0.002705
v 0.037400 -0.018270 0.002651
v 0.037400 -0.018041 0.002578
v 0.037400 -0.017820 0.002484
v 0.037400 -0.017608 0.002372
v 0.037400 -0.017407 0.002242
v 0.037400 -0.017218 0.002094
v 0.037400 -0.017042 0.001931
v 0.037400 -0.016881 0.001753
v 0.037400 -0.016736 0.001562
v 0.037400 -0.016609 0.001358
v 0.037400 -0.016500 0.001145
v 0.037400 -0.016409 0.000922
v 0.037400 -0.016339 0.000693
v 0.037400 -0.016289 0.000459
v 0.037400 -0.016259 0.000221
v 0.037400 -0.016250 -0.000019
v 0.037400 -0.016262 -0.000259
v 0.037400 -0.016295 -0.000496
v 0.037400 -0.016349 -0.000730
v 0.037400 -0.016422 -0.000959
v 0.037400 -0.016516 -0.001180
v 0.037400 -0.016628 -0.001392
v 0.037400 -0.016758 -0.001593
v 0.037400 -0.016906 -0.001782
v 0.037400 -0.017069 -0.001958
v 0.037400 -0.017247 -0.002119
v 0.037400 -0.017438 -0.002264
v 0.037400 -0.017642 -0.002391
v 0.037400 -0.017855 -0.002500
v 0.037400 -0.018078 -0.002591
v 0.033400 -0.018647 -0.001355
v 0.033500 -0.018622 -0.001452
v 0.033400 -0.018156 -0.001117
v 0.033400 -0.017792 -0.000708
v 0.033400 -0.017613 -0.000192
v 0.033400 -0.017645 0.000353
v 0.033400 -0.018292 0.001208
v 0.033400 -0.019353 0.001355
v 0.033500 -0.019378 0.001452
v 0.033450 -0.018635 -0.001403
v 0.033450 -0.019365 0.001403
v 0.033500 -0.019271 0.001475
v 0.033500 -0.019163 0.001491
v 0.033500 -0.019053 0.001499
v 0.033500 -0.018944 0.001499
v 0.033500 -0.018835 0.001491
v 0.033500 -0.018726 0.001475
v 0.033500 -0.018619 0.001451
v 0.033500 -0.018514 0.001419
v 0.033500 -0.018412 0.001380
v 0.033500 -0.018313 0.001333
v 0.033500 -0.018217 0.001280
v 0.033500 -0.018126 0.001219
v 0.033500 -0.018039 0.001152
v 0.033500 -0.017958 0.001079
v 0.033500 -0.017882 0.001000
v 0.033500 -0.017812 0.000916
v 0.033500 -0.017748 0.000827
v 0.033500 -0.017691 0.000733
v 0.033500 -0.017641 0.000635
v 0.033500 -0.017598 0.000535
v 0.033500 -0.017563 0.000431
v 0.033500 -0.017536 0.000325
v 0.033500 -0.017516 0.000217
v 0.033500 -0.017504 0.000108
v 0.033500 -0.017500 -0.000001
v 0.033500 -0.017504 -0.000111
v 0.033500 -0.017516 -0.000220
v 0.033500 -0.017536 -0.000327
v 0.033500 -0.017564 -0.000433
v 0.033500 -0.017599 -0.000537
v 0.033500 -0.017642 -0.000638
v 0.033500 -0.017693 -0.000735
v 0.033500 -0.017750 -0.000829
v 0.033500 -0.017814 -0.000918
v 0.033500 -0.017884 -0.001002
v 0.033500 -0.017960 -0.001081
v 0.033500 -0.018042 -0.001154
v 0.033500 -0.018128 -0.001221
v 0.033500 -0.018220 -0.001281
v 0.033500 -0.018315 -0.001335
v 0.033500 -0.018415 -0.001381
v 0.033500 -0.018517 -0.001420
v 0.033400 -0.018542 -0.001323
v 0.033400 -0.018440 -0.001283
v 0.033400 -0.018341 -0.001235
v 0.033400 -0.018246 -0.001179
v 0.033400 -0.018071 -0.001047
v 0.033400 -0.017991 -0.000971
v 0.033400 -0.017918 -0.000889
v 0.033400 -0.017852 -0.000801
v 0.033400 -0.017741 -0.000612
v 0.033400 -0.017697 -0.000511
v 0.033400 -0.017660 -0.000407
v 0.033400 -0.017633 -0.000301
v 0.033400 -0.017602 -0.000083
v 0.033400 -0.017600 0.000027
v 0.033400 -0.017607 0.000137
v 0.033400 -0.017622 0.000245
v 0.033400 -0.017677 0.000458
v 0.033400 -0.017717 0.000560
v 0.033400 -0.017765 0.000659
v 0.033400 -0.017821 0.000754
v 0.033400 -0.017883 0.000844
v 0.033400 -0.017953 0.000929
v 0.033400 -0.018029 0.001009
v 0.033400 -0.018111 0.001082
v 0.033400 -0.018199 0.001148
v 0.033400 -0.018388 0.001259
v 0.033400 -0.018489 0.001303
v 0.033400 -0.018593 0.001340
v 0.033400 -0.018699 0.001367
v 0.033400 -0.018808 0.001387
v 0.033400 -0.018917 0.001398
v 0.033400 -0.019027 0.001400
v 0.033400 -0.019137 0.001393
v 0.033400 -0.019245 0.001378
v 0.037400 -0.018307 -0.002661
v 0.040025 -0.018307 -0.002661
v 0.037400 -0.016339 0.000693
v 0.040025 -0.016339 0.000693
v 0.037400 -0.019693 0.002661
v 0.040025 -0.019693 0.002661
v 0.040025 -0.019573 0.002690
v 0.040025 -0.019452 0.002713
v 0.040025 -0.019330 0.002730
v 0.040025 -0.019207 0.002742
v 0.040025 -0.019084 0.002749
v 0.040025 -0.018960 0.002750
v 0.040025 -0.018837 0.002745
v 0.040025 -0.018714 0.002735
v 0.040025 -0.018591 0.002719
v 0.040025 -0.018470 0.002698
v 0.040025 -0.018349 0.002672
v 0.040025 -0.018230 0.002640
v 0.040025 -0.018112 0.002603
v 0.040025 -0.017997 0.002560
v 0.040025 -0.017883 0.002513
v 0.040025 -0.017771 0.002460
v 0.040025 -0.017662 0.002403
v 0.040025 -0.017556 0.002340
v 0.040025 -0.017452 0.002273
v 0.040025 -0.017352 0.002201
v 0.040025 -0.017254 0.002125
v 0.040025 -0.017161 0.002045
v 0.040025 -0.017071 0.001960
v 0.040025 -0.016985 0.001871
v 0.040025 -0.016903 0.001779
v 0.040025 -0.016825 0.001683
v 0.040025 -0.016752 0.001584
v 0.040025 -0.016683 0.001482
v 0.040025 -0.016619 0.001376
v 0.040025 -0.016560 0.001268
v 0.040025 -0.016505 0.001157
v 0.040025 -0.016456 0.001044
v 0.040025 -0.016412 0.000929
v 0.040025 -0.016373 0.000812
v 0.040025 -0.016310 0.000573
v 0.040025 -0.016287 0.000452
v 0.040025 -0.016270 0.000330
v 0.040025 -0.016258 0.000207
v 0.040025 -0.016251 0.000084
v 0.040025 -0.016250 -0.000040
v 0.040025 -0.016255 -0.000163
v 0.040025 -0.016265 -0.000286
v 0.040025 -0.016281 -0.000409
v 0.040025 -0.016302 -0.000530
v 0.040025 -0.016328 -0.000651
v 0.040025 -0.016360 -0.000770
v 0.040025 -0.016397 -0.000888
v 0.040025 -0.016440 -0.001003
v 0.040025 -0.016487 -0.001117
v 0.040025 -0.016540 -0.001229
v 0.040025 -0.016597 -0.001338
v 0.040025 -0.016660 -0.001444
v 0.040025 -0.016727 -0.001548
v 0.040025 -0.016799 -0.001648
v 0.040025 -0.016875 -0.001746
v 0.040025 -0.016955 -0.001839
v 0.040025 -0.017040 -0.001929
v 0.040025 -0.017129 -0.002015
v 0.040025 -0.017221 -0.002097
v 0.040025 -0.017317 -0.002175
v 0.040025 -0.017416 -0.002248
v 0.040025 -0.017518 -0.002317
v 0.040025 -0.017624 -0.002381
v 0.040025 -0.017732 -0.002440
v 0.040025 -0.017843 -0.002495
v 0.040025 -0.017956 -0.002544
v 0.040025 -0.018071 -0.002588
v 0.040025 -0.018188 -0.002627
v 0.038713 -0.018307 -0.002661
v 0.038713 -0.019693 0.002661
v 0.037400 -0.018078 -0.002591
v 0.037400 -0.017855 -0.002500
v 0.037400 -0.017642 -0.002391
v 0.037400 -0.017438 -0.002264
v 0.037400 -0.017247 -0.002119
v 0.037400 -0.017069 -0.001958
v 0.037400 -0.016906 -0.001782
v 0.037400 -0.016758 -0.001593
v 0.037400 -0.016628 -0.001392
v 0.037400 -0.016516 -0.001180
v 0.037400 -0.016422 -0.000959
v 0.037400 -0.016349 -0.000730
v 0.037400 -0.016295 -0.000496
v 0.037400 -0.016262 -0.000259
v 0.037400 -0.016250 -0.000019
v 0.037400 -0.016259 0.000221
v 0.037400 -0.016289 0.000459
v 0.037400 -0.016409 0.000922
v 0.037400 -0.016500 0.001145
v 0.037400 -0.016609 0.001358
v 0.037400 -0.016736 0.001562
v 0.037400 -0.016881 0.001753
v 0.037400 -0.017042 0.001931
v 0.037400 -0.017218 0.002094
v 0.037400 -0.017407 0.002242
v 0.037400 -0.017608 0.002372
v 0.037400 -0.017820 0.002484
v 0.037400 -0.018041 0.002578
v 0.037400 -0.018270 0.002651
v 0.037400 -0.018504 0.002705
v 0.037400 -0.018741 0.002738
v 0.037400 -0.018981 0.002750
v 0.037400 -0.019221 0.002741
v 0.037400 -0.019459 0.002711
v 0.033400 -0.019353 0.001355
v 0.033400 -0.018647 -0.001355
v 0.033400 -0.018754 -0.001378
v 0.033400 -0.018863 -0.001393
v 0.033400 -0.018973 -0.001400
v 0.033400 -0.019083 -0.001398
v 0.033400 -0.019192 -0.001387
v 0.033400 -0.019301 -0.001367
v 0.033400 -0.019407 -0.001340
v 0.033400 -0.019511 -0.001303
v 0.033400 -0.019612 -0.001259
v 0.033400 -0.019708 -0.001208
v 0.033400 -0.019801 -0.001148
v 0.033400 -0.019889 -0.001082
v 0.033400 -0.019971 -0.001009
v 0.033400 -0.020047 -0.000929
v 0.033400 -0.020117 -0.000844
v 0.033400 -0.020179 -0.000754
v 0.033400 -0.020235 -0.000659
v 0.033400 -0.020283 -0.000560
v 0.033400 -0.020323 -0.000458
v 0.033400 -0.020355 -0.000353
v 0.033400 -0.020378 -0.000245
v 0.033400 -0.020393 -0.000137
v 0.033400 -0.020400 -0.000027
v 0.033400 -0.020398 0.000083
v 0.033400 -0.020387 0.000192
v 0.033400 -0.020367 0.000301
v 0.033400 -0.020340 0.000407
v 0.033400 -0.020303 0.000511
v 0.033400 -0.020259 0.000612
v 0.033400 -0.020208 0.000708
v 0.033400 -0.020148 0.000801
v 0.033400 -0.020082 0.000889
v 0.033400 -0.020009 0.000971
v 0.033400 -0.019929 0.001047
v 0.033400 -0.019844 0.001117
v 0.033400 -0.019754 0.001179
v 0.033400 -0.019659 0.001235
v 0.033400 -0.019560 0.001283
v 0.033400 -0.019458 0.001323
v 0.033400 -0.019245 0.001378
v 0.033400 -0.019137 0.001393
v 0.033400 -0.019027 0.001400
v 0.033400 -0.018917 0.001398
v 0.033400 -0.018808 0.001387
v 0.033400 -0.018699 0.001367
v 0.033400 -0.018593 0.001340
v 0.033400 -0.018489 0.001303
v 0.033400 -0.018388 0.001259
v 0.033400 -0.018292 0.001208
v 0.033400 -0.018199 0.001148
v 0.033400 -0.018111 0.001082
v 0.033400 -0.018029 0.001009
v 0.033400 -0.017953 0.000929
v 0.033400 -0.017883 0.000844
v 0.033400 -0.017821 0.000754
v 0.033400 -0.017765 0.000659
v 0.033400 -0.017717 0.000560
v 0.033400 -0.017677 0.000458
v 0.033400 -0.017645 0.000353
v 0.033400 -0.017622 0.000245
v 0.033400 -0.017607 0.000137
v 0.033400 -0.017600 0.000027
v 0.033400 -0.017602 -0.000083
v 0.033400 -0.017613 -0.000192
v 0.033400 -0.017633 -0.000301
v 0.033400 -0.017660 -0.000407
v 0.033400 -0.017697 -0.000511
v 0.033400 -0.017741 -0.000612
v 0.033400 -0.017792 -0.000708
v 0.033400 -0.017852 -0.000801
v 0.033400 -0.017918 -0.000889
v 0.033400 -0.017991 -0.000971
v 0.033400 -0.018071 -0.001047
v 0.033400 -0.018156 -0.001117
v 0.033400 -0.018246 -0.001179
v 0.033400 -0.018341 -0.001235
v 0.033400 -0.018440 -0.001283
v 0.033400 -0.018542 -0.001323
v 0.040025 -0.018307 -0.002661
v 0.040025 -0.021661 -0.000693
v 0.040025 -0.019693 0.002661
v 0.040093 -0.018481 -0.002694
v 0.040093 -0.018667 -0.002723
v 0.040093 -0.018867 -0.002740
v 0.040093 -0.019080 -0.002743
v 0.040093 -0.019305 -0.002727
v 0.040093 -0.019542 -0.002690
v 0.040093 -0.019664 -0.002662
v 0.040093 -0.019788 -0.002628
v 0.040093 -0.019913 -0.002587
v 0.040093 -0.020040 -0.002539
v 0.040093 -0.020167 -0.002483
v 0.040093 -0.020294 -0.002419
v 0.040093 -0.020421 -0.002347
v 0.040093 -0.020546 -0.002267
v 0.040093 -0.020669 -0.002178
v 0.040093 -0.020789 -0.002080
v 0.040093 -0.020905 -0.001974
v 0.040093 -0.021017 -0.001860
v 0.040093 -0.021124 -0.001737
v 0.040093 -0.021224 -0.001606
v 0.040093 -0.021318 -0.001469
v 0.040093 -0.021403 -0.001324
v 0.040093 -0.021480 -0.001173
v 0.040093 -0.021548 -0.001017
v 0.040093 -0.021607 -0.000856
v 0.040093 -0.021655 -0.000692
v 0.040093 -0.021693 -0.000524
v 0.040093 -0.021721 -0.000356
v 0.040093 -0.021737 -0.000186
v 0.040093 -0.021744 -0.000017
v 0.040093 -0.021740 0.000151
v 0.040093 -0.021725 0.000317
v 0.040093 -0.021701 0.000480
v 0.040093 -0.021668 0.000639
v 0.040093 -0.021626 0.000794
v 0.040093 -0.021576 0.000943
v 0.040093 -0.021519 0.001087
v 0.040093 -0.021455 0.001225
v 0.040093 -0.021385 0.001356
v 0.040093 -0.021310 0.001481
v 0.040093 -0.021230 0.001598
v 0.040093 -0.021146 0.001709
v 0.040093 -0.021059 0.001813
v 0.040093 -0.020970 0.001910
v 0.040093 -0.020878 0.002000
v 0.040093 -0.020785 0.002084
v 0.040093 -0.020597 0.002231
v 0.040093 -0.020407 0.002355
v 0.040093 -0.020220 0.002457
v 0.040093 -0.020038 0.002540
v 0.040093 -0.019861 0.002605
v 0.040163 -0.018485 -0.002674
v 0.040163 -0.018669 -0.002704
v 0.040163 -0.018868 -0.002720
v 0.040163 -0.019079 -0.002723
v 0.040163 -0.019303 -0.002707
v 0.040163 -0.019538 -0.002670
v 0.040163 -0.019659 -0.002643
v 0.040163 -0.019782 -0.002609
v 0.040163 -0.019907 -0.002568
v 0.040163 -0.020032 -0.002520
v 0.040163 -0.020158 -0.002465
v 0.040163 -0.020285 -0.002402
v 0.040163 -0.020410 -0.002330
v 0.040163 -0.020534 -0.002250
v 0.040163 -0.020657 -0.002162
v 0.040163 -0.020776 -0.002065
v 0.040163 -0.020891 -0.001960
v 0.040163 -0.021003 -0.001846
v 0.040163 -0.021108 -0.001724
v 0.040163 -0.021208 -0.001595
v 0.040163 -0.021301 -0.001458
v 0.040163 -0.021386 -0.001314
v 0.040163 -0.021462 -0.001164
v 0.040163 -0.021530 -0.001009
v 0.040163 -0.021588 -0.000850
v 0.040163 -0.021636 -0.000687
v 0.040163 -0.021673 -0.000521
v 0.040163 -0.021701 -0.000353
v 0.040163 -0.021717 -0.000185
v 0.040163 -0.021724 -0.000017
v 0.040163 -0.021720 0.000150
v 0.040163 -0.021705 0.000315
v 0.040163 -0.021682 0.000477
v 0.040163 -0.021649 0.000635
v 0.040163 -0.021607 0.000788
v 0.040163 -0.021558 0.000936
v 0.040163 -0.021501 0.001079
v 0.040163 -0.021437 0.001216
v 0.040163 -0.021368 0.001346
v 0.040163 -0.021293 0.001470
v 0.040163 -0.021214 0.001587
v 0.040163 -0.021131 0.001697
v 0.040163 -0.021044 0.001800
v 0.040163 -0.020955 0.001896
v 0.040163 -0.020864 0.001985
v 0.040163 -0.020772 0.002068
v 0.040163 -0.020585 0.002215
v 0.040163 -0.020397 0.002338
v 0.040163 -0.020212 0.002439
v 0.040163 -0.020030 0.002521
v 0.040163 -0.019855 0.002586
v 0.040230 -0.018491 -0.002640
v 0.040230 -0.018674 -0.002669
v 0.040230 -0.018869 -0.002686
v 0.040230 -0.019078 -0.002688
v 0.040230 -0.019299 -0.002672
v 0.040230 -0.019531 -0.002636
v 0.040230 -0.019651 -0.002609
v 0.040230 -0.019772 -0.002576
v 0.040230 -0.019895 -0.002536
v 0.040230 -0.020019 -0.002488
v 0.040230 -0.020144 -0.002434
v 0.040230 -0.020268 -0.002371
v 0.040230 -0.020392 -0.002300
v 0.040230 -0.020515 -0.002222
v 0.040230 -0.020635 -0.002134
v 0.040230 -0.020753 -0.002039
v 0.040230 -0.020867 -0.001935
v 0.040230 -0.020977 -0.001823
v 0.040230 -0.021081 -0.001702
v 0.040230 -0.021180 -0.001574
v 0.040230 -0.021271 -0.001439
v 0.040230 -0.021355 -0.001297
v 0.040230 -0.021431 -0.001150
v 0.040230 -0.021497 -0.000996
v 0.040230 -0.021555 -0.000839
v 0.040230 -0.021602 -0.000678
v 0.040230 -0.021639 -0.000514
v 0.040230 -0.021666 -0.000348
v 0.040230 -0.021683 -0.000182
v 0.040230 -0.021689 -0.000016
v 0.040230 -0.021685 0.000148
v 0.040230 -0.021671 0.000311
v 0.040230 -0.021647 0.000471
v 0.040230 -0.021615 0.000626
v 0.040230 -0.021574 0.000778
v 0.040230 -0.021525 0.000924
v 0.040230 -0.021469 0.001065
v 0.040230 -0.021406 0.001200
v 0.040230 -0.021337 0.001329
v 0.040230 -0.021264 0.001451
v 0.040230 -0.021185 0.001566
v 0.040230 -0.021103 0.001675
v 0.040230 -0.021018 0.001777
v 0.040230 -0.020930 0.001872
v 0.040230 -0.020841 0.001960
v 0.040230 -0.020749 0.002042
v 0.040230 -0.020565 0.002187
v 0.040230 -0.020379 0.002308
v 0.040230 -0.020196 0.002408
v 0.040230 -0.020017 0.002489
v 0.040230 -0.019844 0.002553
v 0.040290 -0.018501 -0.002592
v 0.040290 -0.018680 -0.002621
v 0.040290 -0.018872 -0.002637
v 0.040290 -0.019077 -0.002639
v 0.040290 -0.019294 -0.002624
v 0.040290 -0.019521 -0.002588
v 0.040290 -0.019639 -0.002562
v 0.040290 -0.019758 -0.002529
v 0.040290 -0.019879 -0.002490
v 0.040290 -0.020001 -0.002443
v 0.040290 -0.020123 -0.002389
v 0.040290 -0.020245 -0.002328
v 0.040290 -0.020367 -0.002259
v 0.040290 -0.020487 -0.002181
v 0.040290 -0.020606 -0.002096
v 0.040290 -0.020721 -0.002002
v 0.040290 -0.020833 -0.001900
v 0.040290 -0.020941 -0.001789
v 0.040290 -0.021044 -0.001671
v 0.040290 -0.021140 -0.001546
v 0.040290 -0.021230 -0.001413
v 0.040290 -0.021313 -0.001274
v 0.040290 -0.021387 -0.001129
v 0.040290 -0.021452 -0.000978
v 0.040290 -0.021508 -0.000824
v 0.040290 -0.021555 -0.000665
v 0.040290 -0.021591 -0.000505
v 0.040290 -0.021618 -0.000342
v 0.040290 -0.021634 -0.000179
v 0.040290 -0.021640 -0.000016
v 0.040290 -0.021636 0.000146
v 0.040290 -0.021622 0.000305
v 0.040290 -0.021599 0.000462
v 0.040290 -0.021568 0.000615
v 0.040290 -0.021527 0.000764
v 0.040290 -0.021479 0.000908
v 0.040290 -0.021424 0.001046
v 0.040290 -0.021363 0.001179
v 0.040290 -0.021295 0.001305
v 0.040290 -0.021223 0.001425
v 0.040290 -0.021146 0.001538
v 0.040290 -0.021065 0.001645
v 0.040290 -0.020982 0.001745
v 0.040290 -0.020895 0.001838
v 0.040290 -0.020807 0.001925
v 0.040290 -0.020718 0.002005
v 0.040290 -0.020536 0.002147
v 0.040290 -0.020354 0.002266
v 0.040290 -0.020174 0.002365
v 0.040290 -0.019999 0.002444
v 0.040290 -0.019829 0.002507
v 0.040290 -0.019665 0.002555
v 0.040339 -0.018512 -0.002534
v 0.040339 -0.018687 -0.002561
v 0.040339 -0.018875 -0.002577
v 0.040339 -0.019075 -0.002579
v 0.040339 -0.019287 -0.002564
v 0.040339 -0.019510 -0.002529
v 0.040339 -0.019624 -0.002504
v 0.040339 -0.019741 -0.002472
v 0.040339 -0.019859 -0.002433
v 0.040339 -0.019978 -0.002388
v 0.040339 -0.020097 -0.002335
v 0.040339 -0.020217 -0.002275
v 0.040339 -0.020336 -0.002207
v 0.040339 -0.020454 -0.002132
v 0.040339 -0.020569 -0.002048
v 0.040339 -0.020682 -0.001956
v 0.040339 -0.020792 -0.001857
v 0.040339 -0.020897 -0.001749
v 0.040339 -0.020997 -0.001633
v 0.040339 -0.021092 -0.001511
v 0.040339 -0.021179 -0.001381
v 0.040339 -0.021260 -0.001245
v 0.040339 -0.021332 -0.001103
v 0.040339 -0.021396 -0.000956
v 0.040339 -0.021451 -0.000805
v 0.040339 -0.021497 -0.000650
v 0.040339 -0.021533 -0.000493
v 0.040339 -0.021558 -0.000334
v 0.040339 -0.021574 -0.000175
v 0.040339 -0.021580 -0.000016
v 0.040339 -0.021576 0.000142
v 0.040339 -0.021563 0.000298
v 0.040339 -0.021540 0.000452
v 0.040339 -0.021509 0.000601
v 0.040339 -0.021470 0.000747
v 0.040339 -0.021423 0.000887
v 0.040339 -0.021369 0.001022
v 0.040339 -0.021309 0.001152
v 0.040339 -0.021243 0.001275
v 0.040339 -0.021172 0.001392
v 0.040339 -0.021097 0.001503
v 0.040339 -0.021018 0.001607
v 0.040339 -0.020937 0.001705
v 0.040339 -0.020852 0.001796
v 0.040339 -0.020766 0.001881
v 0.040339 -0.020679 0.001959
v 0.040339 -0.020501 0.002098
v 0.040339 -0.020323 0.002215
v 0.040339 -0.020148 0.002311
v 0.040339 -0.019976 0.002388
v 0.040339 -0.019810 0.002450
v 0.040374 -0.018525 -0.002468
v 0.040374 -0.018695 -0.002494
v 0.040374 -0.018878 -0.002510
v 0.040374 -0.019073 -0.002512
v 0.040374 -0.019279 -0.002497
v 0.040374 -0.019496 -0.002464
v 0.040374 -0.019608 -0.002438
v 0.040374 -0.019722 -0.002407
v 0.040374 -0.019836 -0.002370
v 0.040374 -0.019952 -0.002326
v 0.040374 -0.020069 -0.002274
v 0.040374 -0.020185 -0.002216
v 0.040374 -0.020301 -0.002150
v 0.040374 -0.020416 -0.002076
v 0.040374 -0.020528 -0.001995
v 0.040374 -0.020638 -0.001905
v 0.040374 -0.020745 -0.001808
v 0.040374 -0.020848 -0.001703
v 0.040374 -0.020945 -0.001591
v 0.040374 -0.021037 -0.001471
v 0.040374 -0.021123 -0.001345
v 0.040374 -0.021201 -0.001213
v 0.040374 -0.021272 -0.001074
v 0.040374 -0.021334 -0.000931
v 0.040374 -0.021388 -0.000784
v 0.040374 -0.021432 -0.000633
v 0.040374 -0.021467 -0.000480
v 0.040374 -0.021492 -0.000326
v 0.040374 -0.021507 -0.000170
v 0.040374 -0.021513 -0.000015
v 0.040374 -0.021509 0.000139
v 0.040374 -0.021496 0.000291
v 0.040374 -0.021474 0.000440
v 0.040374 -0.021444 0.000586
v 0.040374 -0.021406 0.000727
v 0.040374 -0.021360 0.000864
v 0.040374 -0.021307 0.000996
v 0.040374 -0.021249 0.001122
v 0.040374 -0.021185 0.001242
v 0.040374 -0.021116 0.001356
v 0.040374 -0.021043 0.001464
v 0.040374 -0.020966 0.001565
v 0.040374 -0.020886 0.001661
v 0.040374 -0.020804 0.001749
v 0.040374 -0.020720 0.001832
v 0.040374 -0.020635 0.001908
v 0.040374 -0.020462 0.002044
v 0.040374 -0.020289 0.002157
v 0.040374 -0.020118 0.002251
v 0.040374 -0.019951 0.002326
v 0.040374 -0.019789 0.002386
v 0.040394 -0.018538 -0.002399
v 0.040394 -0.018703 -0.002425
v 0.040394 -0.018881 -0.002440
v 0.040394 -0.019071 -0.002442
v 0.040394 -0.019272 -0.002428
v 0.040394 -0.019483 -0.002395
v 0.040394 -0.019591 -0.002371
v 0.040394 -0.019701 -0.002340
v 0.040394 -0.019813 -0.002304
v 0.040394 -0.019926 -0.002261
v 0.040394 -0.020039 -0.002211
v 0.040394 -0.020152 -0.002154
v 0.040394 -0.020265 -0.002090
v 0.040394 -0.020376 -0.002019
v 0.040394 -0.020486 -0.001939
v 0.040394 -0.020593 -0.001853
v 0.040394 -0.020697 -0.001758
v 0.040394 -0.020796 -0.001656
v 0.040394 -0.020891 -0.001547
v 0.040394 -0.020981 -0.001431
v 0.040394 -0.021064 -0.001308
v 0.040394 -0.021140 -0.001179
v 0.040394 -0.021209 -0.001045
v 0.040394 -0.021269 -0.000905
v 0.040394 -0.021321 -0.000762
v 0.040394 -0.021364 -0.000616
v 0.040394 -0.021398 -0.000467
v 0.040394 -0.021423 -0.000317
v 0.040394 -0.021438 -0.000166
v 0.040394 -0.021443 -0.000015
v 0.040394 -0.021440 0.000135
v 0.040394 -0.021427 0.000283
v 0.040394 -0.021406 0.000428
v 0.040394 -0.021376 0.000569
v 0.040394 -0.021339 0.000707
v 0.040394 -0.021294 0.000840
v 0.040394 -0.021243 0.000968
v 0.040394 -0.021186 0.001091
v 0.040394 -0.021124 0.001208
v 0.040394 -0.021057 0.001318
v 0.040394 -0.020986 0.001423
v 0.040394 -0.020911 0.001522
v 0.040394 -0.020834 0.001614
v 0.040394 -0.020754 0.001701
v 0.040394 -0.020672 0.001781
v 0.040394 -0.020590 0.001855
v 0.040394 -0.020422 0.001987
v 0.040394 -0.020253 0.002097
v 0.040394 -0.020087 0.002188
v 0.040394 -0.019924 0.002262
v 0.040394 -0.019767 0.002320
v 0.040400 -0.018401 -0.002298
v 0.040400 -0.018551 -0.002332
v 0.040400 -0.018712 -0.002357
v 0.040400 -0.018885 -0.002372
v 0.040400 -0.019069 -0.002374
v 0.040400 -0.019264 -0.002360
v 0.040400 -0.019469 -0.002328
v 0.040400 -0.019575 -0.002304
v 0.040400 -0.019682 -0.002275
v 0.040400 -0.019791 -0.002240
v 0.040400 -0.019900 -0.002198
v 0.040400 -0.020010 -0.002149
v 0.040400 -0.020120 -0.002094
v 0.040400 -0.020230 -0.002032
v 0.040400 -0.020338 -0.001962
v 0.040400 -0.020444 -0.001885
v 0.040400 -0.020548 -0.001801
v 0.040400 -0.020649 -0.001709
v 0.040400 -0.020746 -0.001610
v 0.040400 -0.020838 -0.001504
v 0.040400 -0.020925 -0.001391
v 0.040400 -0.021006 -0.001271
v 0.040400 -0.021080 -0.001146
v 0.040400 -0.021147 -0.001015
v 0.040400 -0.021206 -0.000880
v 0.040400 -0.021256 -0.000741
v 0.040400 -0.021298 -0.000599
v 0.040400 -0.021331 -0.000454
v 0.040400 -0.021355 -0.000308
v 0.040400 -0.021370 -0.000161
v 0.040400 -0.021375 -0.000014
v 0.040400 -0.021371 0.000131
v 0.040400 -0.021359 0.000275
v 0.040400 -0.021338 0.000416
v 0.040400 -0.021310 0.000553
v 0.040400 -0.021273 0.000687
v 0.040400 -0.021230 0.000817
v 0.040400 -0.021181 0.000941
v 0.040400 -0.021125 0.001060
v 0.040400 -0.021065 0.001174
v 0.040400 -0.020999 0.001282
v 0.040400 -0.020930 0.001384
v 0.040400 -0.020858 0.001479
v 0.040400 -0.020783 0.001569
v 0.040400 -0.020705 0.001653
v 0.040400 -0.020626 0.001731
v 0.040400 -0.020545 0.001804
v 0.040400 -0.020382 0.001932
v 0.040400 -0.020218 0.002039
v 0.040400 -0.020056 0.002127
v 0.040400 -0.019898 0.002199
v 0.040400 -0.019746 0.002255
v 0.040400 -0.019599 0.002298
v 0.040395 -0.019613 0.002355
v 0.040382 -0.019628 0.002410
v 0.040359 -0.019642 0.002463
v 0.040328 -0.019654 0.002512
v 0.040245 -0.019675 0.002592
v 0.040195 -0.019683 0.002622
v 0.040141 -0.019689 0.002643
v 0.040084 -0.019692 0.002657
v 0.040084 -0.018308 -0.002657
v 0.040141 -0.018311 -0.002643
v 0.040195 -0.018317 -0.002622
v 0.040245 -0.018325 -0.002592
v 0.040290 -0.018335 -0.002555
v 0.040328 -0.018346 -0.002512
v 0.040359 -0.018358 -0.002463
v 0.040382 -0.018372 -0.002410
v 0.040395 -0.018387 -0.002355
v 0.040025 -0.019812 0.002627
v 0.040025 -0.019929 0.002588
v 0.040025 -0.020044 0.002544
v 0.040025 -0.020157 0.002495
v 0.040025 -0.020268 0.002440
v 0.040025 -0.020376 0.002381
v 0.040025 -0.020482 0.002317
v 0.040025 -0.020584 0.002248
v 0.040025 -0.020683 0.002175
v 0.040025 -0.020779 0.002097
v 0.040025 -0.020871 0.002015
v 0.040025 -0.020960 0.001929
v 0.040025 -0.021045 0.001839
v 0.040025 -0.021125 0.001746
v 0.040025 -0.021201 0.001648
v 0.040025 -0.021273 0.001548
v 0.040025 -0.021340 0.001444
v 0.040025 -0.021403 0.001338
v 0.040025 -0.021460 0.001229
v 0.040025 -0.021513 0.001117
v 0.040025 -0.021560 0.001003
v 0.040025 -0.021603 0.000888
v 0.040025 -0.021640 0.000770
v 0.040025 -0.021672 0.000651
v 0.040025 -0.021698 0.000530
v 0.040025 -0.021719 0.000409
v 0.040025 -0.021735 0.000286
v 0.040025 -0.021745 0.000163
v 0.040025 -0.021750 0.000040
v 0.040025 -0.021749 -0.000084
v 0.040025 -0.021742 -0.000207
v 0.040025 -0.021730 -0.000330
v 0.040025 -0.021713 -0.000452
v 0.040025 -0.021690 -0.000573
v 0.040025 -0.021627 -0.000812
v 0.040025 -0.021588 -0.000929
v 0.040025 -0.021544 -0.001044
v 0.040025 -0.021495 -0.001157
v 0.040025 -0.021440 -0.001268
v 0.040025 -0.021381 -0.001376
v 0.040025 -0.021317 -0.001482
v 0.040025 -0.021248 -0.001584
v 0.040025 -0.021175 -0.001683
v 0.040025 -0.021097 -0.001779
v 0.040025 -0.021015 -0.001871
v 0.040025 -0.020929 -0.001960
v 0.040025 -0.020839 -0.002045
v 0.040025 -0.020746 -0.002125
v 0.040025 -0.020648 -0.002201
v 0.040025 -0.020548 -0.002273
v 0.040025 -0.020444 -0.002340
v 0.040025 -0.020338 -0.002403
v 0.040025 -0.020229 -0.002460
v 0.040025 -0.020117 -0.002513
v 0.040025 -0.020003 -0.002560
v 0.040025 -0.019888 -0.002603
v 0.040025 -0.019770 -0.002640
v 0.040025 -0.019651 -0.002672
v 0.040025 -0.019530 -0.002698
v 0.040025 -0.019409 -0.002719
v 0.040025 -0.019286 -0.002735
v 0.040025 -0.019163 -0.002745
v 0.040025 -0.019040 -0.002750
v 0.040025 -0.018916 -0.002749
v 0.040025 -0.018793 -0.002742
v 0.040025 -0.018670 -0.002730
v 0.040025 -0.018548 -0.002713
v 0.040025 -0.018427 -0.002690
v 0.040400 -0.019599 0.002298
v 0.040400 -0.019449 0.002332
v 0.040400 -0.019288 0.002357
v 0.040400 -0.019115 0.002372
v 0.040400 -0.018931 0.002374
v 0.040400 -0.018736 0.002360
v 0.040400 -0.018531 0.002328
v 0.040400 -0.018425 0.002304
v 0.040400 -0.018318 0.002275
v 0.040400 -0.018209 0.002240
v 0.040400 -0.018100 0.002198
v 0.040400 -0.017990 0.002149
v 0.040400 -0.017880 0.002094
v 0.040400 -0.017770 0.002032
v 0.040400 -0.017662 0.001962
v 0.040400 -0.017556 0.001885
v 0.040400 -0.017451 0.001801
v 0.040400 -0.017351 0.001709
v 0.040400 -0.017254 0.001610
v 0.040400 -0.017162 0.001504
v 0.040400 -0.017075 0.001391
v 0.040400 -0.016994 0.001271
v 0.040400 -0.016920 0.001146
v 0.040400 -0.016853 0.001015
v 0.040400 -0.016794 0.000880
v 0.040400 -0.016744 0.000741
v 0.040400 -0.016702 0.000599
v 0.040400 -0.016669 0.000454
v 0.040400 -0.016645 0.000308
v 0.040400 -0.016630 0.000161
v 0.040400 -0.016625 0.000014
v 0.040400 -0.016629 -0.000131
v 0.040400 -0.016641 -0.000275
v 0.040400 -0.016662 -0.000416
v 0.040400 -0.016690 -0.000553
v 0.040400 -0.016727 -0.000687
v 0.040400 -0.016770 -0.000817
v 0.040400 -0.016819 -0.000941
v 0.040400 -0.016875 -0.001060
v 0.040400 -0.016935 -0.001174
v 0.040400 -0.017000 -0.001282
v 0.040400 -0.017070 -0.001384
v 0.040400 -0.017142 -0.001479
v 0.040400 -0.017217 -0.001569
v 0.040400 -0.017295 -0.001653
v 0.040400 -0.017374 -0.001731
v 0.040400 -0.017455 -0.001804
v 0.040400 -0.017618 -0.001932
v 0.040400 -0.017782 -0.002039
v 0.040400 -0.017944 -0.002127
v 0.040400 -0.018102 -0.002199
v 0.040400 -0.018254 -0.002255
v 0.040400 -0.018401 -0.002298
v 0.040400 -0.018551 -0.002332
v 0.040400 -0.018712 -0.002357
v 0.040400 -0.018885 -0.002372
v 0.040400 -0.019069 -0.002374
v 0.040400 -0.019264 -0.002360
v 0.040400 -0.019469 -0.002328
v 0.040400 -0.019575 -0.002304
v 0.040400 -0.019682 -0.002275
v 0.040400 -0.019791 -0.002240
v 0.040400 -0.019900 -0.002198
v 0.040400 -0.020010 -0.002149
v 0.040400 -0.020120 -0.002094
v 0.040400 -0.020230 -0.002032
v 0.040400 -0.020338 -0.001962
v 0.040400 -0.020444 -0.001885
v 0.040400 -0.020548 -0.001801
v 0.040400 -0.020649 -0.001709
v 0.040400 -0.020746 -0.001610
v 0.040400 -0.020838 -0.001504
v 0.040400 -0.020925 -0.001391
v 0.040400 -0.021006 -0.001271
v 0.040400 -0.021080 -0.001146
v 0.040400 -0.021147 -0.001015
v 0.040400 -0.021206 -0.000880
v 0.040400 -0.021256 -0.000741
v 0.040400 -0.021298 -0.000599
v 0.040400 -0.021331 -0.000454
v 0.040400 -0.021355 -0.000308
v 0.040400 -0.021370 -0.000161
v 0.040400 -0.021375 -0.000014
v 0.040400 -0.021371 0.000131
v 0.040400 -0.021359 0.000275
v 0.040400 -0.021338 0.000416
v 0.040400 -0.021310 0.000553
v 0.040400 -0.021273 0.000687
v 0.040400 -0.021230 0.000817
v 0.040400 -0.021181 0.000941
v 0.040400 -0.021125 0.001060
v 0.040400 -0.021065 0.001174
v 0.040400 -0.020999 0.001282
v 0.040400 -0.020930 0.001384
v 0.040400 -0.020858 0.001479
v 0.040400 -0.020783 0.001569
v 0.040400 -0.020705 0.001653
v 0.040400 -0.020626 0.001731
v 0.040400 -0.020545 0.001804
v 0.040400 -0.020382 0.001932
v 0.040400 -0.020218 0.002039
v 0.040400 -0.020056 0.002127
v 0.040400 -0.019898 0.002199
v 0.040400 -0.019746 0.002255
v 0.040400 -0.020392 0.000383
v 0.040400 -0.020028 -0.001013
v 0.040400 -0.017608 -0.000383
v 0.040400 -0.017972 0.001013
v 0.040400 -0.018636 -0.001397
v 0.040400 -0.019364 0.001397
v 0.039100 -0.018636 -0.001397
v 0.040400 -0.017608 -0.000383
v 0.039100 -0.018122 -0.000890
v 0.040400 -0.018636 -0.001397
v 0.039100 -0.017608 -0.000383
v 0.040400 -0.020028 -0.001013
v 0.039100 -0.020028 -0.001013
v 0.039100 -0.018636 -0.001397
v 0.040400 -0.018636 -0.001397
v 0.039100 -0.019332 -0.001205
v 0.039100 -0.020392 0.000383
v 0.040400 -0.020028 -0.001013
v 0.040400 -0.020392 0.000383
v 0.039100 -0.020210 -0.000315
v 0.039100 -0.020028 -0.001013
v 0.040400 -0.019364 0.001397
v 0.040400 -0.020392 0.000383
v 0.039100 -0.019878 0.000890
v 0.039100 -0.019364 0.001397
v 0.039100 -0.020392 0.000383
v 0.039100 -0.017972 0.001013
v 0.039100 -0.019364 0.001397
v 0.040400 -0.019364 0.001397
v 0.039100 -0.018668 0.001205
v 0.040400 -0.017972 0.001013
v 0.039100 -0.017608 -0.000383
v 0.040400 -0.017972 0.001013
v 0.040400 -0.017608 -0.000383
v 0.039100 -0.017790 0.000315
v 0.039100 -0.017972 0.001013
v 0.039100 -0.019332 -0.001205
v 0.039100 -0.018685 -0.001210
v 0.039100 -0.018560 -0.001170
v 0.039100 -0.018440 -0.001118
v 0.039100 -0.018327 -0.001053
v 0.039100 -0.018220 -0.000977
v 0.039100 -0.018122 -0.000890
v 0.039100 -0.018636 -0.001397
v 0.039100 -0.019204 -0.001233
v 0.039100 -0.019074 -0.001248
v 0.039100 -0.018943 -0.001249
v 0.039100 -0.018813 -0.001236
v 0.039100 -0.018122 -0.000890
v 0.039100 -0.018025 -0.000782
v 0.039100 -0.017941 -0.000664
v 0.039100 -0.017871 -0.000536
v 0.039100 -0.017816 -0.000401
v 0.039100 -0.017778 -0.000261
v 0.039100 -0.017756 -0.000118
v 0.039100 -0.017750 0.000028
v 0.039100 -0.017762 0.000173
v 0.039100 -0.017608 -0.000383
v 0.039100 -0.017790 0.000315
v 0.039100 -0.019332 -0.001205
v 0.039100 -0.020028 -0.001013
v 0.039100 -0.020210 -0.000315
v 0.039100 -0.020165 -0.000453
v 0.039100 -0.020104 -0.000586
v 0.039100 -0.020029 -0.000710
v 0.039100 -0.019940 -0.000824
v 0.039100 -0.019837 -0.000928
v 0.039100 -0.019724 -0.001019
v 0.039100 -0.019601 -0.001096
v 0.039100 -0.019470 -0.001158
v 0.039100 -0.019878 0.000890
v 0.039100 -0.020210 -0.000315
v 0.039100 -0.020392 0.000383
v 0.039100 -0.019975 0.000782
v 0.039100 -0.020059 0.000664
v 0.039100 -0.020129 0.000536
v 0.039100 -0.020184 0.000401
v 0.039100 -0.020222 0.000261
v 0.039100 -0.020244 0.000118
v 0.039100 -0.020250 -0.000028
v 0.039100 -0.020238 -0.000173
v 0.039100 -0.018668 0.001205
v 0.039100 -0.018796 0.001233
v 0.039100 -0.018926 0.001248
v 0.039100 -0.019057 0.001249
v 0.039100 -0.019187 0.001236
v 0.039100 -0.019315 0.001210
v 0.039100 -0.019878 0.000890
v 0.039100 -0.019364 0.001397
v 0.039100 -0.019440 0.001170
v 0.039100 -0.019560 0.001118
v 0.039100 -0.019673 0.001053
v 0.039100 -0.019780 0.000977
v 0.039100 -0.018668 0.001205
v 0.039100 -0.017790 0.000315
v 0.039100 -0.017835 0.000453
v 0.039100 -0.017896 0.000586
v 0.039100 -0.017971 0.000710
v 0.039100 -0.018060 0.000824
v 0.039100 -0.018162 0.000928
v 0.039100 -0.018276 0.001019
v 0.039100 -0.018399 0.001096
v 0.039100 -0.018530 0.001158
v 0.039100 -0.017972 0.001013
v 0.038378 -0.019000 0.000000
v 0.038378 -0.019000 0.000000
v 0.038739 -0.019216 0.000586
v 0.038378 -0.019000 0.000000
v 0.038739 -0.019272 0.000562
v 0.038378 -0.019000 0.000000
v 0.038739 -0.019326 0.000533
v 0.038378 -0.019000 0.000000
v 0.038739 -0.019377 0.000498
v 0.038378 -0.019000 0.000000
v 0.038739 -0.019424 0.000459
v 0.038378 -0.019000 0.000000
v 0.038739 -0.019467 0.000415
v 0.038378 -0.019000 0.000000
v 0.038739 -0.019505 0.000368
v 0.038378 -0.019000 0.000000
v 0.038739 -0.019539 0.000316
v 0.038378 -0.019000 0.000000
v 0.038739 -0.019567 0.000262
v 0.038378 -0.019000 0.000000
v 0.038739 -0.019590 0.000205
v 0.038378 -0.019000 0.000000
v 0.038739 -0.019608 0.000146
v 0.038378 -0.019000 0.000000
v 0.038739 -0.019619 0.000086
v 0.038378 -0.019000 0.000000
v 0.038739 -0.019625 0.000025
v 0.038378 -0.019000 0.000000
v 0.038739 -0.019624 -0.000037
v 0.038378 -0.019000 0.000000
v 0.038739 -0.019617 -0.000097
v 0.038378 -0.019000 0.000000
v 0.038739 -0.019605 -0.000158
v 0.038378 -0.019000 0.000000
v 0.038739 -0.019586 -0.000216
v 0.038378 -0.019000 0.000000
v 0.038739 -0.019562 -0.000273
v 0.038378 -0.019000 0.000000
v 0.038739 -0.019533 -0.000326
v 0.038378 -0.019000 0.000000
v 0.038739 -0.019499 -0.000377
v 0.038378 -0.019000 0.000000
v 0.038739 -0.019459 -0.000424
v 0.038378 -0.019000 0.000000
v 0.038739 -0.019415 -0.000467
v 0.038378 -0.019000 0.000000
v 0.038739 -0.019368 -0.000505
v 0.038378 -0.019000 0.000000
v 0.038739 -0.019316 -0.000539
v 0.038378 -0.019000 0.000000
v 0.038739 -0.019262 -0.000567
v 0.038378 -0.019000 0.000000
v 0.038739 -0.019205 -0.000590
v 0.038378 -0.019000 0.000000
v 0.038739 -0.019146 -0.000608
v 0.038378 -0.019000 0.000000
v 0.038739 -0.019086 -0.000619
v 0.038378 -0.019000 0.000000
v 0.038739 -0.019025 -0.000625
v 0.038378 -0.019000 0.000000
v 0.038739 -0.018963 -0.000624
v 0.038378 -0.019000 0.000000
v 0.038739 -0.018903 -0.000617
v 0.038378 -0.019000 0.000000
v 0.039100 -0.019315 0.001210
v 0.038859 -0.019210 0.000806
v 0.038619 -0.019105 0.000403
v 0.038619 -0.018895 -0.000403
v 0.038859 -0.018790 -0.000806
v 0.039100 -0.019878 0.000890
v 0.039100 -0.019780 0.000977
v 0.039100 -0.019673 0.001053
v 0.039100 -0.019560 0.001118
v 0.039100 -0.019440 0.001170
v 0.039100 -0.020210 -0.000315
v 0.039100 -0.020238 -0.000173
v 0.039100 -0.020250 -0.000028
v 0.039100 -0.020244 0.000118
v 0.039100 -0.020222 0.000261
v 0.039100 -0.020184 0.000401
v 0.039100 -0.020129 0.000536
v 0.039100 -0.020059 0.000664
v 0.039100 -0.019975 0.000782
v 0.039100 -0.019332 -0.001205
v 0.039100 -0.019470 -0.001158
v 0.039100 -0.019601 -0.001096
v 0.039100 -0.019724 -0.001019
v 0.039100 -0.019837 -0.000928
v 0.039100 -0.019940 -0.000824
v 0.039100 -0.020029 -0.000710
v 0.039100 -0.020104 -0.000586
v 0.039100 -0.020165 -0.000453
v 0.039100 -0.018685 -0.001210
v 0.039100 -0.018813 -0.001236
v 0.039100 -0.018943 -0.001249
v 0.039100 -0.019074 -0.001248
v 0.039100 -0.019204 -0.001233
v 0.049900 -0.019968 0.008200
v 0.049900 -0.019968 0.007000
v 0.094900 -0.001328 0.008200
v 0.094900 -0.001328 0.007000
v 0.094900 -0.001328 0.007000
v 0.094900 0.001328 0.007000
v 0.094900 -0.001328 0.008200
v 0.094900 0.001328 0.008200
v 0.094900 0.001328 0.008200
v 0.094900 0.001328 0.007000
v 0.049900 0.019968 0.008200
v 0.049900 0.019968 0.007000
v 0.049900 0.019968 0.008200
v 0.049900 0.019968 0.007000
v 0.049900 -0.019968 0.008200
v 0.049900 -0.019968 0.007000
v 0.049900 -0.019968 0.008200
v 0.094900 -0.001328 0.008200
v 0.094900 0.001328 0.008200
v 0.049900 0.019968 0.008200
v 0.049900 -0.019968 0.007000
v 0.094900 -0.001328 0.007000
v 0.094900 0.001328 0.007000
v 0.049900 0.019968 0.007000
v 0.027400 -0.000000 0.002700
v 0.027700 -0.000000 0.003000
v 0.027400 -0.001909 0.001909
v 0.027400 -0.002700 0.000000
v 0.027700 -0.003000 0.000000
v 0.027400 -0.001909 -0.001909
v 0.027400 -0.000000 -0.002700
v 0.027700 -0.000000 -0.003000
v 0.027400 -0.000422 0.002667
v 0.027400 -0.000834 0.002568
v 0.027400 -0.001226 0.002406
v 0.027400 -0.001587 0.002184
v 0.027400 -0.002184 0.001587
v 0.027400 -0.002406 0.001226
v 0.027400 -0.002568 0.000834
v 0.027400 -0.002667 0.000422
v 0.027400 -0.002667 -0.000422
v 0.027400 -0.002568 -0.000834
v 0.027400 -0.002406 -0.001226
v 0.027400 -0.002184 -0.001587
v 0.027400 -0.001587 -0.002184
v 0.027400 -0.001226 -0.002406
v 0.027400 -0.000834 -0.002568
v 0.027400 -0.000422 -0.002667
v 0.027700 -0.000427 -0.002969
v 0.027700 -0.000845 -0.002878
v 0.027700 -0.001246 -0.002729
v 0.027700 -0.001622 -0.002524
v 0.027700 -0.001965 -0.002267
v 0.027700 -0.002267 -0.001965
v 0.027700 -0.002524 -0.001622
v 0.027700 -0.002729 -0.001246
v 0.027700 -0.002878 -0.000845
v 0.027700 -0.002969 -0.000427
v 0.027700 -0.002969 0.000427
v 0.027700 -0.002878 0.000845
v 0.027700 -0.002729 0.001246
v 0.027700 -0.002524 0.001622
v 0.027700 -0.002267 0.001965
v 0.027700 -0.001965 0.002267
v 0.027700 -0.001622 0.002524
v 0.027700 -0.001246 0.002729
v 0.027700 -0.000845 0.002878
v 0.027700 -0.000427 0.002969
v 0.027550 -0.000556 0.002795
v 0.027550 -0.001583 0.002370
v 0.027550 -0.002015 0.002015
v 0.027550 -0.002370 0.001583
v 0.027550 -0.002633 0.001091
v 0.027550 -0.002795 0.000556
v 0.027550 -0.002850 0.000000
v 0.027550 -0.002795 -0.000556
v 0.027550 -0.002633 -0.001091
v 0.027550 -0.002015 -0.002015
v 0.027550 -0.002370 -0.001583
v 0.027550 -0.001583 -0.002370
v 0.027550 -0.001091 -0.002633
v 0.027550 -0.000556 -0.002795
v 0.009700 -0.023000 0.000000
v 0.009700 -0.026600 0.000000
v 0.013900 -0.023000 0.000000
v 0.013900 -0.026600 0.000000
v 0.009729 -0.023000 -0.000346
v 0.009814 -0.023000 -0.000682
v 0.009953 -0.023000 -0.000999
v 0.010143 -0.023000 -0.001290
v 0.010378 -0.023000 -0.001545
v 0.010651 -0.023000 -0.001758
v 0.010956 -0.023000 -0.001923
v 0.011284 -0.023000 -0.002036
v 0.011627 -0.023000 -0.002093
v 0.011973 -0.023000 -0.002093
v 0.012316 -0.023000 -0.002036
v 0.012644 -0.023000 -0.001923
v 0.012949 -0.023000 -0.001758
v 0.013222 -0.023000 -0.001545
v 0.013457 -0.023000 -0.001290
v 0.013647 -0.023000 -0.000999
v 0.013786 -0.023000 -0.000682
v 0.013871 -0.023000 -0.000346
v 0.009700 -0.024800 0.000000
v 0.013871 -0.026600 -0.000346
v 0.013786 -0.026600 -0.000682
v 0.013647 -0.026600 -0.000999
v 0.013457 -0.026600 -0.001290
v 0.013222 -0.026600 -0.001545
v 0.012949 -0.026600 -0.001758
v 0.012644 -0.026600 -0.001923
v 0.012316 -0.026600 -0.002036
v 0.011973 -0.026600 -0.002093
v 0.011627 -0.026600 -0.002093
v 0.011284 -0.026600 -0.002036
v 0.010956 -0.026600 -0.001923
v 0.010651 -0.026600 -0.001758
v 0.010378 -0.026600 -0.001545
v 0.010143 -0.026600 -0.001290
v 0.009953 -0.026600 -0.000999
v 0.009814 -0.026600 -0.000682
v 0.009729 -0.026600 -0.000346
v 0.013900 -0.024800 0.000000
v 0.001700 -0.023000 0.000000
v 0.001700 -0.026600 0.000000
v 0.005900 -0.023000 0.000000
v 0.005900 -0.026600 0.000000
v 0.001729 -0.023000 -0.000346
v 0.001814 -0.023000 -0.000682
v 0.001953 -0.023000 -0.000999
v 0.002143 -0.023000 -0.001290
v 0.002378 -0.023000 -0.001545
v 0.002651 -0.023000 -0.001758
v 0.002956 -0.023000 -0.001923
v 0.003284 -0.023000 -0.002036
v 0.003627 -0.023000 -0.002093
v 0.003973 -0.023000 -0.002093
v 0.004316 -0.023000 -0.002036
v 0.004644 -0.023000 -0.001923
v 0.004949 -0.023000 -0.001758
v 0.005222 -0.023000 -0.001545
v 0.005457 -0.023000 -0.001290
v 0.005647 -0.023000 -0.000999
v 0.005786 -0.023000 -0.000682
v 0.005871 -0.023000 -0.000346
v 0.001700 -0.024800 0.000000
v 0.005871 -0.026600 -0.000346
v 0.005786 -0.026600 -0.000682
v 0.005647 -0.026600 -0.000999
v 0.005457 -0.026600 -0.001290
v 0.005222 -0.026600 -0.001545
v 0.004949 -0.026600 -0.001758
v 0.004644 -0.026600 -0.001923
v 0.004316 -0.026600 -0.002036
v 0.003973 -0.026600 -0.002093
v 0.003627 -0.026600 -0.002093
v 0.003284 -0.026600 -0.002036
v 0.002956 -0.026600 -0.001923
v 0.002651 -0.026600 -0.001758
v 0.002378 -0.026600 -0.001545
v 0.002143 -0.026600 -0.001290
v 0.001953 -0.026600 -0.000999
v 0.001814 -0.026600 -0.000682
v 0.001729 -0.026600 -0.000346
v 0.005900 -0.024800 0.000000
v 0.013900 0.023000 0.000000
v 0.013900 0.026600 0.000000
v 0.009700 0.023000 0.000000
v 0.009700 0.026600 0.000000
v 0.013871 0.023000 -0.000346
v 0.013786 0.023000 -0.000682
v 0.013647 0.023000 -0.000999
v 0.013457 0.023000 -0.001290
v 0.013222 0.023000 -0.001545
v 0.012949 0.023000 -0.001758
v 0.012644 0.023000 -0.001923
v 0.012316 0.023000 -0.002036
v 0.011973 0.023000 -0.002093
v 0.011627 0.023000 -0.002093
v 0.011284 0.023000 -0.002036
v 0.010956 0.023000 -0.001923
v 0.010651 0.023000 -0.001758
v 0.010378 0.023000 -0.001545
v 0.010143 0.023000 -0.001290
v 0.009953 0.023000 -0.000999
v 0.009814 0.023000 -0.000682
v 0.009729 0.023000 -0.000346
v 0.013900 0.024800 0.000000
v 0.009729 0.026600 -0.000346
v 0.009814 0.026600 -0.000682
v 0.009953 0.026600 -0.000999
v 0.010143 0.026600 -0.001290
v 0.010378 0.026600 -0.001545
v 0.010651 0.026600 -0.001758
v 0.010956 0.026600 -0.001923
v 0.011284 0.026600 -0.002036
v 0.011627 0.026600 -0.002093
v 0.011973 0.026600 -0.002093
v 0.012316 0.026600 -0.002036
v 0.012644 0.026600 -0.001923
v 0.012949 0.026600 -0.001758
v 0.013222 0.026600 -0.001545
v 0.013457 0.026600 -0.001290
v 0.013647 0.026600 -0.000999
v 0.013786 0.026600 -0.000682
v 0.013871 0.026600 -0.000346
v 0.009700 0.024800 0.000000
v 0.005900 0.023000 0.000000
v 0.005900 0.026600 0.000000
v 0.001700 0.023000 0.000000
v 0.001700 0.026600 0.000000
v 0.005871 0.023000 -0.000346
v 0.005786 0.023000 -0.000682
v 0.005647 0.023000 -0.000999
v 0.005457 0.023000 -0.001290
v 0.005222 0.023000 -0.001545
v 0.004949 0.023000 -0.001758
v 0.004644 0.023000 -0.001923
v 0.004316 0.023000 -0.002036
v 0.003973 0.023000 -0.002093
v 0.003627 0.023000 -0.002093
v 0.003284 0.023000 -0.002036
v 0.002956 0.023000 -0.001923
v 0.002651 0.023000 -0.001758
v 0.002378 0.023000 -0.001545
v 0.002143 0.023000 -0.001290
v 0.001953 0.023000 -0.000999
v 0.001814 0.023000 -0.000682
v 0.001729 0.023000 -0.000346
v 0.005900 0.024800 0.000000
v 0.001729 0.026600 -0.000346
v 0.001814 0.026600 -0.000682
v 0.001953 0.026600 -0.000999
v 0.002143 0.026600 -0.001290
v 0.002378 0.026600 -0.001545
v 0.002651 0.026600 -0.001758
v 0.002956 0.026600 -0.001923
v 0.003284 0.026600 -0.002036
v 0.003627 0.026600 -0.002093
v 0.003973 0.026600 -0.002093
v 0.004316 0.026600 -0.002036
v 0.004644 0.026600 -0.001923
v 0.004949 0.026600 -0.001758
v 0.005222 0.026600 -0.001545
v 0.005457 0.026600 -0.001290
v 0.005647 0.026600 -0.000999
v 0.005786 0.026600 -0.000682
v 0.005871 0.026600 -0.000346
v 0.001700 0.024800 0.000000
v 0.027700 0.007602 -0.002500
v 0.028200 0.007602 -0.002000
v 0.027700 0.007602 -0.007500
v 0.028200 0.007602 -0.008000
v 0.027700 0.007191 -0.002534
v 0.027700 0.006791 -0.002635
v 0.027700 0.006413 -0.002801
v 0.027700 0.006067 -0.003027
v 0.027700 0.005763 -0.003307
v 0.027700 0.005509 -0.003633
v 0.027700 0.005313 -0.003996
v 0.027700 0.005179 -0.004386
v 0.027700 0.005111 -0.004794
v 0.027700 0.005111 -0.005206
v 0.027700 0.005179 -0.005614
v 0.027700 0.005313 -0.006004
v 0.027700 0.005509 -0.006367
v 0.027700 0.005763 -0.006693
v 0.027700 0.006067 -0.006973
v 0.027700 0.006413 -0.007199
v 0.027700 0.006791 -0.007365
v 0.027700 0.007191 -0.007466
v 0.027950 0.007602 -0.007750
v 0.028200 0.007109 -0.007959
v 0.028200 0.006628 -0.007837
v 0.028200 0.006175 -0.007638
v 0.028200 0.005760 -0.007367
v 0.028200 0.005395 -0.007032
v 0.028200 0.005091 -0.006641
v 0.028200 0.004855 -0.006205
v 0.028200 0.004694 -0.005736
v 0.028200 0.004613 -0.005248
v 0.028200 0.004613 -0.004752
v 0.028200 0.004694 -0.004264
v 0.028200 0.004855 -0.003795
v 0.028200 0.005091 -0.003359
v 0.028200 0.005395 -0.002968
v 0.028200 0.005760 -0.002633
v 0.028200 0.006175 -0.002362
v 0.028200 0.006628 -0.002163
v 0.028200 0.007109 -0.002041
v 0.027950 0.007602 -0.002250
v 0.027700 -0.007602 0.007500
v 0.028200 -0.007602 0.008000
v 0.027700 -0.007602 0.002500
v 0.028200 -0.007602 0.002000
v 0.027700 -0.008014 0.007466
v 0.027700 -0.008414 0.007365
v 0.027700 -0.008792 0.007199
v 0.027700 -0.009138 0.006973
v 0.027700 -0.009442 0.006693
v 0.027700 -0.009695 0.006367
v 0.027700 -0.009892 0.006004
v 0.027700 -0.010026 0.005614
v 0.027700 -0.010094 0.005206
v 0.027700 -0.010094 0.004794
v 0.027700 -0.010026 0.004386
v 0.027700 -0.009892 0.003996
v 0.027700 -0.009695 0.003633
v 0.027700 -0.009442 0.003307
v 0.027700 -0.009138 0.003027
v 0.027700 -0.008792 0.002801
v 0.027700 -0.008414 0.002635
v 0.027700 -0.008014 0.002534
v 0.027950 -0.007602 0.002250
v 0.028200 -0.008096 0.002041
v 0.028200 -0.008576 0.002163
v 0.028200 -0.009030 0.002362
v 0.028200 -0.009445 0.002633
v 0.028200 -0.009810 0.002968
v 0.028200 -0.010114 0.003359
v 0.028200 -0.010350 0.003795
v 0.028200 -0.010511 0.004264
v 0.028200 -0.010592 0.004752
v 0.028200 -0.010592 0.005248
v 0.028200 -0.010511 0.005736
v 0.028200 -0.010350 0.006205
v 0.028200 -0.010114 0.006641
v 0.028200 -0.009810 0.007032
v 0.028200 -0.009445 0.007367
v 0.028200 -0.009030 0.007638
v 0.028200 -0.008576 0.007837
v 0.028200 -0.008096 0.007959
v 0.027950 -0.007602 0.007750
v 0.035900 0.019000 0.001250
v 0.029400 0.019000 0.001250
v 0.035900 0.019000 -0.001250
v 0.029400 0.019000 -0.001250
v 0.035900 0.019206 0.001233
v 0.035900 0.019406 0.001182
v 0.035900 0.019595 0.001099
v 0.035900 0.019768 0.000986
v 0.035900 0.019920 0.000847
v 0.035900 0.020046 0.000684
v 0.035900 0.020145 0.000502
v 0.035900 0.020212 0.000307
v 0.035900 0.020246 0.000103
v 0.035900 0.020246 -0.000103
v 0.035900 0.020212 -0.000307
v 0.035900 0.020145 -0.000502
v 0.035900 0.020046 -0.000684
v 0.035900 0.019920 -0.000847
v 0.035900 0.019768 -0.000986
v 0.035900 0.019595 -0.001099
v 0.035900 0.019406 -0.001182
v 0.035900 0.019206 -0.001233
v 0.032650 0.019000 0.001250
v 0.029400 0.019206 -0.001233
v 0.029400 0.019406 -0.001182
v 0.029400 0.019595 -0.001099
v 0.029400 0.019768 -0.000986
v 0.029400 0.019920 -0.000847
v 0.029400 0.020046 -0.000684
v 0.029400 0.020145 -0.000502
v 0.029400 0.020212 -0.000307
v 0.029400 0.020246 -0.000103
v 0.029400 0.020246 0.000103
v 0.029400 0.020212 0.000307
v 0.029400 0.020145 0.000502
v 0.029400 0.020046 0.000684
v 0.029400 0.019920 0.000847
v 0.029400 0.019768 0.000986
v 0.029400 0.019595 0.001099
v 0.029400 0.019406 0.001182
v 0.029400 0.019206 0.001233
v 0.032650 0.019000 -0.001250
v 0.035900 -0.019000 0.001250
v 0.029400 -0.019000 0.001250
v 0.035900 -0.019000 -0.001250
v 0.029400 -0.019000 -0.001250
v 0.035900 -0.018794 0.001233
v 0.035900 -0.018594 0.001182
v 0.035900 -0.018405 0.001099
v 0.035900 -0.018232 0.000986
v 0.035900 -0.018080 0.000847
v 0.035900 -0.017954 0.000684
v 0.035900 -0.017855 0.000502
v 0.035900 -0.017788 0.000307
v 0.035900 -0.017754 0.000103
v 0.035900 -0.017754 -0.000103
v 0.035900 -0.017788 -0.000307
v 0.035900 -0.017855 -0.000502
v 0.035900 -0.017954 -0.000684
v 0.035900 -0.018080 -0.000847
v 0.035900 -0.018232 -0.000986
v 0.035900 -0.018405 -0.001099
v 0.035900 -0.018594 -0.001182
v 0.035900 -0.018794 -0.001233
v 0.032650 -0.019000 0.001250
v 0.029400 -0.018794 -0.001233
v 0.029400 -0.018594 -0.001182
v 0.029400 -0.018405 -0.001099
v 0.029400 -0.018232 -0.000986
v 0.029400 -0.018080 -0.000847
v 0.029400 -0.017954 -0.000684
v 0.029400 -0.017855 -0.000502
v 0.029400 -0.017788 -0.000307
v 0.029400 -0.017754 -0.000103
v 0.029400 -0.017754 0.000103
v 0.029400 -0.017788 0.000307
v 0.029400 -0.017855 0.000502
v 0.029400 -0.017954 0.000684
v 0.029400 -0.018080 0.000847
v 0.029400 -0.018232 0.000986
v 0.029400 -0.018405 0.001099
v 0.029400 -0.018594 0.001182
v 0.029400 -0.018794 0.001233
v 0.032650 -0.019000 -0.001250
v 0.028200 0.007602 -0.002000
v 0.028200 0.007602 -0.008000
v 0.029700 0.007602 -0.008000
v 0.028200 0.007109 -0.002041
v 0.028200 0.006628 -0.002163
v 0.028200 0.006175 -0.002362
v 0.028200 0.005760 -0.002633
v 0.028200 0.005395 -0.002968
v 0.028200 0.005091 -0.003359
v 0.028200 0.004855 -0.003795
v 0.028200 0.004694 -0.004264
v 0.028200 0.004613 -0.004752
v 0.028200 0.004613 -0.005248
v 0.028200 0.004694 -0.005736
v 0.028200 0.004855 -0.006205
v 0.028200 0.005091 -0.006641
v 0.028200 0.005395 -0.007032
v 0.028200 0.005760 -0.007367
v 0.028200 0.006175 -0.007638
v 0.028200 0.006628 -0.007837
v 0.028200 0.007109 -0.007959
v 0.028950 0.007602 -0.008000
v 0.029400 0.006295 -0.007700
v 0.029400 0.005861 -0.007443
v 0.029400 0.005477 -0.007117
v 0.029400 0.005153 -0.006732
v 0.029400 0.004897 -0.006297
v 0.029400 0.004718 -0.005826
v 0.029400 0.004621 -0.005332
v 0.029400 0.004607 -0.004828
v 0.029400 0.004678 -0.004329
v 0.029400 0.004832 -0.003849
v 0.029400 0.005064 -0.003402
v 0.029400 0.005367 -0.002999
v 0.029400 0.005733 -0.002653
v 0.029400 0.006152 -0.002374
v 0.029400 0.006612 -0.002168
v 0.029400 0.007100 -0.002042
v 0.029400 0.007602 -0.002000
v 0.028800 0.007602 -0.002000
v 0.029681 0.007266 -0.007981
v 0.029624 0.006932 -0.007924
v 0.029530 0.006606 -0.007830
v 0.028200 -0.007602 0.008000
v 0.029700 -0.007602 0.008000
v 0.028200 -0.007602 0.002000
v 0.028200 -0.008096 0.007959
v 0.028200 -0.008576 0.007837
v 0.028200 -0.009030 0.007638
v 0.028200 -0.009445 0.007367
v 0.028200 -0.009810 0.007032
v 0.028200 -0.010114 0.006641
v 0.028200 -0.010350 0.006205
v 0.028200 -0.010511 0.005736
v 0.028200 -0.010592 0.005248
v 0.028200 -0.010592 0.004752
v 0.028200 -0.010511 0.004264
v 0.028200 -0.010350 0.003795
v 0.028200 -0.010114 0.003359
v 0.028200 -0.009810 0.002968
v 0.028200 -0.009445 0.002633
v 0.028200 -0.009030 0.002362
v 0.028200 -0.008576 0.002163
v 0.028200 -0.008096 0.002041
v 0.028800 -0.007602 0.002000
v 0.029400 -0.007602 0.002000
v 0.029400 -0.008104 0.002042
v 0.029400 -0.008592 0.002168
v 0.029400 -0.009052 0.002374
v 0.029400 -0.009472 0.002653
v 0.029400 -0.009838 0.002999
v 0.029400 -0.010141 0.003402
v 0.029400 -0.010373 0.003849
v 0.029400 -0.010526 0.004329
v 0.029400 -0.010597 0.004828
v 0.029400 -0.010584 0.005332
v 0.029400 -0.010486 0.005826
v 0.029400 -0.010307 0.006297
v 0.029400 -0.010052 0.006732
v 0.029400 -0.009728 0.007117
v 0.029400 -0.009344 0.007443
v 0.029400 -0.008910 0.007700
v 0.028950 -0.007602 0.008000
v 0.029530 -0.008599 0.007830
v 0.029624 -0.008273 0.007924
v 0.029681 -0.007939 0.007981
v 0.029400 -0.000000 -0.003000
v 0.027700 -0.000000 -0.003000
v 0.027700 -0.003000 0.000000
v 0.029400 -0.000000 0.003000
v 0.027700 -0.000000 0.003000
v 0.027700 -0.000427 0.002969
v 0.027700 -0.000845 0.002878
v 0.027700 -0.001246 0.002729
v 0.027700 -0.001622 0.002524
v 0.027700 -0.001965 0.002267
v 0.027700 -0.002267 0.001965
v 0.027700 -0.002524 0.001622
v 0.027700 -0.002729 0.001246
v 0.027700 -0.002878 0.000845
v 0.027700 -0.002969 0.000427
v 0.027700 -0.002969 -0.000427
v 0.027700 -0.002878 -0.000845
v 0.027700 -0.002729 -0.001246
v 0.027700 -0.002524 -0.001622
v 0.027700 -0.002267 -0.001965
v 0.027700 -0.001965 -0.002267
v 0.027700 -0.001622 -0.002524
v 0.027700 -0.001246 -0.002729
v 0.027700 -0.000845 -0.002878
v 0.027700 -0.000427 -0.002969
v 0.029400 -0.000494 -0.002959
v 0.029400 -0.000974 -0.002837
v 0.029400 -0.001428 -0.002638
v 0.029400 -0.001843 -0.002367
v 0.029400 -0.002207 -0.002032
v 0.029400 -0.002512 -0.001641
v 0.029400 -0.002747 -0.001205
v 0.029400 -0.002908 -0.000736
v 0.029400 -0.002990 -0.000248
v 0.029400 -0.002990 0.000248
v 0.029400 -0.002908 0.000736
v 0.029400 -0.002747 0.001205
v 0.029400 -0.002512 0.001641
v 0.029400 -0.002207 0.002032
v 0.029400 -0.001843 0.002367
v 0.029400 -0.001428 0.002638
v 0.029400 -0.000974 0.002837
v 0.029400 -0.000494 0.002959
v 0.028550 -0.000000 0.003000
v 0.028550 -0.000000 -0.003000
v 0.030300 -0.000000 -0.003000
v 0.035900 -0.000000 -0.003000
v 0.030300 -0.000000 0.003000
v 0.035900 -0.000000 0.003000
v 0.030300 0.000494 -0.002959
v 0.030300 0.000974 -0.002837
v 0.030300 0.001428 -0.002638
v 0.030300 0.001843 -0.002367
v 0.030300 0.002207 -0.002032
v 0.030300 0.002512 -0.001641
v 0.030300 0.002747 -0.001205
v 0.030300 0.002908 -0.000736
v 0.030300 0.002990 -0.000248
v 0.030300 0.002990 0.000248
v 0.030300 0.002908 0.000736
v 0.030300 0.002747 0.001205
v 0.030300 0.002512 0.001641
v 0.030300 0.002207 0.002032
v 0.030300 0.001843 0.002367
v 0.030300 0.001428 0.002638
v 0.030300 0.000974 0.002837
v 0.030300 0.000494 0.002959
v 0.033100 -0.000000 -0.003000
v 0.035900 0.000494 0.002959
v 0.035900 0.000974 0.002837
v 0.035900 0.001428 0.002638
v 0.035900 0.001843 0.002367
v 0.035900 0.002207 0.002032
v 0.035900 0.002512 0.001641
v 0.035900 0.002747 0.001205
v 0.035900 0.002908 0.000736
v 0.035900 0.002990 0.000248
v 0.035900 0.002990 -0.000248
v 0.035900 0.002908 -0.000736
v 0.035900 0.002747 -0.001205
v 0.035900 0.002512 -0.001641
v 0.035900 0.002207 -0.002032
v 0.035900 0.001843 -0.002367
v 0.035900 0.001428 -0.002638
v 0.035900 0.000974 -0.002837
v 0.035900 0.000494 -0.002959
v 0.033100 -0.000000 0.003000
v 0.012950 -0.023000 0.000000
v 0.012950 -0.021100 0.000000
v 0.010650 -0.023000 0.000000
v 0.010650 -0.021100 0.000000
v 0.012934 -0.023000 -0.000189
v 0.012888 -0.023000 -0.000373
v 0.012811 -0.023000 -0.000547
v 0.012708 -0.023000 -0.000706
v 0.012579 -0.023000 -0.000846
v 0.012429 -0.023000 -0.000963
v 0.012262 -0.023000 -0.001053
v 0.012082 -0.023000 -0.001115
v 0.011895 -0.023000 -0.001146
v 0.011705 -0.023000 -0.001146
v 0.011518 -0.023000 -0.001115
v 0.011338 -0.023000 -0.001053
v 0.011171 -0.023000 -0.000963
v 0.011021 -0.023000 -0.000846
v 0.010893 -0.023000 -0.000706
v 0.010789 -0.023000 -0.000547
v 0.010712 -0.023000 -0.000373
v 0.010666 -0.023000 -0.000189
v 0.012950 -0.022050 0.000000
v 0.010666 -0.021100 -0.000189
v 0.010712 -0.021100 -0.000373
v 0.010789 -0.021100 -0.000547
v 0.010893 -0.021100 -0.000706
v 0.011021 -0.021100 -0.000846
v 0.011171 -0.021100 -0.000963
v 0.011338 -0.021100 -0.001053
v 0.011518 -0.021100 -0.001115
v 0.011705 -0.021100 -0.001146
v 0.011895 -0.021100 -0.001146
v 0.012082 -0.021100 -0.001115
v 0.012262 -0.021100 -0.001053
v 0.012429 -0.021100 -0.000963
v 0.012579 -0.021100 -0.000846
v 0.012708 -0.021100 -0.000706
v 0.012811 -0.021100 -0.000547
v 0.012888 -0.021100 -0.000373
v 0.012934 -0.021100 -0.000189
v 0.010650 -0.022050 0.000000
v 0.004950 -0.023000 0.000000
v 0.004950 -0.021100 0.000000
v 0.002650 -0.023000 0.000000
v 0.002650 -0.021100 0.000000
v 0.004934 -0.023000 -0.000189
v 0.004888 -0.023000 -0.000373
v 0.004811 -0.023000 -0.000547
v 0.004708 -0.023000 -0.000706
v 0.004579 -0.023000 -0.000846
v 0.004429 -0.023000 -0.000963
v 0.004262 -0.023000 -0.001053
v 0.004082 -0.023000 -0.001115
v 0.003895 -0.023000 -0.001146
v 0.003705 -0.023000 -0.001146
v 0.003518 -0.023000 -0.001115
v 0.003338 -0.023000 -0.001053
v 0.003171 -0.023000 -0.000963
v 0.003021 -0.023000 -0.000846
v 0.002893 -0.023000 -0.000706
v 0.002789 -0.023000 -0.000547
v 0.002712 -0.023000 -0.000373
v 0.002666 -0.023000 -0.000189
v 0.004950 -0.022050 0.000000
v 0.002666 -0.021100 -0.000189
v 0.002712 -0.021100 -0.000373
v 0.002789 -0.021100 -0.000547
v 0.002893 -0.021100 -0.000706
v 0.003021 -0.021100 -0.000846
v 0.003171 -0.021100 -0.000963
v 0.003338 -0.021100 -0.001053
v 0.003518 -0.021100 -0.001115
v 0.003705 -0.021100 -0.001146
v 0.003895 -0.021100 -0.001146
v 0.004082 -0.021100 -0.001115
v 0.004262 -0.021100 -0.001053
v 0.004429 -0.021100 -0.000963
v 0.004579 -0.021100 -0.000846
v 0.004708 -0.021100 -0.000706
v 0.004811 -0.021100 -0.000547
v 0.004888 -0.021100 -0.000373
v 0.004934 -0.021100 -0.000189
v 0.002650 -0.022050 0.000000
v 0.030300 -0.000000 0.001500
v 0.027400 -0.000000 0.001500
v 0.030300 -0.000000 -0.001500
v 0.027400 -0.000000 -0.001500
v 0.030300 0.000247 0.001480
v 0.030300 0.000487 0.001419
v 0.030300 0.000714 0.001319
v 0.030300 0.000921 0.001184
v 0.030300 0.001104 0.001016
v 0.030300 0.001256 0.000820
v 0.030300 0.001374 0.000603
v 0.030300 0.001454 0.000368
v 0.030300 0.001495 0.000124
v 0.030300 0.001495 -0.000124
v 0.030300 0.001454 -0.000368
v 0.030300 0.001374 -0.000603
v 0.030300 0.001256 -0.000820
v 0.030300 0.001104 -0.001016
v 0.030300 0.000921 -0.001184
v 0.030300 0.000714 -0.001319
v 0.030300 0.000487 -0.001419
v 0.030300 0.000247 -0.001480
v 0.028850 -0.000000 0.001500
v 0.027400 0.000247 -0.001480
v 0.027400 0.000487 -0.001419
v 0.027400 0.000714 -0.001319
v 0.027400 0.000921 -0.001184
v 0.027400 0.001104 -0.001016
v 0.027400 0.001256 -0.000820
v 0.027400 0.001374 -0.000603
v 0.027400 0.001454 -0.000368
v 0.027400 0.001495 -0.000124
v 0.027400 0.001495 0.000124
v 0.027400 0.001454 0.000368
v 0.027400 0.001374 0.000603
v 0.027400 0.001256 0.000820
v 0.027400 0.001104 0.001016
v 0.027400 0.000921 0.001184
v 0.027400 0.000714 0.001319
v 0.027400 0.000487 0.001419
v 0.027400 0.000247 0.001480
v 0.028850 -0.000000 -0.001500
v 0.004950 0.021100 0.000000
v 0.004950 0.023000 0.000000
v 0.002650 0.021100 0.000000
v 0.002650 0.023000 0.000000
v 0.004934 0.021100 -0.000189
v 0.004888 0.021100 -0.000373
v 0.004811 0.021100 -0.000547
v 0.004708 0.021100 -0.000706
v 0.004579 0.021100 -0.000846
v 0.004429 0.021100 -0.000963
v 0.004262 0.021100 -0.001053
v 0.004082 0.021100 -0.001115
v 0.003895 0.021100 -0.001146
v 0.003705 0.021100 -0.001146
v 0.003518 0.021100 -0.001115
v 0.003338 0.021100 -0.001053
v 0.003171 0.021100 -0.000963
v 0.003021 0.021100 -0.000846
v 0.002893 0.021100 -0.000706
v 0.002789 0.021100 -0.000547
v 0.002712 0.021100 -0.000373
v 0.002666 0.021100 -0.000189
v 0.004950 0.022050 0.000000
v 0.002666 0.023000 -0.000189
v 0.002712 0.023000 -0.000373
v 0.002789 0.023000 -0.000547
v 0.002893 0.023000 -0.000706
v 0.003021 0.023000 -0.000846
v 0.003171 0.023000 -0.000963
v 0.003338 0.023000 -0.001053
v 0.003518 0.023000 -0.001115
v 0.003705 0.023000 -0.001146
v 0.003895 0.023000 -0.001146
v 0.004082 0.023000 -0.001115
v 0.004262 0.023000 -0.001053
v 0.004429 0.023000 -0.000963
v 0.004579 0.023000 -0.000846
v 0.004708 0.023000 -0.000706
v 0.004811 0.023000 -0.000547
v 0.004888 0.023000 -0.000373
v 0.004934 0.023000 -0.000189
v 0.002650 0.022050 0.000000
v 0.012950 0.021100 0.000000
v 0.012950 0.023000 0.000000
v 0.010650 0.021100 0.000000
v 0.010650 0.023000 0.000000
v 0.012934 0.021100 -0.000189
v 0.012888 0.021100 -0.000373
v 0.012811 0.021100 -0.000547
v 0.012708 0.021100 -0.000706
v 0.012579 0.021100 -0.000846
v 0.012429 0.021100 -0.000963
v 0.012262 0.021100 -0.001053
v 0.012082 0.021100 -0.001115
v 0.011895 0.021100 -0.001146
v 0.011705 0.021100 -0.001146
v 0.011518 0.021100 -0.001115
v 0.011338 0.021100 -0.001053
v 0.011171 0.021100 -0.000963
v 0.011021 0.021100 -0.000846
v 0.010893 0.021100 -0.000706
v 0.010789 0.021100 -0.000547
v 0.010712 0.021100 -0.000373
v 0.010666 0.021100 -0.000189
v 0.012950 0.022050 0.000000
v 0.010666 0.023000 -0.000189
v 0.010712 0.023000 -0.000373
v 0.010789 0.023000 -0.000547
v 0.010893 0.023000 -0.000706
v 0.011021 0.023000 -0.000846
v 0.011171 0.023000 -0.000963
v 0.011338 0.023000 -0.001053
v 0.011518 0.023000 -0.001115
v 0.011705 0.023000 -0.001146
v 0.011895 0.023000 -0.001146
v 0.012082 0.023000 -0.001115
v 0.012262 0.023000 -0.001053
v 0.012429 0.023000 -0.000963
v 0.012579 0.023000 -0.000846
v 0.012708 0.023000 -0.000706
v 0.012811 0.023000 -0.000547
v 0.012888 0.023000 -0.000373
v 0.012934 0.023000 -0.000189
v 0.010650 0.022050 0.000000
v -0.000000 0.026600 -0.007700
v -0.000000 0.026600 0.007700
v 0.032900 0.026600 0.007700
v 0.013900 0.026600 0.000000
v 0.013871 0.026600 -0.000346
v 0.013786 0.026600 -0.000682
v 0.013647 0.026600 -0.000999
v 0.013457 0.026600 -0.001290
v 0.013222 0.026600 -0.001545
v 0.012949 0.026600 -0.001758
v 0.012644 0.026600 -0.001923
v 0.012316 0.026600 -0.002036
v 0.011973 0.026600 -0.002093
v 0.011627 0.026600 -0.002093
v 0.011284 0.026600 -0.002036
v 0.010956 0.026600 -0.001923
v 0.010651 0.026600 -0.001758
v 0.010378 0.026600 -0.001545
v 0.010143 0.026600 -0.001290
v 0.009953 0.026600 -0.000999
v 0.009814 0.026600 -0.000682
v 0.009729 0.026600 -0.000346
v 0.009700 0.026600 0.000000
v 0.005900 0.026600 0.000000
v 0.005871 0.026600 -0.000346
v 0.005786 0.026600 -0.000682
v 0.005647 0.026600 -0.000999
v 0.005457 0.026600 -0.001290
v 0.005222 0.026600 -0.001545
v 0.004949 0.026600 -0.001758
v 0.004644 0.026600 -0.001923
v 0.004316 0.026600 -0.002036
v 0.003973 0.026600 -0.002093
v 0.003627 0.026600 -0.002093
v 0.003284 0.026600 -0.002036
v 0.002956 0.026600 -0.001923
v 0.002651 0.026600 -0.001758
v 0.002378 0.026600 -0.001545
v 0.002143 0.026600 -0.001290
v 0.001953 0.026600 -0.000999
v 0.001814 0.026600 -0.000682
v 0.001729 0.026600 -0.000346
v 0.001700 0.026600 0.000000
v 0.032900 0.026600 -0.007700
v 0.001729 0.026600 0.000346
v 0.001814 0.026600 0.000682
v 0.001953 0.026600 0.000999
v 0.002143 0.026600 0.001290
v 0.002378 0.026600 0.001545
v 0.002651 0.026600 0.001758
v 0.002956 0.026600 0.001923
v 0.003284 0.026600 0.002036
v 0.003627 0.026600 0.002093
v 0.003973 0.026600 0.002093
v 0.004316 0.026600 0.002036
v 0.004644 0.026600 0.001923
v 0.004949 0.026600 0.001758
v 0.005222 0.026600 0.001545
v 0.005457 0.026600 0.001290
v 0.005647 0.026600 0.000999
v 0.005786 0.026600 0.000682
v 0.005871 0.026600 0.000346
v 0.009729 0.026600 0.000346
v 0.009814 0.026600 0.000682
v 0.009953 0.026600 0.000999
v 0.010143 0.026600 0.001290
v 0.010378 0.026600 0.001545
v 0.010651 0.026600 0.001758
v 0.010956 0.026600 0.001923
v 0.011284 0.026600 0.002036
v 0.011627 0.026600 0.002093
v 0.011973 0.026600 0.002093
v 0.012316 0.026600 0.002036
v 0.012644 0.026600 0.001923
v 0.012949 0.026600 0.001758
v 0.013222 0.026600 0.001545
v 0.013457 0.026600 0.001290
v 0.013647 0.026600 0.000999
v 0.013786 0.026600 0.000682
v 0.013871 0.026600 0.000346
v 0.010650 0.021100 0.000000
v 0.010650 0.023000 0.000000
v 0.012950 0.021100 0.000000
v 0.012950 0.023000 0.000000
v 0.012950 0.022050 0.000000
v 0.010650 0.022050 0.000000
v 0.010666 0.021100 0.000189
v 0.010712 0.021100 0.000373
v 0.010789 0.021100 0.000547
v 0.010893 0.021100 0.000706
v 0.011021 0.021100 0.000846
v 0.011171 0.021100 0.000963
v 0.011338 0.021100 0.001053
v 0.011518 0.021100 0.001115
v 0.011705 0.021100 0.001146
v 0.011895 0.021100 0.001146
v 0.012082 0.021100 0.001115
v 0.012262 0.021100 0.001053
v 0.012429 0.021100 0.000963
v 0.012579 0.021100 0.000846
v 0.012708 0.021100 0.000706
v 0.012811 0.021100 0.000547
v 0.012888 0.021100 0.000373
v 0.012934 0.021100 0.000189
v 0.012934 0.023000 0.000189
v 0.012888 0.023000 0.000373
v 0.012811 0.023000 0.000547
v 0.012708 0.023000 0.000706
v 0.012579 0.023000 0.000846
v 0.012429 0.023000 0.000963
v 0.012262 0.023000 0.001053
v 0.012082 0.023000 0.001115
v 0.011895 0.023000 0.001146
v 0.011705 0.023000 0.001146
v 0.011518 0.023000 0.001115
v 0.011338 0.023000 0.001053
v 0.011171 0.023000 0.000963
v 0.011021 0.023000 0.000846
v 0.010893 0.023000 0.000706
v 0.010789 0.023000 0.000547
v 0.010712 0.023000 0.000373
v 0.010666 0.023000 0.000189
v 0.002650 0.021100 0.000000
v 0.002650 0.023000 0.000000
v 0.004950 0.021100 0.000000
v 0.004950 0.023000 0.000000
v 0.004950 0.022050 0.000000
v 0.002650 0.022050 0.000000
v 0.002666 0.021100 0.000189
v 0.002712 0.021100 0.000373
v 0.002789 0.021100 0.000547
v 0.002893 0.021100 0.000706
v 0.003021 0.021100 0.000846
v 0.003171 0.021100 0.000963
v 0.003338 0.021100 0.001053
v 0.003518 0.021100 0.001115
v 0.003705 0.021100 0.001146
v 0.003895 0.021100 0.001146
v 0.004082 0.021100 0.001115
v 0.004262 0.021100 0.001053
v 0.004429 0.021100 0.000963
v 0.004579 0.021100 0.000846
v 0.004708 0.021100 0.000706
v 0.004811 0.021100 0.000547
v 0.004888 0.021100 0.000373
v 0.004934 0.021100 0.000189
v 0.004934 0.023000 0.000189
v 0.004888 0.023000 0.000373
v 0.004811 0.023000 0.000547
v 0.004708 0.023000 0.000706
v 0.004579 0.023000 0.000846
v 0.004429 0.023000 0.000963
v 0.004262 0.023000 0.001053
v 0.004082 0.023000 0.001115
v 0.003895 0.023000 0.001146
v 0.003705 0.023000 0.001146
v 0.003518 0.023000 0.001115
v 0.003338 0.023000 0.001053
v 0.003171 0.023000 0.000963
v 0.003021 0.023000 0.000846
v 0.002893 0.023000 0.000706
v 0.002789 0.023000 0.000547
v 0.002712 0.023000 0.000373
v 0.002666 0.023000 0.000189
v 0.027400 -0.000000 -0.002700
v 0.027400 -0.000422 -0.002667
v 0.027400 -0.000834 -0.002568
v 0.027400 -0.001226 -0.002406
v 0.027400 -0.001587 -0.002184
v 0.027400 -0.001909 -0.001909
v 0.027400 -0.002184 -0.001587
v 0.027400 -0.002406 -0.001226
v 0.027400 -0.002568 -0.000834
v 0.027400 -0.002667 -0.000422
v 0.027400 -0.002700 0.000000
v 0.027400 -0.002667 0.000422
v 0.027400 -0.002568 0.000834
v 0.027400 -0.002406 0.001226
v 0.027400 -0.002184 0.001587
v 0.027400 -0.001909 0.001909
v 0.027400 -0.001587 0.002184
v 0.027400 -0.001226 0.002406
v 0.027400 -0.000834 0.002568
v 0.027400 -0.000422 0.002667
v 0.027400 -0.000000 0.002700
v 0.027400 -0.000000 -0.001500
v 0.027400 0.000247 -0.001480
v 0.027400 0.000487 -0.001419
v 0.027400 0.000714 -0.001319
v 0.027400 0.000921 -0.001184
v 0.027400 0.001104 -0.001016
v 0.027400 0.001256 -0.000820
v 0.027400 0.001374 -0.000603
v 0.027400 0.001454 -0.000368
v 0.027400 0.001495 -0.000124
v 0.027400 0.001495 0.000124
v 0.027400 0.001454 0.000368
v 0.027400 0.001374 0.000603
v 0.027400 0.001256 0.000820
v 0.027400 0.001104 0.001016
v 0.027400 0.000921 0.001184
v 0.027400 0.000714 0.001319
v 0.027400 0.000487 0.001419
v 0.027400 0.000247 0.001480
v 0.027400 -0.000000 0.001500
v 0.027400 -0.000247 0.001480
v 0.027400 -0.000487 0.001419
v 0.027400 -0.000714 0.001319
v 0.027400 -0.000921 0.001184
v 0.027400 -0.001104 0.001016
v 0.027400 -0.001256 0.000820
v 0.027400 -0.001374 0.000603
v 0.027400 -0.001454 0.000368
v 0.027400 -0.001495 0.000124
v 0.027400 -0.001495 -0.000124
v 0.027400 -0.001454 -0.000368
v 0.027400 -0.001374 -0.000603
v 0.027400 -0.001256 -0.000820
v 0.027400 -0.001104 -0.001016
v 0.027400 -0.000921 -0.001184
v 0.027400 -0.000714 -0.001319
v 0.027400 -0.000487 -0.001419
v 0.027400 -0.000247 -0.001480
v 0.027400 0.000422 0.002667
v 0.027400 0.000834 0.002568
v 0.027400 0.001226 0.002406
v 0.027400 0.001587 0.002184
v 0.027400 0.001909 0.001909
v 0.027400 0.002184 0.001587
v 0.027400 0.002406 0.001226
v 0.027400 0.002568 0.000834
v 0.027400 0.002667 0.000422
v 0.027400 0.002700 0.000000
v 0.027400 0.002667 -0.000422
v 0.027400 0.002568 -0.000834
v 0.027400 0.002406 -0.001226
v 0.027400 0.002184 -0.001587
v 0.027400 0.001909 -0.001909
v 0.027400 0.001587 -0.002184
v 0.027400 0.001226 -0.002406
v 0.027400 0.000834 -0.002568
v 0.027400 0.000422 -0.002667
v 0.030300 -0.000000 -0.001500
v 0.027400 -0.000000 -0.001500
v 0.030300 -0.000000 0.001500
v 0.027400 -0.000000 0.001500
v 0.028850 -0.000000 0.001500
v 0.028850 -0.000000 -0.001500
v 0.030300 -0.000247 -0.001480
v 0.030300 -0.000487 -0.001419
v 0.030300 -0.000714 -0.001319
v 0.030300 -0.000921 -0.001184
v 0.030300 -0.001104 -0.001016
v 0.030300 -0.001256 -0.000820
v 0.030300 -0.001374 -0.000603
v 0.030300 -0.001454 -0.000368
v 0.030300 -0.001495 -0.000124
v 0.030300 -0.001495 0.000124
v 0.030300 -0.001454 0.000368
v 0.030300 -0.001374 0.000603
v 0.030300 -0.001256 0.000820
v 0.030300 -0.001104 0.001016
v 0.030300 -0.000921 0.001184
v 0.030300 -0.000714 0.001319
v 0.030300 -0.000487 0.001419
v 0.030300 -0.000247 0.001480
v 0.027400 -0.000247 0.001480
v 0.027400 -0.000487 0.001419
v 0.027400 -0.000714 0.001319
v 0.027400 -0.000921 0.001184
v 0.027400 -0.001104 0.001016
v 0.027400 -0.001256 0.000820
v 0.027400 -0.001374 0.000603
v 0.027400 -0.001454 0.000368
v 0.027400 -0.001495 0.000124
v 0.027400 -0.001495 -0.000124
v 0.027400 -0.001454 -0.000368
v 0.027400 -0.001374 -0.000603
v 0.027400 -0.001256 -0.000820
v 0.027400 -0.001104 -0.001016
v 0.027400 -0.000921 -0.001184
v 0.027400 -0.000714 -0.001319
v 0.027400 -0.000487 -0.001419
v 0.027400 -0.000247 -0.001480
v 0.000300 0.026300 0.008000
v 0.000300 -0.026300 0.008000
v 0.028400 -0.022900 0.008000
v 0.027700 -0.022900 0.008000
v 0.027700 -0.023100 0.008000
v 0.026400 -0.024400 0.008000
v 0.018600 -0.024400 0.008000
v 0.017300 -0.023100 0.008000
v 0.017300 -0.022900 0.008000
v 0.015300 -0.022900 0.008000
v 0.015300 -0.019400 0.008000
v 0.014200 -0.019400 0.008000
v 0.014200 -0.021400 0.008000
v 0.001400 -0.021400 0.008000
v 0.001400 -0.019400 0.008000
v 0.000300 -0.019400 0.008000
v 0.032776 -0.026300 0.008000
v 0.033600 -0.025476 0.008000
v 0.033600 0.025476 0.008000
v 0.032776 0.026300 0.008000
v 0.000300 0.019400 0.008000
v 0.001400 0.019400 0.008000
v 0.001400 0.021400 0.008000
v 0.014200 0.021400 0.008000
v 0.014200 0.019400 0.008000
v 0.015300 0.019400 0.008000
v 0.015300 0.022900 0.008000
v 0.028400 0.022900 0.008000
v 0.029700 0.021600 0.008000
v 0.029700 -0.007602 0.008000
v 0.029700 -0.021600 0.008000
v 0.028585 0.022887 0.008000
v 0.028766 0.022847 0.008000
v 0.028940 0.022783 0.008000
v 0.029103 0.022694 0.008000
v 0.029251 0.022582 0.008000
v 0.029382 0.022451 0.008000
v 0.029494 0.022303 0.008000
v 0.029583 0.022140 0.008000
v 0.029647 0.021966 0.008000
v 0.029687 0.021785 0.008000
v 0.018415 -0.024387 0.008000
v 0.018234 -0.024347 0.008000
v 0.018060 -0.024283 0.008000
v 0.017897 -0.024194 0.008000
v 0.017749 -0.024082 0.008000
v 0.017618 -0.023951 0.008000
v 0.017506 -0.023803 0.008000
v 0.017417 -0.023640 0.008000
v 0.017353 -0.023466 0.008000
v 0.017313 -0.023285 0.008000
v 0.027687 -0.023285 0.008000
v 0.027647 -0.023466 0.008000
v 0.027583 -0.023640 0.008000
v 0.027494 -0.023803 0.008000
v 0.027382 -0.023951 0.008000
v 0.027251 -0.024082 0.008000
v 0.027103 -0.024194 0.008000
v 0.026940 -0.024283 0.008000
v 0.026766 -0.024347 0.008000
v 0.026585 -0.024387 0.008000
v 0.029687 -0.021785 0.008000
v 0.029647 -0.021966 0.008000
v 0.029583 -0.022140 0.008000
v 0.029494 -0.022303 0.008000
v 0.029382 -0.022451 0.008000
v 0.029251 -0.022582 0.008000
v 0.029103 -0.022694 0.008000
v 0.028940 -0.022783 0.008000
v 0.028766 -0.022847 0.008000
v 0.028585 -0.022887 0.008000
v -0.000000 -0.026600 -0.007700
v -0.000000 -0.026600 0.007700
v 0.032900 -0.026600 -0.007700
v 0.032900 -0.026600 0.007700
v 0.013900 -0.026600 0.000000
v 0.013871 -0.026600 -0.000346
v 0.013786 -0.026600 -0.000682
v 0.013647 -0.026600 -0.000999
v 0.013457 -0.026600 -0.001290
v 0.013222 -0.026600 -0.001545
v 0.012949 -0.026600 -0.001758
v 0.012644 -0.026600 -0.001923
v 0.012316 -0.026600 -0.002036
v 0.011973 -0.026600 -0.002093
v 0.011627 -0.026600 -0.002093
v 0.011284 -0.026600 -0.002036
v 0.010956 -0.026600 -0.001923
v 0.010651 -0.026600 -0.001758
v 0.010378 -0.026600 -0.001545
v 0.010143 -0.026600 -0.001290
v 0.009953 -0.026600 -0.000999
v 0.009814 -0.026600 -0.000682
v 0.009729 -0.026600 -0.000346
v 0.009700 -0.026600 0.000000
v 0.005900 -0.026600 0.000000
v 0.005871 -0.026600 -0.000346
v 0.005786 -0.026600 -0.000682
v 0.005647 -0.026600 -0.000999
v 0.005457 -0.026600 -0.001290
v 0.005222 -0.026600 -0.001545
v 0.004949 -0.026600 -0.001758
v 0.004644 -0.026600 -0.001923
v 0.004316 -0.026600 -0.002036
v 0.003973 -0.026600 -0.002093
v 0.003627 -0.026600 -0.002093
v 0.003284 -0.026600 -0.002036
v 0.002956 -0.026600 -0.001923
v 0.002651 -0.026600 -0.001758
v 0.002378 -0.026600 -0.001545
v 0.002143 -0.026600 -0.001290
v 0.001953 -0.026600 -0.000999
v 0.001814 -0.026600 -0.000682
v 0.001729 -0.026600 -0.000346
v 0.001700 -0.026600 0.000000
v 0.001729 -0.026600 0.000346
v 0.001814 -0.026600 0.000682
v 0.001953 -0.026600 0.000999
v 0.002143 -0.026600 0.001290
v 0.002378 -0.026600 0.001545
v 0.002651 -0.026600 0.001758
v 0.002956 -0.026600 0.001923
v 0.003284 -0.026600 0.002036
v 0.003627 -0.026600 0.002093
v 0.003973 -0.026600 0.002093
v 0.004316 -0.026600 0.002036
v 0.004644 -0.026600 0.001923
v 0.004949 -0.026600 0.001758
v 0.005222 -0.026600 0.001545
v 0.005457 -0.026600 0.001290
v 0.005647 -0.026600 0.000999
v 0.005786 -0.026600 0.000682
v 0.005871 -0.026600 0.000346
v 0.009729 -0.026600 0.000346
v 0.009814 -0.026600 0.000682
v 0.009953 -0.026600 0.000999
v 0.010143 -0.026600 0.001290
v 0.010378 -0.026600 0.001545
v 0.010651 -0.026600 0.001758
v 0.010956 -0.026600 0.001923
v 0.011284 -0.026600 0.002036
v 0.011627 -0.026600 0.002093
v 0.011973 -0.026600 0.002093
v 0.012316 -0.026600 0.002036
v 0.012644 -0.026600 0.001923
v 0.012949 -0.026600 0.001758
v 0.013222 -0.026600 0.001545
v 0.013457 -0.026600 0.001290
v 0.013647 -0.026600 0.000999
v 0.013786 -0.026600 0.000682
v 0.013871 -0.026600 0.000346
v -0.000000 -0.019100 0.007700
v -0.000000 -0.026600 0.007700
v -0.000000 -0.019100 -0.007700
v -0.000000 -0.026600 -0.007700
v 0.001700 -0.019100 0.007700
v 0.001700 -0.021100 0.007700
v 0.001700 -0.019100 -0.007700
v 0.001700 -0.021100 -0.007700
v 0.013900 -0.021100 0.007700
v 0.001700 -0.021100 -0.007700
v 0.001700 -0.021100 0.007700
v 0.010650 -0.021100 0.000000
v 0.010666 -0.021100 -0.000189
v 0.010712 -0.021100 -0.000373
v 0.010789 -0.021100 -0.000547
v 0.010893 -0.021100 -0.000706
v 0.011021 -0.021100 -0.000846
v 0.011171 -0.021100 -0.000963
v 0.011338 -0.021100 -0.001053
v 0.011518 -0.021100 -0.001115
v 0.011705 -0.021100 -0.001146
v 0.011895 -0.021100 -0.001146
v 0.012082 -0.021100 -0.001115
v 0.012262 -0.021100 -0.001053
v 0.012429 -0.021100 -0.000963
v 0.012579 -0.021100 -0.000846
v 0.012708 -0.021100 -0.000706
v 0.012811 -0.021100 -0.000547
v 0.012888 -0.021100 -0.000373
v 0.012934 -0.021100 -0.000189
v 0.012950 -0.021100 0.000000
v 0.002650 -0.021100 0.000000
v 0.002666 -0.021100 -0.000189
v 0.002712 -0.021100 -0.000373
v 0.002789 -0.021100 -0.000547
v 0.002893 -0.021100 -0.000706
v 0.003021 -0.021100 -0.000846
v 0.003171 -0.021100 -0.000963
v 0.003338 -0.021100 -0.001053
v 0.003518 -0.021100 -0.001115
v 0.003705 -0.021100 -0.001146
v 0.003895 -0.021100 -0.001146
v 0.004082 -0.021100 -0.001115
v 0.004262 -0.021100 -0.001053
v 0.004429 -0.021100 -0.000963
v 0.004579 -0.021100 -0.000846
v 0.004708 -0.021100 -0.000706
v 0.004811 -0.021100 -0.000547
v 0.004888 -0.021100 -0.000373
v 0.004934 -0.021100 -0.000189
v 0.004950 -0.021100 0.000000
v 0.013900 -0.021100 -0.007700
v 0.012934 -0.021100 0.000189
v 0.012888 -0.021100 0.000373
v 0.012811 -0.021100 0.000547
v 0.012708 -0.021100 0.000706
v 0.012579 -0.021100 0.000846
v 0.012429 -0.021100 0.000963
v 0.012262 -0.021100 0.001053
v 0.012082 -0.021100 0.001115
v 0.011895 -0.021100 0.001146
v 0.011705 -0.021100 0.001146
v 0.011518 -0.021100 0.001115
v 0.011338 -0.021100 0.001053
v 0.011171 -0.021100 0.000963
v 0.011021 -0.021100 0.000846
v 0.010893 -0.021100 0.000706
v 0.010789 -0.021100 0.000547
v 0.010712 -0.021100 0.000373
v 0.010666 -0.021100 0.000189
v 0.004934 -0.021100 0.000189
v 0.004888 -0.021100 0.000373
v 0.004811 -0.021100 0.000547
v 0.004708 -0.021100 0.000706
v 0.004579 -0.021100 0.000846
v 0.004429 -0.021100 0.000963
v 0.004262 -0.021100 0.001053
v 0.004082 -0.021100 0.001115
v 0.003895 -0.021100 0.001146
v 0.003705 -0.021100 0.001146
v 0.003518 -0.021100 0.001115
v 0.003338 -0.021100 0.001053
v 0.003171 -0.021100 0.000963
v 0.003021 -0.021100 0.000846
v 0.002893 -0.021100 0.000706
v 0.002789 -0.021100 0.000547
v 0.002712 -0.021100 0.000373
v 0.002666 -0.021100 0.000189
v 0.013900 -0.019100 -0.007700
v 0.013900 -0.019100 0.007700
v 0.013900 -0.021100 0.007700
v 0.013900 -0.021100 -0.007700
v 0.015600 -0.019100 -0.007700
v 0.015600 -0.022600 -0.007700
v 0.015600 -0.019100 0.007700
v 0.015600 -0.022600 0.007700
v 0.028400 -0.022600 0.007700
v 0.015600 -0.022600 -0.007700
v 0.015600 -0.022600 0.007700
v 0.017600 -0.022600 0.007700
v 0.017600 -0.022600 0.006200
v 0.027400 -0.022600 0.006200
v 0.027400 -0.022600 0.007700
v 0.028400 -0.022600 0.002567
v 0.028400 -0.022600 -0.002567
v 0.028400 -0.022600 -0.007700
v 0.028400 0.022600 0.007700
v 0.015600 0.022600 0.007700
v 0.017600 0.022600 -0.006200
v 0.017600 0.022600 -0.007700
v 0.027400 0.022600 -0.006200
v 0.027400 0.022600 -0.007700
v 0.028400 0.022600 -0.007700
v 0.028400 0.022600 0.002567
v 0.028400 0.022600 -0.002567
v 0.015600 0.022600 -0.007700
v 0.015600 0.022600 0.007700
v 0.015600 0.019100 0.007700
v 0.015600 0.019100 -0.007700
v 0.015600 0.022600 -0.007700
v 0.013900 0.021100 0.007700
v 0.013900 0.019100 0.007700
v 0.013900 0.021100 -0.007700
v 0.013900 0.019100 -0.007700
v 0.013900 0.021100 -0.007700
v 0.013900 0.021100 0.007700
v 0.001700 0.021100 0.007700
v 0.002650 0.021100 0.000000
v 0.002666 0.021100 -0.000189
v 0.002712 0.021100 -0.000373
v 0.002789 0.021100 -0.000547
v 0.002893 0.021100 -0.000706
v 0.003021 0.021100 -0.000846
v 0.003171 0.021100 -0.000963
v 0.003338 0.021100 -0.001053
v 0.003518 0.021100 -0.001115
v 0.003705 0.021100 -0.001146
v 0.003895 0.021100 -0.001146
v 0.004082 0.021100 -0.001115
v 0.004262 0.021100 -0.001053
v 0.004429 0.021100 -0.000963
v 0.004579 0.021100 -0.000846
v 0.004708 0.021100 -0.000706
v 0.004811 0.021100 -0.000547
v 0.004888 0.021100 -0.000373
v 0.004934 0.021100 -0.000189
v 0.004950 0.021100 0.000000
v 0.010650 0.021100 0.000000
v 0.010666 0.021100 -0.000189
v 0.010712 0.021100 -0.000373
v 0.010789 0.021100 -0.000547
v 0.010893 0.021100 -0.000706
v 0.011021 0.021100 -0.000846
v 0.011171 0.021100 -0.000963
v 0.011338 0.021100 -0.001053
v 0.011518 0.021100 -0.001115
v 0.011705 0.021100 -0.001146
v 0.011895 0.021100 -0.001146
v 0.012082 0.021100 -0.001115
v 0.012262 0.021100 -0.001053
v 0.012429 0.021100 -0.000963
v 0.012579 0.021100 -0.000846
v 0.012708 0.021100 -0.000706
v 0.012811 0.021100 -0.000547
v 0.012888 0.021100 -0.000373
v 0.012934 0.021100 -0.000189
v 0.012950 0.021100 0.000000
v 0.012934 0.021100 0.000189
v 0.012888 0.021100 0.000373
v 0.012811 0.021100 0.000547
v 0.012708 0.021100 0.000706
v 0.012579 0.021100 0.000846
v 0.012429 0.021100 0.000963
v 0.012262 0.021100 0.001053
v 0.012082 0.021100 0.001115
v 0.011895 0.021100 0.001146
v 0.011705 0.021100 0.001146
v 0.011518 0.021100 0.001115
v 0.011338 0.021100 0.001053
v 0.011171 0.021100 0.000963
v 0.011021 0.021100 0.000846
v 0.010893 0.021100 0.000706
v 0.010789 0.021100 0.000547
v 0.010712 0.021100 0.000373
v 0.010666 0.021100 0.000189
v 0.004934 0.021100 0.000189
v 0.004888 0.021100 0.000373
v 0.004811 0.021100 0.000547
v 0.004708 0.021100 0.000706
v 0.004579 0.021100 0.000846
v 0.004429 0.021100 0.000963
v 0.004262 0.021100 0.001053
v 0.004082 0.021100 0.001115
v 0.003895 0.021100 0.001146
v 0.003705 0.021100 0.001146
v 0.003518 0.021100 0.001115
v 0.003338 0.021100 0.001053
v 0.003171 0.021100 0.000963
v 0.003021 0.021100 0.000846
v 0.002893 0.021100 0.000706
v 0.002789 0.021100 0.000547
v 0.002712 0.021100 0.000373
v 0.002666 0.021100 0.000189
v 0.001700 0.021100 -0.007700
v 0.001700 0.019100 -0.007700
v 0.001700 0.021100 0.007700
v 0.001700 0.019100 0.007700
v 0.001700 0.021100 -0.007700
v -0.000000 0.026600 -0.007700
v -0.000000 0.019100 -0.007700
v -0.000000 0.026600 0.007700
v -0.000000 0.019100 0.007700
v 0.033900 -0.025600 -0.007700
v 0.033900 0.025600 0.007700
v 0.033900 -0.025600 0.007700
v 0.033900 -0.021600 0.006500
v 0.033900 0.021600 0.006500
v 0.033900 0.023600 0.004500
v 0.033900 0.023600 -0.004500
v 0.033900 0.021600 -0.006500
v 0.033900 -0.021600 -0.006500
v 0.033900 -0.023600 -0.004500
v 0.033900 -0.023600 0.004500
v 0.033900 0.025600 -0.007700
v 0.033900 0.023575 -0.004813
v 0.033900 0.023502 -0.005118
v 0.033900 0.023382 -0.005408
v 0.033900 0.023218 -0.005676
v 0.033900 0.023014 -0.005914
v 0.033900 0.022776 -0.006118
v 0.033900 0.022508 -0.006282
v 0.033900 0.022218 -0.006402
v 0.033900 0.021913 -0.006475
v 0.033900 -0.021913 -0.006475
v 0.033900 -0.022218 -0.006402
v 0.033900 -0.022508 -0.006282
v 0.033900 -0.022776 -0.006118
v 0.033900 -0.023014 -0.005914
v 0.033900 -0.023218 -0.005676
v 0.033900 -0.023382 -0.005408
v 0.033900 -0.023502 -0.005118
v 0.033900 -0.023575 -0.004813
v 0.033900 -0.023575 0.004813
v 0.033900 -0.023502 0.005118
v 0.033900 -0.023382 0.005408
v 0.033900 -0.023218 0.005676
v 0.033900 -0.023014 0.005914
v 0.033900 -0.022776 0.006118
v 0.033900 -0.022508 0.006282
v 0.033900 -0.022218 0.006402
v 0.033900 -0.021913 0.006475
v 0.033900 0.021913 0.006475
v 0.033900 0.022218 0.006402
v 0.033900 0.022508 0.006282
v 0.033900 0.022776 0.006118
v 0.033900 0.023014 0.005914
v 0.033900 0.023218 0.005676
v 0.033900 0.023382 0.005408
v 0.033900 0.023502 0.005118
v 0.033900 0.023575 0.004813
v 0.000300 0.026300 -0.008000
v 0.000300 -0.026300 -0.008000
v 0.028400 0.022900 -0.008000
v 0.027700 0.022900 -0.008000
v 0.027700 0.023100 -0.008000
v 0.026400 0.024400 -0.008000
v 0.018600 0.024400 -0.008000
v 0.017300 0.023100 -0.008000
v 0.017300 0.022900 -0.008000
v 0.015300 0.022900 -0.008000
v 0.015300 0.019400 -0.008000
v 0.014200 0.019400 -0.008000
v 0.014200 0.021400 -0.008000
v 0.001400 0.021400 -0.008000
v 0.001400 0.019400 -0.008000
v 0.000300 0.019400 -0.008000
v 0.032776 0.026300 -0.008000
v 0.033600 0.025476 -0.008000
v 0.033600 -0.025476 -0.008000
v 0.032776 -0.026300 -0.008000
v 0.000300 -0.019400 -0.008000
v 0.001400 -0.019400 -0.008000
v 0.001400 -0.021400 -0.008000
v 0.014200 -0.021400 -0.008000
v 0.014200 -0.019400 -0.008000
v 0.015300 -0.019400 -0.008000
v 0.015300 -0.022900 -0.008000
v 0.028400 -0.022900 -0.008000
v 0.029700 -0.021600 -0.008000
v 0.029700 0.007602 -0.008000
v 0.029700 0.021600 -0.008000
v 0.018415 0.024387 -0.008000
v 0.018234 0.024347 -0.008000
v 0.018060 0.024283 -0.008000
v 0.017897 0.024194 -0.008000
v 0.017749 0.024082 -0.008000
v 0.017618 0.023951 -0.008000
v 0.017506 0.023803 -0.008000
v 0.017417 0.023640 -0.008000
v 0.017353 0.023466 -0.008000
v 0.017313 0.023285 -0.008000
v 0.028585 -0.022887 -0.008000
v 0.028766 -0.022847 -0.008000
v 0.028940 -0.022783 -0.008000
v 0.029103 -0.022694 -0.008000
v 0.029251 -0.022582 -0.008000
v 0.029382 -0.022451 -0.008000
v 0.029494 -0.022303 -0.008000
v 0.029583 -0.022140 -0.008000
v 0.029647 -0.021966 -0.008000
v 0.029687 -0.021785 -0.008000
v 0.027687 0.023285 -0.008000
v 0.027647 0.023466 -0.008000
v 0.027583 0.023640 -0.008000
v 0.027494 0.023803 -0.008000
v 0.027382 0.023951 -0.008000
v 0.027251 0.024082 -0.008000
v 0.027103 0.024194 -0.008000
v 0.026940 0.024283 -0.008000
v 0.026766 0.024347 -0.008000
v 0.026585 0.024387 -0.008000
v 0.029687 0.021785 -0.008000
v 0.029647 0.021966 -0.008000
v 0.029583 0.022140 -0.008000
v 0.029494 0.022303 -0.008000
v 0.029382 0.022451 -0.008000
v 0.029251 0.022582 -0.008000
v 0.029103 0.022694 -0.008000
v 0.028940 0.022783 -0.008000
v 0.028766 0.022847 -0.008000
v 0.028585 0.022887 -0.008000
v -0.000000 -0.019100 -0.007700
v -0.000000 -0.019100 0.007700
v 0.001700 -0.019100 -0.007700
v 0.001700 -0.019100 0.007700
v 0.010650 -0.023000 0.000000
v 0.010650 -0.021100 0.000000
v 0.012950 -0.023000 0.000000
v 0.012950 -0.021100 0.000000
v 0.012950 -0.022050 0.000000
v 0.010650 -0.022050 0.000000
v 0.010666 -0.023000 0.000189
v 0.010712 -0.023000 0.000373
v 0.010789 -0.023000 0.000547
v 0.010893 -0.023000 0.000706
v 0.011021 -0.023000 0.000846
v 0.011171 -0.023000 0.000963
v 0.011338 -0.023000 0.001053
v 0.011518 -0.023000 0.001115
v 0.011705 -0.023000 0.001146
v 0.011895 -0.023000 0.001146
v 0.012082 -0.023000 0.001115
v 0.012262 -0.023000 0.001053
v 0.012429 -0.023000 0.000963
v 0.012579 -0.023000 0.000846
v 0.012708 -0.023000 0.000706
v 0.012811 -0.023000 0.000547
v 0.012888 -0.023000 0.000373
v 0.012934 -0.023000 0.000189
v 0.012934 -0.021100 0.000189
v 0.012888 -0.021100 0.000373
v 0.012811 -0.021100 0.000547
v 0.012708 -0.021100 0.000706
v 0.012579 -0.021100 0.000846
v 0.012429 -0.021100 0.000963
v 0.012262 -0.021100 0.001053
v 0.012082 -0.021100 0.001115
v 0.011895 -0.021100 0.001146
v 0.011705 -0.021100 0.001146
v 0.011518 -0.021100 0.001115
v 0.011338 -0.021100 0.001053
v 0.011171 -0.021100 0.000963
v 0.011021 -0.021100 0.000846
v 0.010893 -0.021100 0.000706
v 0.010789 -0.021100 0.000547
v 0.010712 -0.021100 0.000373
v 0.010666 -0.021100 0.000189
v 0.002650 -0.023000 0.000000
v 0.002650 -0.021100 0.000000
v 0.004950 -0.023000 0.000000
v 0.004950 -0.021100 0.000000
v 0.004950 -0.022050 0.000000
v 0.002650 -0.022050 0.000000
v 0.002666 -0.023000 0.000189
v 0.002712 -0.023000 0.000373
v 0.002789 -0.023000 0.000547
v 0.002893 -0.023000 0.000706
v 0.003021 -0.023000 0.000846
v 0.003171 -0.023000 0.000963
v 0.003338 -0.023000 0.001053
v 0.003518 -0.023000 0.001115
v 0.003705 -0.023000 0.001146
v 0.003895 -0.023000 0.001146
v 0.004082 -0.023000 0.001115
v 0.004262 -0.023000 0.001053
v 0.004429 -0.023000 0.000963
v 0.004579 -0.023000 0.000846
v 0.004708 -0.023000 0.000706
v 0.004811 -0.023000 0.000547
v 0.004888 -0.023000 0.000373
v 0.004934 -0.023000 0.000189
v 0.004934 -0.021100 0.000189
v 0.004888 -0.021100 0.000373
v 0.004811 -0.021100 0.000547
v 0.004708 -0.021100 0.000706
v 0.004579 -0.021100 0.000846
v 0.004429 -0.021100 0.000963
v 0.004262 -0.021100 0.001053
v 0.004082 -0.021100 0.001115
v 0.003895 -0.021100 0.001146
v 0.003705 -0.021100 0.001146
v 0.003518 -0.021100 0.001115
v 0.003338 -0.021100 0.001053
v 0.003171 -0.021100 0.000963
v 0.003021 -0.021100 0.000846
v 0.002893 -0.021100 0.000706
v 0.002789 -0.021100 0.000547
v 0.002712 -0.021100 0.000373
v 0.002666 -0.021100 0.000189
v 0.013900 -0.019100 -0.007700
v 0.013900 -0.019100 0.007700
v 0.015600 -0.019100 -0.007700
v 0.015600 -0.019100 0.007700
v 0.015600 0.019100 -0.007700
v 0.015600 0.019100 0.007700
v 0.013900 0.019100 -0.007700
v 0.013900 0.019100 0.007700
v 0.001700 0.019100 -0.007700
v 0.001700 0.019100 0.007700
v -0.000000 0.019100 -0.007700
v -0.000000 0.019100 0.007700
v 0.030300 -0.000000 -0.003000
v 0.030300 0.000494 -0.002959
v 0.030300 0.000974 -0.002837
v 0.030300 0.001428 -0.002638
v 0.030300 0.001843 -0.002367
v 0.030300 0.002207 -0.002032
v 0.030300 0.002512 -0.001641
v 0.030300 0.002747 -0.001205
v 0.030300 0.002908 -0.000736
v 0.030300 0.002990 -0.000248
v 0.030300 0.002990 0.000248
v 0.030300 0.002908 0.000736
v 0.030300 0.002747 0.001205
v 0.030300 0.002512 0.001641
v 0.030300 0.002207 0.002032
v 0.030300 0.001843 0.002367
v 0.030300 0.001428 0.002638
v 0.030300 0.000974 0.002837
v 0.030300 0.000494 0.002959
v 0.030300 -0.000000 0.003000
v 0.030300 -0.000000 0.001500
v 0.030300 0.000247 0.001480
v 0.030300 0.000487 0.001419
v 0.030300 0.000714 0.001319
v 0.030300 0.000921 0.001184
v 0.030300 0.001104 0.001016
v 0.030300 0.001256 0.000820
v 0.030300 0.001374 0.000603
v 0.030300 0.001454 0.000368
v 0.030300 0.001495 0.000124
v 0.030300 0.001495 -0.000124
v 0.030300 0.001454 -0.000368
v 0.030300 0.001374 -0.000603
v 0.030300 0.001256 -0.000820
v 0.030300 0.001104 -0.001016
v 0.030300 0.000921 -0.001184
v 0.030300 0.000714 -0.001319
v 0.030300 0.000487 -0.001419
v 0.030300 0.000247 -0.001480
v 0.030300 -0.000000 -0.001500
v 0.030300 -0.000247 -0.001480
v 0.030300 -0.000487 -0.001419
v 0.030300 -0.000714 -0.001319
v 0.030300 -0.000921 -0.001184
v 0.030300 -0.001104 -0.001016
v 0.030300 -0.001256 -0.000820
v 0.030300 -0.001374 -0.000603
v 0.030300 -0.001454 -0.000368
v 0.030300 -0.001495 -0.000124
v 0.030300 -0.001495 0.000124
v 0.030300 -0.001454 0.000368
v 0.030300 -0.001374 0.000603
v 0.030300 -0.001256 0.000820
v 0.030300 -0.001104 0.001016
v 0.030300 -0.000921 0.001184
v 0.030300 -0.000714 0.001319
v 0.030300 -0.000487 0.001419
v 0.030300 -0.000247 0.001480
v 0.030300 -0.000494 0.002959
v 0.030300 -0.000974 0.002837
v 0.030300 -0.001428 0.002638
v 0.030300 -0.001843 0.002367
v 0.030300 -0.002207 0.002032
v 0.030300 -0.002512 0.001641
v 0.030300 -0.002747 0.001205
v 0.030300 -0.002908 0.000736
v 0.030300 -0.002990 0.000248
v 0.030300 -0.002990 -0.000248
v 0.030300 -0.002908 -0.000736
v 0.030300 -0.002747 -0.001205
v 0.030300 -0.002512 -0.001641
v 0.030300 -0.002207 -0.002032
v 0.030300 -0.001843 -0.002367
v 0.030300 -0.001428 -0.002638
v 0.030300 -0.000974 -0.002837
v 0.030300 -0.000494 -0.002959
v 0.030300 -0.000000 0.003000
v 0.035900 -0.000000 0.003000
v 0.030300 -0.000000 -0.003000
v 0.035900 -0.000000 -0.003000
v 0.033100 -0.000000 -0.003000
v 0.033100 -0.000000 0.003000
v 0.030300 -0.000494 0.002959
v 0.030300 -0.000974 0.002837
v 0.030300 -0.001428 0.002638
v 0.030300 -0.001843 0.002367
v 0.030300 -0.002207 0.002032
v 0.030300 -0.002512 0.001641
v 0.030300 -0.002747 0.001205
v 0.030300 -0.002908 0.000736
v 0.030300 -0.002990 0.000248
v 0.030300 -0.002990 -0.000248
v 0.030300 -0.002908 -0.000736
v 0.030300 -0.002747 -0.001205
v 0.030300 -0.002512 -0.001641
v 0.030300 -0.002207 -0.002032
v 0.030300 -0.001843 -0.002367
v 0.030300 -0.001428 -0.002638
v 0.030300 -0.000974 -0.002837
v 0.030300 -0.000494 -0.002959
v 0.035900 -0.000494 -0.002959
v 0.035900 -0.000974 -0.002837
v 0.035900 -0.001428 -0.002638
v 0.035900 -0.001843 -0.002367
v 0.035900 -0.002207 -0.002032
v 0.035900 -0.002512 -0.001641
v 0.035900 -0.002747 -0.001205
v 0.035900 -0.002908 -0.000736
v 0.035900 -0.002990 -0.000248
v 0.035900 -0.002990 0.000248
v 0.035900 -0.002908 0.000736
v 0.035900 -0.002747 0.001205
v 0.035900 -0.002512 0.001641
v 0.035900 -0.002207 0.002032
v 0.035900 -0.001843 0.002367
v 0.035900 -0.001428 0.002638
v 0.035900 -0.000974 0.002837
v 0.035900 -0.000494 0.002959
v 0.029400 -0.000000 0.003000
v 0.027700 -0.000000 0.003000
v 0.027700 0.003000 0.000000
v 0.029400 -0.000000 -0.003000
v 0.027700 -0.000000 -0.003000
v 0.028550 -0.000000 0.003000
v 0.028550 -0.000000 -0.003000
v 0.029400 0.000494 0.002959
v 0.029400 0.000974 0.002837
v 0.029400 0.001428 0.002638
v 0.029400 0.001843 0.002367
v 0.029400 0.002207 0.002032
v 0.029400 0.002512 0.001641
v 0.029400 0.002747 0.001205
v 0.029400 0.002908 0.000736
v 0.029400 0.002990 0.000248
v 0.029400 0.002990 -0.000248
v 0.029400 0.002908 -0.000736
v 0.029400 0.002747 -0.001205
v 0.029400 0.002512 -0.001641
v 0.029400 0.002207 -0.002032
v 0.029400 0.001843 -0.002367
v 0.029400 0.001428 -0.002638
v 0.029400 0.000974 -0.002837
v 0.029400 0.000494 -0.002959
v 0.027700 0.000427 -0.002969
v 0.027700 0.000845 -0.002878
v 0.027700 0.001246 -0.002729
v 0.027700 0.001622 -0.002524
v 0.027700 0.001965 -0.002267
v 0.027700 0.002267 -0.001965
v 0.027700 0.002524 -0.001622
v 0.027700 0.002729 -0.001246
v 0.027700 0.002878 -0.000845
v 0.027700 0.002969 -0.000427
v 0.027700 0.002969 0.000427
v 0.027700 0.002878 0.000845
v 0.027700 0.002729 0.001246
v 0.027700 0.002524 0.001622
v 0.027700 0.002267 0.001965
v 0.027700 0.001965 0.002267
v 0.027700 0.001622 0.002524
v 0.027700 0.001246 0.002729
v 0.027700 0.000845 0.002878
v 0.027700 0.000427 0.002969
v 0.029400 0.021600 0.007700
v 0.029400 -0.021600 0.007700
v 0.029400 0.019000 -0.001250
v 0.029400 0.019206 -0.001233
v 0.029400 0.019406 -0.001182
v 0.029400 0.019595 -0.001099
v 0.029400 0.019768 -0.000986
v 0.029400 0.019920 -0.000847
v 0.029400 0.020046 -0.000684
v 0.029400 0.020145 -0.000502
v 0.029400 0.020212 -0.000307
v 0.029400 0.020246 -0.000103
v 0.029400 0.020246 0.000103
v 0.029400 0.020212 0.000307
v 0.029400 0.020145 0.000502
v 0.029400 0.020046 0.000684
v 0.029400 0.019920 0.000847
v 0.029400 0.019768 0.000986
v 0.029400 0.019595 0.001099
v 0.029400 0.019406 0.001182
v 0.029400 0.019206 0.001233
v 0.029400 0.019000 0.001250
v 0.029400 -0.019000 -0.001250
v 0.029400 -0.018794 -0.001233
v 0.029400 -0.018594 -0.001182
v 0.029400 -0.018405 -0.001099
v 0.029400 -0.018232 -0.000986
v 0.029400 -0.018080 -0.000847
v 0.029400 -0.017954 -0.000684
v 0.029400 -0.017855 -0.000502
v 0.029400 -0.017788 -0.000307
v 0.029400 -0.017754 -0.000103
v 0.029400 -0.017754 0.000103
v 0.029400 -0.017788 0.000307
v 0.029400 -0.017855 0.000502
v 0.029400 -0.017954 0.000684
v 0.029400 -0.018080 0.000847
v 0.029400 -0.018232 0.000986
v 0.029400 -0.018405 0.001099
v 0.029400 -0.018594 0.001182
v 0.029400 -0.018794 0.001233
v 0.029400 -0.019000 0.001250
v 0.029400 0.007602 -0.002000
v 0.029400 0.007100 -0.002042
v 0.029400 0.006612 -0.002168
v 0.029400 0.006152 -0.002374
v 0.029400 0.005733 -0.002653
v 0.029400 0.005367 -0.002999
v 0.029400 0.005064 -0.003402
v 0.029400 0.004832 -0.003849
v 0.029400 0.004678 -0.004329
v 0.029400 0.004607 -0.004828
v 0.029400 0.004621 -0.005332
v 0.029400 0.004718 -0.005826
v 0.029400 0.004897 -0.006297
v 0.029400 0.005153 -0.006732
v 0.029400 0.005477 -0.007117
v 0.029400 0.005861 -0.007443
v 0.029400 -0.008910 0.007700
v 0.029400 -0.009344 0.007443
v 0.029400 -0.009728 0.007117
v 0.029400 -0.010052 0.006732
v 0.029400 -0.010307 0.006297
v 0.029400 -0.010486 0.005826
v 0.029400 -0.010584 0.005332
v 0.029400 -0.010597 0.004828
v 0.029400 -0.010526 0.004329
v 0.029400 -0.010373 0.003849
v 0.029400 -0.010141 0.003402
v 0.029400 -0.009838 0.002999
v 0.029400 -0.009472 0.002653
v 0.029400 -0.009052 0.002374
v 0.029400 -0.008592 0.002168
v 0.029400 -0.008104 0.002042
v 0.029400 -0.007602 0.002000
v 0.029400 -0.000000 0.003000
v 0.029400 -0.000494 0.002959
v 0.029400 -0.000974 0.002837
v 0.029400 -0.001428 0.002638
v 0.029400 -0.001843 0.002367
v 0.029400 -0.002207 0.002032
v 0.029400 -0.002512 0.001641
v 0.029400 -0.002747 0.001205
v 0.029400 -0.002908 0.000736
v 0.029400 -0.002990 0.000248
v 0.029400 -0.002990 -0.000248
v 0.029400 -0.002908 -0.000736
v 0.029400 -0.002747 -0.001205
v 0.029400 -0.002512 -0.001641
v 0.029400 -0.002207 -0.002032
v 0.029400 -0.001843 -0.002367
v 0.029400 -0.001428 -0.002638
v 0.029400 -0.000974 -0.002837
v 0.029400 -0.000494 -0.002959
v 0.029400 -0.000000 -0.003000
v 0.029400 0.000494 -0.002959
v 0.029400 0.000974 -0.002837
v 0.029400 0.001428 -0.002638
v 0.029400 0.001843 -0.002367
v 0.029400 0.002207 -0.002032
v 0.029400 0.002512 -0.001641
v 0.029400 0.002747 -0.001205
v 0.029400 0.002908 -0.000736
v 0.029400 0.002990 -0.000248
v 0.029400 0.002990 0.000248
v 0.029400 0.002908 0.000736
v 0.029400 0.002747 0.001205
v 0.029400 0.002512 0.001641
v 0.029400 0.002207 0.002032
v 0.029400 0.001843 0.002367
v 0.029400 0.001428 0.002638
v 0.029400 0.000974 0.002837
v 0.029400 0.000494 0.002959
v 0.029400 0.021600 0.002567
v 0.029400 0.021600 -0.002567
v 0.029400 0.021600 -0.007700
v 0.029400 0.008910 -0.007700
v 0.029400 0.006295 -0.007700
v 0.029400 -0.021600 -0.007700
v 0.029400 -0.021600 -0.002567
v 0.029400 -0.021600 0.002567
v 0.029400 -0.006295 0.007700
v 0.029400 -0.007100 0.002042
v 0.029400 -0.006612 0.002168
v 0.029400 -0.006152 0.002374
v 0.029400 -0.005733 0.002653
v 0.029400 -0.005367 0.002999
v 0.029400 -0.005064 0.003402
v 0.029400 -0.004832 0.003849
v 0.029400 -0.004678 0.004329
v 0.029400 -0.004607 0.004828
v 0.029400 -0.004621 0.005332
v 0.029400 -0.004718 0.005826
v 0.029400 -0.004897 0.006297
v 0.029400 -0.005153 0.006732
v 0.029400 -0.005477 0.007117
v 0.029400 -0.005861 0.007443
v 0.029400 0.009344 -0.007443
v 0.029400 0.009728 -0.007117
v 0.029400 0.010052 -0.006732
v 0.029400 0.010307 -0.006297
v 0.029400 0.010486 -0.005826
v 0.029400 0.010584 -0.005332
v 0.029400 0.010597 -0.004828
v 0.029400 0.010526 -0.004329
v 0.029400 0.010373 -0.003849
v 0.029400 0.010141 -0.003402
v 0.029400 0.009838 -0.002999
v 0.029400 0.009472 -0.002653
v 0.029400 0.009052 -0.002374
v 0.029400 0.008592 -0.002168
v 0.029400 0.008104 -0.002042
v 0.029400 -0.019206 0.001233
v 0.029400 -0.019406 0.001182
v 0.029400 -0.019595 0.001099
v 0.029400 -0.019768 0.000986
v 0.029400 -0.019920 0.000847
v 0.029400 -0.020046 0.000684
v 0.029400 -0.020145 0.000502
v 0.029400 -0.020212 0.000307
v 0.029400 -0.020246 0.000103
v 0.029400 -0.020246 -0.000103
v 0.029400 -0.020212 -0.000307
v 0.029400 -0.020145 -0.000502
v 0.029400 -0.020046 -0.000684
v 0.029400 -0.019920 -0.000847
v 0.029400 -0.019768 -0.000986
v 0.029400 -0.019595 -0.001099
v 0.029400 -0.019406 -0.001182
v 0.029400 -0.019206 -0.001233
v 0.029400 0.018794 0.001233
v 0.029400 0.018594 0.001182
v 0.029400 0.018405 0.001099
v 0.029400 0.018232 0.000986
v 0.029400 0.018080 0.000847
v 0.029400 0.017954 0.000684
v 0.029400 0.017855 0.000502
v 0.029400 0.017788 0.000307
v 0.029400 0.017754 0.000103
v 0.029400 0.017754 -0.000103
v 0.029400 0.017788 -0.000307
v 0.029400 0.017855 -0.000502
v 0.029400 0.017954 -0.000684
v 0.029400 0.018080 -0.000847
v 0.029400 0.018232 -0.000986
v 0.029400 0.018405 -0.001099
v 0.029400 0.018594 -0.001182
v 0.029400 0.018794 -0.001233
v 0.028200 -0.007602 0.002000
v 0.028200 -0.007602 0.008000
v 0.029700 -0.007602 0.008000
v 0.029400 -0.007602 0.002000
v 0.028800 -0.007602 0.002000
v 0.028950 -0.007602 0.008000
v 0.028200 -0.007109 0.002041
v 0.028200 -0.006628 0.002163
v 0.028200 -0.006175 0.002362
v 0.028200 -0.005760 0.002633
v 0.028200 -0.005395 0.002968
v 0.028200 -0.005091 0.003359
v 0.028200 -0.004855 0.003795
v 0.028200 -0.004694 0.004264
v 0.028200 -0.004613 0.004752
v 0.028200 -0.004613 0.005248
v 0.028200 -0.004694 0.005736
v 0.028200 -0.004855 0.006205
v 0.028200 -0.005091 0.006641
v 0.028200 -0.005395 0.007032
v 0.028200 -0.005760 0.007367
v 0.028200 -0.006175 0.007638
v 0.028200 -0.006628 0.007837
v 0.028200 -0.007109 0.007959
v 0.029400 -0.006295 0.007700
v 0.029400 -0.005861 0.007443
v 0.029400 -0.005477 0.007117
v 0.029400 -0.005153 0.006732
v 0.029400 -0.004897 0.006297
v 0.029400 -0.004718 0.005826
v 0.029400 -0.004621 0.005332
v 0.029400 -0.004607 0.004828
v 0.029400 -0.004678 0.004329
v 0.029400 -0.004832 0.003849
v 0.029400 -0.005064 0.003402
v 0.029400 -0.005367 0.002999
v 0.029400 -0.005733 0.002653
v 0.029400 -0.006152 0.002374
v 0.029400 -0.006612 0.002168
v 0.029400 -0.007100 0.002042
v 0.029681 -0.007266 0.007981
v 0.029624 -0.006932 0.007924
v 0.029530 -0.006606 0.007830
v 0.027700 -0.007602 0.002500
v 0.027700 -0.008014 0.002534
v 0.027700 -0.008414 0.002635
v 0.027700 -0.008792 0.002801
v 0.027700 -0.009138 0.003027
v 0.027700 -0.009442 0.003307
v 0.027700 -0.009695 0.003633
v 0.027700 -0.009892 0.003996
v 0.027700 -0.010026 0.004386
v 0.027700 -0.010094 0.004794
v 0.027700 -0.010094 0.005206
v 0.027700 -0.010026 0.005614
v 0.027700 -0.009892 0.006004
v 0.027700 -0.009695 0.006367
v 0.027700 -0.009442 0.006693
v 0.027700 -0.009138 0.006973
v 0.027700 -0.008792 0.007199
v 0.027700 -0.008414 0.007365
v 0.027700 -0.008014 0.007466
v 0.027700 -0.007602 0.007500
v 0.027700 -0.007191 0.007466
v 0.027700 -0.006791 0.007365
v 0.027700 -0.006413 0.007199
v 0.027700 -0.006067 0.006973
v 0.027700 -0.005763 0.006693
v 0.027700 -0.005509 0.006367
v 0.027700 -0.005313 0.006004
v 0.027700 -0.005179 0.005614
v 0.027700 -0.005111 0.005206
v 0.027700 -0.005111 0.004794
v 0.027700 -0.005179 0.004386
v 0.027700 -0.005313 0.003996
v 0.027700 -0.005509 0.003633
v 0.027700 -0.005763 0.003307
v 0.027700 -0.006067 0.003027
v 0.027700 -0.006413 0.002801
v 0.027700 -0.006791 0.002635
v 0.027700 -0.007191 0.002534
v 0.029400 -0.021600 0.007700
v 0.029400 -0.021600 -0.007700
v 0.029107 -0.022307 0.007700
v 0.028400 -0.022600 0.007700
v 0.028400 -0.022600 0.002567
v 0.028400 -0.022600 -0.002567
v 0.029400 -0.021600 -0.002567
v 0.029400 -0.021600 0.002567
v 0.028400 -0.022600 -0.007700
v 0.028556 -0.022588 -0.007700
v 0.028709 -0.022551 -0.007700
v 0.028854 -0.022491 -0.007700
v 0.028988 -0.022409 -0.007700
v 0.029107 -0.022307 -0.007700
v 0.029209 -0.022188 -0.007700
v 0.029291 -0.022054 -0.007700
v 0.029351 -0.021909 -0.007700
v 0.029388 -0.021756 -0.007700
v 0.029388 -0.021756 0.007700
v 0.029351 -0.021909 0.007700
v 0.029291 -0.022054 0.007700
v 0.029209 -0.022188 0.007700
v 0.028988 -0.022409 0.007700
v 0.028854 -0.022491 0.007700
v 0.028709 -0.022551 0.007700
v 0.028556 -0.022588 0.007700
v 0.029381 -0.021795 0.000000
v 0.029231 -0.022156 0.000000
v 0.029107 -0.022307 0.000000
v 0.028956 -0.022431 0.000000
v 0.028783 -0.022524 0.000000
v 0.028595 -0.022581 0.000000
v 0.028400 0.022600 0.007700
v 0.029400 0.021600 0.007700
v 0.029400 0.021600 -0.007700
v 0.028400 0.022600 -0.007700
v 0.028400 0.022600 -0.002567
v 0.028400 0.022600 0.002567
v 0.029400 0.021600 0.002567
v 0.029400 0.021600 -0.002567
v 0.029388 0.021756 -0.007700
v 0.029351 0.021909 -0.007700
v 0.029291 0.022054 -0.007700
v 0.029209 0.022188 -0.007700
v 0.029107 0.022307 -0.007700
v 0.028988 0.022409 -0.007700
v 0.028854 0.022491 -0.007700
v 0.028709 0.022551 -0.007700
v 0.028556 0.022588 -0.007700
v 0.028556 0.022588 0.007700
v 0.028709 0.022551 0.007700
v 0.028854 0.022491 0.007700
v 0.028988 0.022409 0.007700
v 0.029107 0.022307 0.007700
v 0.029209 0.022188 0.007700
v 0.029291 0.022054 0.007700
v 0.029351 0.021909 0.007700
v 0.029388 0.021756 0.007700
v 0.028595 0.022581 0.000000
v 0.028956 0.022431 0.000000
v 0.029107 0.022307 0.000000
v 0.029231 0.022156 0.000000
v 0.029324 0.021983 0.000000
v 0.029381 0.021795 0.000000
v 0.032900 0.026600 -0.007700
v 0.033900 0.025600 -0.007700
v 0.032900 0.026600 0.007700
v 0.033900 0.025600 0.007700
v 0.033900 -0.025600 -0.007700
v 0.032900 -0.026600 0.007700
v 0.033900 -0.025600 0.007700
v 0.032900 -0.026600 -0.007700
v 0.028200 0.007602 -0.008000
v 0.029700 0.007602 -0.008000
v 0.028200 0.010602 -0.005000
v 0.028200 0.007602 -0.002000
v 0.028950 0.007602 -0.008000
v 0.028800 0.007602 -0.002000
v 0.029400 0.007602 -0.002000
v 0.028200 0.008029 -0.007969
v 0.028200 0.008448 -0.007878
v 0.028200 0.008849 -0.007729
v 0.028200 0.009224 -0.007524
v 0.028200 0.009567 -0.007267
v 0.028200 0.009870 -0.006965
v 0.028200 0.010126 -0.006622
v 0.028200 0.010331 -0.006246
v 0.028200 0.010481 -0.005845
v 0.028200 0.010572 -0.005427
v 0.028200 0.010572 -0.004573
v 0.028200 0.010481 -0.004155
v 0.028200 0.010331 -0.003754
v 0.028200 0.010126 -0.003378
v 0.028200 0.009870 -0.003035
v 0.028200 0.009567 -0.002733
v 0.028200 0.009224 -0.002476
v 0.028200 0.008849 -0.002271
v 0.028200 0.008448 -0.002122
v 0.028200 0.008029 -0.002031
v 0.029400 0.008104 -0.002042
v 0.029400 0.008592 -0.002168
v 0.029400 0.009052 -0.002374
v 0.029400 0.009472 -0.002653
v 0.029400 0.009838 -0.002999
v 0.029400 0.010141 -0.003402
v 0.029400 0.010373 -0.003849
v 0.029400 0.010526 -0.004329
v 0.029400 0.010597 -0.004828
v 0.029400 0.010584 -0.005332
v 0.029400 0.010486 -0.005826
v 0.029400 0.010307 -0.006297
v 0.029400 0.010052 -0.006732
v 0.029400 0.009728 -0.007117
v 0.029400 0.009344 -0.007443
v 0.029400 0.008910 -0.007700
v 0.029530 0.008599 -0.007830
v 0.029624 0.008273 -0.007924
v 0.029681 0.007939 -0.007981
v 0.027700 0.007602 -0.007500
v 0.027700 0.007191 -0.007466
v 0.027700 0.006791 -0.007365
v 0.027700 0.006413 -0.007199
v 0.027700 0.006067 -0.006973
v 0.027700 0.005763 -0.006693
v 0.027700 0.005509 -0.006367
v 0.027700 0.005313 -0.006004
v 0.027700 0.005179 -0.005614
v 0.027700 0.005111 -0.005206
v 0.027700 0.005111 -0.004794
v 0.027700 0.005179 -0.004386
v 0.027700 0.005313 -0.003996
v 0.027700 0.005509 -0.003633
v 0.027700 0.005763 -0.003307
v 0.027700 0.006067 -0.003027
v 0.027700 0.006413 -0.002801
v 0.027700 0.006791 -0.002635
v 0.027700 0.007191 -0.002534
v 0.027700 0.007602 -0.002500
v 0.027700 0.008014 -0.002534
v 0.027700 0.008414 -0.002635
v 0.027700 0.008792 -0.002801
v 0.027700 0.009138 -0.003027
v 0.027700 0.009442 -0.003307
v 0.027700 0.009695 -0.003633
v 0.027700 0.009892 -0.003996
v 0.027700 0.010026 -0.004386
v 0.027700 0.010094 -0.004794
v 0.027700 0.010094 -0.005206
v 0.027700 0.010026 -0.005614
v 0.027700 0.009892 -0.006004
v 0.027700 0.009695 -0.006367
v 0.027700 0.009442 -0.006693
v 0.027700 0.009138 -0.006973
v 0.027700 0.008792 -0.007199
v 0.027700 0.008414 -0.007365
v 0.027700 0.008014 -0.007466
v 0.035900 0.019000 0.001250
v 0.035900 0.019206 0.001233
v 0.035900 0.019406 0.001182
v 0.035900 0.019595 0.001099
v 0.035900 0.019768 0.000986
v 0.035900 0.019920 0.000847
v 0.035900 0.020046 0.000684
v 0.035900 0.020145 0.000502
v 0.035900 0.020212 0.000307
v 0.035900 0.020246 0.000103
v 0.035900 0.020246 -0.000103
v 0.035900 0.020212 -0.000307
v 0.035900 0.020145 -0.000502
v 0.035900 0.020046 -0.000684
v 0.035900 0.019920 -0.000847
v 0.035900 0.019768 -0.000986
v 0.035900 0.019595 -0.001099
v 0.035900 0.019406 -0.001182
v 0.035900 0.019206 -0.001233
v 0.035900 0.019000 -0.001250
v 0.035900 -0.019000 0.001250
v 0.035900 -0.018794 0.001233
v 0.035900 -0.018594 0.001182
v 0.035900 -0.018405 0.001099
v 0.035900 -0.018232 0.000986
v 0.035900 -0.018080 0.000847
v 0.035900 -0.017954 0.000684
v 0.035900 -0.017855 0.000502
v 0.035900 -0.017788 0.000307
v 0.035900 -0.017754 0.000103
v 0.035900 -0.017754 -0.000103
v 0.035900 -0.017788 -0.000307
v 0.035900 -0.017855 -0.000502
v 0.035900 -0.017954 -0.000684
v 0.035900 -0.018080 -0.000847
v 0.035900 -0.018232 -0.000986
v 0.035900 -0.018405 -0.001099
v 0.035900 -0.018594 -0.001182
v 0.035900 -0.018794 -0.001233
v 0.035900 -0.019000 -0.001250
v 0.035900 -0.000000 0.003000
v 0.035900 0.000494 0.002959
v 0.035900 0.000974 0.002837
v 0.035900 0.001428 0.002638
v 0.035900 0.001843 0.002367
v 0.035900 0.002207 0.002032
v 0.035900 0.002512 0.001641
v 0.035900 0.002747 0.001205
v 0.035900 0.002908 0.000736
v 0.035900 0.002990 0.000248
v 0.035900 0.002990 -0.000248
v 0.035900 0.002908 -0.000736
v 0.035900 0.002747 -0.001205
v 0.035900 0.002512 -0.001641
v 0.035900 0.002207 -0.002032
v 0.035900 0.001843 -0.002367
v 0.035900 0.001428 -0.002638
v 0.035900 0.000974 -0.002837
v 0.035900 0.000494 -0.002959
v 0.035900 -0.000000 -0.003000
v 0.035900 -0.000494 -0.002959
v 0.035900 -0.000974 -0.002837
v 0.035900 -0.001428 -0.002638
v 0.035900 -0.001843 -0.002367
v 0.035900 -0.002207 -0.002032
v 0.035900 -0.002512 -0.001641
v 0.035900 -0.002747 -0.001205
v 0.035900 -0.002908 -0.000736
v 0.035900 -0.002990 -0.000248
v 0.035900 -0.002990 0.000248
v 0.035900 -0.002908 0.000736
v 0.035900 -0.002747 0.001205
v 0.035900 -0.002512 0.001641
v 0.035900 -0.002207 0.002032
v 0.035900 -0.001843 0.002367
v 0.035900 -0.001428 0.002638
v 0.035900 -0.000974 0.002837
v 0.035900 -0.000494 0.002959
v 0.035900 0.021600 0.006200
v 0.035900 -0.023300 0.004500
v 0.035900 -0.021600 -0.006200
v 0.035900 0.021600 -0.006200
v 0.035900 0.023300 -0.004500
v 0.035900 0.023300 0.004500
v 0.035900 -0.019206 -0.001233
v 0.035900 -0.019406 -0.001182
v 0.035900 -0.019595 -0.001099
v 0.035900 -0.019768 -0.000986
v 0.035900 -0.019920 -0.000847
v 0.035900 -0.020046 -0.000684
v 0.035900 -0.020145 -0.000502
v 0.035900 -0.020212 -0.000307
v 0.035900 -0.020246 -0.000103
v 0.035900 -0.020246 0.000103
v 0.035900 -0.020212 0.000307
v 0.035900 -0.020145 0.000502
v 0.035900 -0.020046 0.000684
v 0.035900 -0.019920 0.000847
v 0.035900 -0.019768 0.000986
v 0.035900 -0.019595 0.001099
v 0.035900 -0.019406 0.001182
v 0.035900 -0.019206 0.001233
v 0.035900 0.018794 -0.001233
v 0.035900 0.018594 -0.001182
v 0.035900 0.018405 -0.001099
v 0.035900 0.018232 -0.000986
v 0.035900 0.018080 -0.000847
v 0.035900 0.017954 -0.000684
v 0.035900 0.017855 -0.000502
v 0.035900 0.017788 -0.000307
v 0.035900 0.017754 -0.000103
v 0.035900 0.017754 0.000103
v 0.035900 0.017788 0.000307
v 0.035900 0.017855 0.000502
v 0.035900 0.017954 0.000684
v 0.035900 0.018080 0.000847
v 0.035900 0.018232 0.000986
v 0.035900 0.018405 0.001099
v 0.035900 0.018594 0.001182
v 0.035900 0.018794 0.001233
v 0.035900 0.021866 -0.006179
v 0.035900 0.022125 -0.006117
v 0.035900 0.022372 -0.006015
v 0.035900 0.022599 -0.005875
v 0.035900 0.022802 -0.005702
v 0.035900 0.022975 -0.005499
v 0.035900 0.023115 -0.005272
v 0.035900 0.023217 -0.005025
v 0.035900 0.023279 -0.004766
v 0.035900 0.023279 0.004766
v 0.035900 0.023217 0.005025
v 0.035900 0.023115 0.005272
v 0.035900 0.022975 0.005499
v 0.035900 0.022802 0.005702
v 0.035900 0.022599 0.005875
v 0.035900 0.022372 0.006015
v 0.035900 0.022125 0.006117
v 0.035900 0.021866 0.006179
v 0.035900 -0.023300 -0.004500
v 0.035900 -0.023279 -0.004766
v 0.035900 -0.023217 -0.005025
v 0.035900 -0.023115 -0.005272
v 0.035900 -0.022975 -0.005499
v 0.035900 -0.022802 -0.005702
v 0.035900 -0.022599 -0.005875
v 0.035900 -0.022372 -0.006015
v 0.035900 -0.022125 -0.006117
v 0.035900 -0.021866 -0.006179
v 0.035900 -0.021600 0.006200
v 0.035900 -0.021866 0.006179
v 0.035900 -0.022125 0.006117
v 0.035900 -0.022372 0.006015
v 0.035900 -0.022599 0.005875
v 0.035900 -0.022802 0.005702
v 0.035900 -0.022975 0.005499
v 0.035900 -0.023115 0.005272
v 0.035900 -0.023217 0.005025
v 0.035900 -0.023279 0.004766
v 0.033900 -0.021600 0.006500
v 0.035600 -0.021600 0.006500
v 0.033900 0.021600 0.006500
v 0.035600 0.021600 0.006500
v 0.035033 -0.021600 0.006500
v 0.034467 -0.021600 0.006500
v 0.034467 0.021600 0.006500
v 0.035033 0.021600 0.006500
v 0.035600 -0.023600 -0.004500
v 0.035600 -0.023600 0.004500
v 0.033900 -0.023600 -0.004500
v 0.033900 -0.023600 0.004500
v 0.035033 -0.023600 -0.004500
v 0.034467 -0.023600 -0.004500
v 0.034467 -0.023600 0.004500
v 0.035033 -0.023600 0.004500
v 0.033900 0.021600 -0.006500
v 0.035600 0.021600 -0.006500
v 0.033900 -0.021600 -0.006500
v 0.035600 -0.021600 -0.006500
v 0.035033 0.021600 -0.006500
v 0.034467 0.021600 -0.006500
v 0.034467 -0.021600 -0.006500
v 0.035033 -0.021600 -0.006500
v 0.033900 0.023600 -0.004500
v 0.033900 0.023600 0.004500
v 0.035600 0.023600 -0.004500
v 0.035600 0.023600 0.004500
v 0.035033 0.023600 0.004500
v 0.034467 0.023600 0.004500
v 0.034467 0.023600 -0.004500
v 0.035033 0.023600 -0.004500
v 0.035600 0.023600 -0.004500
v 0.033900 0.023600 -0.004500
v 0.033900 0.023014 -0.005914
v 0.035600 0.021600 -0.006500
v 0.033900 0.021600 -0.006500
v 0.035033 0.021600 -0.006500
v 0.034467 0.021600 -0.006500
v 0.034467 0.023600 -0.004500
v 0.035033 0.023600 -0.004500
v 0.035600 0.023580 -0.004785
v 0.035600 0.023519 -0.005063
v 0.035600 0.023419 -0.005331
v 0.035600 0.023282 -0.005581
v 0.035600 0.023112 -0.005810
v 0.035600 0.022910 -0.006012
v 0.035600 0.022681 -0.006183
v 0.035600 0.022431 -0.006319
v 0.035600 0.022163 -0.006419
v 0.035600 0.021885 -0.006480
v 0.033900 0.021913 -0.006475
v 0.033900 0.022218 -0.006402
v 0.033900 0.022508 -0.006282
v 0.033900 0.022776 -0.006118
v 0.033900 0.023218 -0.005676
v 0.033900 0.023382 -0.005408
v 0.033900 0.023502 -0.005118
v 0.033900 0.023575 -0.004813
v 0.034750 0.023562 -0.004890
v 0.034750 0.023263 -0.005611
v 0.034750 0.023014 -0.005914
v 0.034750 0.022711 -0.006163
v 0.034750 0.022365 -0.006348
v 0.034750 0.021990 -0.006462
v 0.035600 -0.021600 -0.006500
v 0.033900 -0.021600 -0.006500
v 0.033900 -0.023014 -0.005914
v 0.035600 -0.023600 -0.004500
v 0.033900 -0.023600 -0.004500
v 0.035033 -0.023600 -0.004500
v 0.034467 -0.023600 -0.004500
v 0.034467 -0.021600 -0.006500
v 0.035033 -0.021600 -0.006500
v 0.035600 -0.021885 -0.006480
v 0.035600 -0.022163 -0.006419
v 0.035600 -0.022431 -0.006319
v 0.035600 -0.022681 -0.006183
v 0.035600 -0.022910 -0.006012
v 0.035600 -0.023111 -0.005810
v 0.035600 -0.023283 -0.005581
v 0.035600 -0.023419 -0.005331
v 0.035600 -0.023519 -0.005063
v 0.035600 -0.023580 -0.004785
v 0.033900 -0.023575 -0.004813
v 0.033900 -0.023502 -0.005118
v 0.033900 -0.023382 -0.005408
v 0.033900 -0.023218 -0.005676
v 0.033900 -0.022776 -0.006118
v 0.033900 -0.022508 -0.006282
v 0.033900 -0.022218 -0.006402
v 0.033900 -0.021913 -0.006475
v 0.034750 -0.021990 -0.006462
v 0.034750 -0.022711 -0.006163
v 0.034750 -0.023014 -0.005914
v 0.034750 -0.023263 -0.005611
v 0.034750 -0.023448 -0.005265
v 0.034750 -0.023562 -0.004890
v 0.035600 -0.023600 0.004500
v 0.033900 -0.023600 0.004500
v 0.033900 -0.023014 0.005914
v 0.035600 -0.021600 0.006500
v 0.033900 -0.021600 0.006500
v 0.035033 -0.021600 0.006500
v 0.034467 -0.021600 0.006500
v 0.034467 -0.023600 0.004500
v 0.035033 -0.023600 0.004500
v 0.035600 -0.023580 0.004785
v 0.035600 -0.023519 0.005063
v 0.035600 -0.023419 0.005331
v 0.035600 -0.023283 0.005581
v 0.035600 -0.023111 0.005810
v 0.035600 -0.022910 0.006011
v 0.035600 -0.022681 0.006183
v 0.035600 -0.022431 0.006319
v 0.035600 -0.022163 0.006419
v 0.035600 -0.021885 0.006480
v 0.033900 -0.021913 0.006475
v 0.033900 -0.022218 0.006402
v 0.033900 -0.022508 0.006282
v 0.033900 -0.022776 0.006118
v 0.033900 -0.023218 0.005676
v 0.033900 -0.023382 0.005408
v 0.033900 -0.023502 0.005118
v 0.033900 -0.023575 0.004813
v 0.034750 -0.023562 0.004890
v 0.034750 -0.023263 0.005611
v 0.034750 -0.023014 0.005914
v 0.034750 -0.022711 0.006163
v 0.034750 -0.022365 0.006348
v 0.034750 -0.021990 0.006462
v 0.035600 0.021600 0.006500
v 0.033900 0.021600 0.006500
v 0.033900 0.023014 0.005914
v 0.035600 0.023600 0.004500
v 0.033900 0.023600 0.004500
v 0.034467 0.021600 0.006500
v 0.035033 0.021600 0.006500
v 0.035033 0.023600 0.004500
v 0.034467 0.023600 0.004500
v 0.035600 0.021885 0.006480
v 0.035600 0.022163 0.006419
v 0.035600 0.022431 0.006319
v 0.035600 0.022681 0.006183
v 0.035600 0.022910 0.006011
v 0.035600 0.023112 0.005810
v 0.035600 0.023282 0.005581
v 0.035600 0.023419 0.005331
v 0.035600 0.023519 0.005063
v 0.035600 0.023580 0.004785
v 0.033900 0.023575 0.004813
v 0.033900 0.023502 0.005118
v 0.033900 0.023382 0.005408
v 0.033900 0.023218 0.005676
v 0.033900 0.022776 0.006118
v 0.033900 0.022508 0.006282
v 0.033900 0.022218 0.006402
v 0.033900 0.021913 0.006475
v 0.034750 0.021990 0.006462
v 0.034750 0.022711 0.006163
v 0.034750 0.023014 0.005914
v 0.034750 0.023263 0.005611
v 0.034750 0.023448 0.005265
v 0.034750 0.023562 0.004890
v 0.035900 -0.019000 -0.001250
v 0.029400 -0.019000 -0.001250
v 0.035900 -0.019000 0.001250
v 0.029400 -0.019000 0.001250
v 0.032650 -0.019000 0.001250
v 0.032650 -0.019000 -0.001250
v 0.035900 -0.019206 -0.001233
v 0.035900 -0.019406 -0.001182
v 0.035900 -0.019595 -0.001099
v 0.035900 -0.019768 -0.000986
v 0.035900 -0.019920 -0.000847
v 0.035900 -0.020046 -0.000684
v 0.035900 -0.020145 -0.000502
v 0.035900 -0.020212 -0.000307
v 0.035900 -0.020246 -0.000103
v 0.035900 -0.020246 0.000103
v 0.035900 -0.020212 0.000307
v 0.035900 -0.020145 0.000502
v 0.035900 -0.020046 0.000684
v 0.035900 -0.019920 0.000847
v 0.035900 -0.019768 0.000986
v 0.035900 -0.019595 0.001099
v 0.035900 -0.019406 0.001182
v 0.035900 -0.019206 0.001233
v 0.029400 -0.019206 0.001233
v 0.029400 -0.019406 0.001182
v 0.029400 -0.019595 0.001099
v 0.029400 -0.019768 0.000986
v 0.029400 -0.019920 0.000847
v 0.029400 -0.020046 0.000684
v 0.029400 -0.020145 0.000502
v 0.029400 -0.020212 0.000307
v 0.029400 -0.020246 0.000103
v 0.029400 -0.020246 -0.000103
v 0.029400 -0.020212 -0.000307
v 0.029400 -0.020145 -0.000502
v 0.029400 -0.020046 -0.000684
v 0.029400 -0.019920 -0.000847
v 0.029400 -0.019768 -0.000986
v 0.029400 -0.019595 -0.001099
v 0.029400 -0.019406 -0.001182
v 0.029400 -0.019206 -0.001233
v 0.035900 0.019000 -0.001250
v 0.029400 0.019000 -0.001250
v 0.035900 0.019000 0.001250
v 0.029400 0.019000 0.001250
v 0.032650 0.019000 0.001250
v 0.032650 0.019000 -0.001250
v 0.035900 0.018794 -0.001233
v 0.035900 0.018594 -0.001182
v 0.035900 0.018405 -0.001099
v 0.035900 0.018232 -0.000986
v 0.035900 0.018080 -0.000847
v 0.035900 0.017954 -0.000684
v 0.035900 0.017855 -0.000502
v 0.035900 0.017788 -0.000307
v 0.035900 0.017754 -0.000103
v 0.035900 0.017754 0.000103
v 0.035900 0.017788 0.000307
v 0.035900 0.017855 0.000502
v 0.035900 0.017954 0.000684
v 0.035900 0.018080 0.000847
v 0.035900 0.018232 0.000986
v 0.035900 0.018405 0.001099
v 0.035900 0.018594 0.001182
v 0.035900 0.018794 0.001233
v 0.029400 0.018794 0.001233
v 0.029400 0.018594 0.001182
v 0.029400 0.018405 0.001099
v 0.029400 0.018232 0.000986
v 0.029400 0.018080 0.000847
v 0.029400 0.017954 0.000684
v 0.029400 0.017855 0.000502
v 0.029400 0.017788 0.000307
v 0.029400 0.017754 0.000103
v 0.029400 0.017754 -0.000103
v 0.029400 0.017788 -0.000307
v 0.029400 0.017855 -0.000502
v 0.029400 0.017954 -0.000684
v 0.029400 0.018080 -0.000847
v 0.029400 0.018232 -0.000986
v 0.029400 0.018405 -0.001099
v 0.029400 0.018594 -0.001182
v 0.029400 0.018794 -0.001233
v 0.027400 0.023100 -0.007700
v 0.027400 0.022600 -0.007700
v 0.027400 0.022600 -0.006200
v 0.027400 0.023100 -0.007300
v 0.027400 0.023100 -0.006900
v 0.027400 0.023100 -0.006500
v 0.027400 0.022900 -0.006500
v 0.026400 0.024100 -0.007700
v 0.026400 0.024100 -0.006500
v 0.018600 0.024100 -0.007700
v 0.018600 0.024100 -0.006500
v 0.018600 0.024100 -0.007300
v 0.018600 0.024100 -0.006900
v 0.026400 0.024100 -0.006900
v 0.026400 0.024100 -0.007300
v 0.017600 0.022600 -0.006200
v 0.017600 0.023100 -0.007700
v 0.017600 0.022600 -0.007700
v 0.017600 0.023100 -0.006500
v 0.017600 0.023100 -0.006900
v 0.017600 0.023100 -0.007300
v 0.017600 0.022900 -0.006500
v 0.027400 0.022900 -0.006500
v 0.017600 0.022900 -0.006500
v 0.027400 0.023100 -0.006500
v 0.026400 0.024100 -0.006500
v 0.018600 0.024100 -0.006500
v 0.017600 0.023100 -0.006500
v 0.018444 0.024088 -0.006500
v 0.018291 0.024051 -0.006500
v 0.018146 0.023991 -0.006500
v 0.018012 0.023909 -0.006500
v 0.017893 0.023807 -0.006500
v 0.017791 0.023688 -0.006500
v 0.017709 0.023554 -0.006500
v 0.017649 0.023409 -0.006500
v 0.017612 0.023256 -0.006500
v 0.027388 0.023256 -0.006500
v 0.027351 0.023409 -0.006500
v 0.027291 0.023554 -0.006500
v 0.027209 0.023688 -0.006500
v 0.027107 0.023807 -0.006500
v 0.026988 0.023909 -0.006500
v 0.026854 0.023991 -0.006500
v 0.026709 0.024051 -0.006500
v 0.026556 0.024088 -0.006500
v 0.018600 0.024100 -0.007700
v 0.018600 0.024100 -0.006500
v 0.017600 0.023100 -0.007700
v 0.017600 0.023100 -0.006500
v 0.018600 0.024100 -0.006900
v 0.018600 0.024100 -0.007300
v 0.017600 0.023100 -0.007300
v 0.017600 0.023100 -0.006900
v 0.018444 0.024088 -0.007700
v 0.018291 0.024051 -0.007700
v 0.018146 0.023991 -0.007700
v 0.018012 0.023909 -0.007700
v 0.017893 0.023807 -0.007700
v 0.017791 0.023688 -0.007700
v 0.017709 0.023554 -0.007700
v 0.017649 0.023409 -0.007700
v 0.017612 0.023256 -0.007700
v 0.017612 0.023256 -0.006500
v 0.017649 0.023409 -0.006500
v 0.017709 0.023554 -0.006500
v 0.017791 0.023688 -0.006500
v 0.017893 0.023807 -0.006500
v 0.018012 0.023909 -0.006500
v 0.018146 0.023991 -0.006500
v 0.018291 0.024051 -0.006500
v 0.018444 0.024088 -0.006500
v 0.018405 0.024081 -0.007100
v 0.018044 0.023931 -0.007100
v 0.017893 0.023807 -0.007100
v 0.017676 0.023483 -0.007100
v 0.017769 0.023656 -0.007100
v 0.017619 0.023295 -0.007100
v 0.027400 0.023100 -0.007700
v 0.027400 0.023100 -0.006500
v 0.026400 0.024100 -0.007700
v 0.026400 0.024100 -0.006500
v 0.027400 0.023100 -0.006900
v 0.027400 0.023100 -0.007300
v 0.026400 0.024100 -0.007300
v 0.026400 0.024100 -0.006900
v 0.027388 0.023256 -0.007700
v 0.027351 0.023409 -0.007700
v 0.027291 0.023554 -0.007700
v 0.027209 0.023688 -0.007700
v 0.027107 0.023807 -0.007700
v 0.026988 0.023909 -0.007700
v 0.026854 0.023991 -0.007700
v 0.026709 0.024051 -0.007700
v 0.026556 0.024088 -0.007700
v 0.026556 0.024088 -0.006500
v 0.026709 0.024051 -0.006500
v 0.026854 0.023991 -0.006500
v 0.026988 0.023909 -0.006500
v 0.027107 0.023807 -0.006500
v 0.027209 0.023688 -0.006500
v 0.027291 0.023554 -0.006500
v 0.027351 0.023409 -0.006500
v 0.027388 0.023256 -0.006500
v 0.027381 0.023295 -0.007100
v 0.027231 0.023656 -0.007100
v 0.027107 0.023807 -0.007100
v 0.026956 0.023931 -0.007100
v 0.026783 0.024024 -0.007100
v 0.026595 0.024081 -0.007100
v 0.027400 -0.022600 0.006200
v 0.027400 -0.022600 0.007700
v 0.027400 -0.023100 0.007700
v 0.027400 -0.023100 0.007300
v 0.027400 -0.023100 0.006900
v 0.027400 -0.023100 0.006500
v 0.027400 -0.022900 0.006500
v 0.018600 -0.024100 0.006500
v 0.018600 -0.024100 0.007700
v 0.026400 -0.024100 0.006500
v 0.026400 -0.024100 0.007700
v 0.018600 -0.024100 0.007300
v 0.018600 -0.024100 0.006900
v 0.026400 -0.024100 0.006900
v 0.026400 -0.024100 0.007300
v 0.017600 -0.023100 0.007700
v 0.017600 -0.022600 0.006200
v 0.017600 -0.022600 0.007700
v 0.017600 -0.023100 0.006500
v 0.017600 -0.023100 0.006900
v 0.017600 -0.023100 0.007300
v 0.017600 -0.022900 0.006500
v 0.017600 -0.022900 0.006500
v 0.027400 -0.022900 0.006500
v 0.027400 -0.023100 0.006500
v 0.026400 -0.024100 0.006500
v 0.018600 -0.024100 0.006500
v 0.017600 -0.023100 0.006500
v 0.027388 -0.023256 0.006500
v 0.027351 -0.023409 0.006500
v 0.027291 -0.023554 0.006500
v 0.027209 -0.023688 0.006500
v 0.027107 -0.023807 0.006500
v 0.026988 -0.023909 0.006500
v 0.026854 -0.023991 0.006500
v 0.026709 -0.024051 0.006500
v 0.026556 -0.024088 0.006500
v 0.018444 -0.024088 0.006500
v 0.018291 -0.024051 0.006500
v 0.018146 -0.023991 0.006500
v 0.018012 -0.023909 0.006500
v 0.017893 -0.023807 0.006500
v 0.017791 -0.023688 0.006500
v 0.017709 -0.023554 0.006500
v 0.017649 -0.023409 0.006500
v 0.017612 -0.023256 0.006500
v 0.027400 -0.023100 0.007700
v 0.027400 -0.023100 0.006500
v 0.026400 -0.024100 0.007700
v 0.026400 -0.024100 0.006500
v 0.027400 -0.023100 0.006900
v 0.027400 -0.023100 0.007300
v 0.026400 -0.024100 0.007300
v 0.026400 -0.024100 0.006900
v 0.027388 -0.023256 0.007700
v 0.027351 -0.023409 0.007700
v 0.027291 -0.023554 0.007700
v 0.027209 -0.023688 0.007700
v 0.027107 -0.023807 0.007700
v 0.026988 -0.023909 0.007700
v 0.026854 -0.023991 0.007700
v 0.026709 -0.024051 0.007700
v 0.026556 -0.024088 0.007700
v 0.026556 -0.024088 0.006500
v 0.026709 -0.024051 0.006500
v 0.026854 -0.023991 0.006500
v 0.026988 -0.023909 0.006500
v 0.027107 -0.023807 0.006500
v 0.027209 -0.023688 0.006500
v 0.027291 -0.023554 0.006500
v 0.027351 -0.023409 0.006500
v 0.027388 -0.023256 0.006500
v 0.027381 -0.023295 0.007100
v 0.027231 -0.023656 0.007100
v 0.027107 -0.023807 0.007100
v 0.026956 -0.023931 0.007100
v 0.026783 -0.024024 0.007100
v 0.026595 -0.024081 0.007100
v 0.018600 -0.024100 0.007700
v 0.018600 -0.024100 0.006500
v 0.017600 -0.023100 0.007700
v 0.017600 -0.023100 0.006500
v 0.018600 -0.024100 0.006900
v 0.018600 -0.024100 0.007300
v 0.017600 -0.023100 0.007300
v 0.017600 -0.023100 0.006900
v 0.018444 -0.024088 0.007700
v 0.018291 -0.024051 0.007700
v 0.018146 -0.023991 0.007700
v 0.018012 -0.023909 0.007700
v 0.017893 -0.023807 0.007700
v 0.017791 -0.023688 0.007700
v 0.017709 -0.023554 0.007700
v 0.017649 -0.023409 0.007700
v 0.017612 -0.023256 0.007700
v 0.017612 -0.023256 0.006500
v 0.017649 -0.023409 0.006500
v 0.017709 -0.023554 0.006500
v 0.017791 -0.023688 0.006500
v 0.017893 -0.023807 0.006500
v 0.018012 -0.023909 0.006500
v 0.018146 -0.023991 0.006500
v 0.018291 -0.024051 0.006500
v 0.018444 -0.024088 0.006500
v 0.018405 -0.024081 0.007100
v 0.018044 -0.023931 0.007100
v 0.017893 -0.023807 0.007100
v 0.017676 -0.023483 0.007100
v 0.017769 -0.023656 0.007100
v 0.017619 -0.023295 0.007100
v 0.027700 -0.007602 0.002500
v 0.028200 -0.007602 0.002000
v 0.027700 -0.007602 0.007500
v 0.028200 -0.007602 0.008000
v 0.027950 -0.007602 0.002250
v 0.027950 -0.007602 0.007750
v 0.028200 -0.007109 0.007959
v 0.028200 -0.006628 0.007837
v 0.028200 -0.006175 0.007638
v 0.028200 -0.005760 0.007367
v 0.028200 -0.005395 0.007032
v 0.028200 -0.005091 0.006641
v 0.028200 -0.004855 0.006205
v 0.028200 -0.004694 0.005736
v 0.028200 -0.004613 0.005248
v 0.028200 -0.004613 0.004752
v 0.028200 -0.004694 0.004264
v 0.028200 -0.004855 0.003795
v 0.028200 -0.005091 0.003359
v 0.028200 -0.005395 0.002968
v 0.028200 -0.005760 0.002633
v 0.028200 -0.006175 0.002362
v 0.028200 -0.006628 0.002163
v 0.028200 -0.007109 0.002041
v 0.027700 -0.007191 0.002534
v 0.027700 -0.006791 0.002635
v 0.027700 -0.006413 0.002801
v 0.027700 -0.006067 0.003027
v 0.027700 -0.005763 0.003307
v 0.027700 -0.005509 0.003633
v 0.027700 -0.005313 0.003996
v 0.027700 -0.005179 0.004386
v 0.027700 -0.005111 0.004794
v 0.027700 -0.005111 0.005206
v 0.027700 -0.005179 0.005614
v 0.027700 -0.005313 0.006004
v 0.027700 -0.005509 0.006367
v 0.027700 -0.005763 0.006693
v 0.027700 -0.006067 0.006973
v 0.027700 -0.006413 0.007199
v 0.027700 -0.006791 0.007365
v 0.027700 -0.007191 0.007466
v 0.027700 0.007602 -0.007500
v 0.028200 0.007602 -0.008000
v 0.028200 0.010602 -0.005000
v 0.027700 0.007602 -0.002500
v 0.028200 0.007602 -0.002000
v 0.027950 0.007602 -0.007750
v 0.027950 0.007602 -0.002250
v 0.028200 0.008029 -0.002031
v 0.028200 0.008448 -0.002122
v 0.028200 0.008849 -0.002271
v 0.028200 0.009224 -0.002476
v 0.028200 0.009567 -0.002733
v 0.028200 0.009870 -0.003035
v 0.028200 0.010126 -0.003378
v 0.028200 0.010331 -0.003754
v 0.028200 0.010481 -0.004155
v 0.028200 0.010572 -0.004573
v 0.028200 0.010572 -0.005427
v 0.028200 0.010481 -0.005845
v 0.028200 0.010331 -0.006246
v 0.028200 0.010126 -0.006622
v 0.028200 0.009870 -0.006965
v 0.028200 0.009567 -0.007267
v 0.028200 0.009224 -0.007524
v 0.028200 0.008849 -0.007729
v 0.028200 0.008448 -0.007878
v 0.028200 0.008029 -0.007969
v 0.027700 0.008014 -0.007466
v 0.027700 0.008414 -0.007365
v 0.027700 0.008792 -0.007199
v 0.027700 0.009138 -0.006973
v 0.027700 0.009442 -0.006693
v 0.027700 0.009695 -0.006367
v 0.027700 0.009892 -0.006004
v 0.027700 0.010026 -0.005614
v 0.027700 0.010094 -0.005206
v 0.027700 0.010094 -0.004794
v 0.027700 0.010026 -0.004386
v 0.027700 0.009892 -0.003996
v 0.027700 0.009695 -0.003633
v 0.027700 0.009442 -0.003307
v 0.027700 0.009138 -0.003027
v 0.027700 0.008792 -0.002801
v 0.027700 0.008414 -0.002635
v 0.027700 0.008014 -0.002534
v 0.027950 0.008139 -0.007697
v 0.027950 0.009130 -0.007287
v 0.027950 0.009547 -0.006945
v 0.027950 0.009889 -0.006528
v 0.027950 0.010143 -0.006052
v 0.027950 0.010300 -0.005536
v 0.027950 0.010352 -0.005000
v 0.027950 0.010300 -0.004464
v 0.027950 0.010143 -0.003948
v 0.027950 0.009889 -0.003472
v 0.027950 0.009547 -0.003055
v 0.027950 0.009130 -0.002713
v 0.027950 0.008655 -0.002459
v 0.027950 0.008139 -0.002303
v 0.001700 0.023000 0.000000
v 0.001700 0.026600 0.000000
v 0.005900 0.023000 0.000000
v 0.005900 0.026600 0.000000
v 0.005900 0.024800 0.000000
v 0.001700 0.024800 0.000000
v 0.001729 0.023000 0.000346
v 0.001814 0.023000 0.000682
v 0.001953 0.023000 0.000999
v 0.002143 0.023000 0.001290
v 0.002378 0.023000 0.001545
v 0.002651 0.023000 0.001758
v 0.002956 0.023000 0.001923
v 0.003284 0.023000 0.002036
v 0.003627 0.023000 0.002093
v 0.003973 0.023000 0.002093
v 0.004316 0.023000 0.002036
v 0.004644 0.023000 0.001923
v 0.004949 0.023000 0.001758
v 0.005222 0.023000 0.001545
v 0.005457 0.023000 0.001290
v 0.005647 0.023000 0.000999
v 0.005786 0.023000 0.000682
v 0.005871 0.023000 0.000346
v 0.005871 0.026600 0.000346
v 0.005786 0.026600 0.000682
v 0.005647 0.026600 0.000999
v 0.005457 0.026600 0.001290
v 0.005222 0.026600 0.001545
v 0.004949 0.026600 0.001758
v 0.004644 0.026600 0.001923
v 0.004316 0.026600 0.002036
v 0.003973 0.026600 0.002093
v 0.003627 0.026600 0.002093
v 0.003284 0.026600 0.002036
v 0.002956 0.026600 0.001923
v 0.002651 0.026600 0.001758
v 0.002378 0.026600 0.001545
v 0.002143 0.026600 0.001290
v 0.001953 0.026600 0.000999
v 0.001814 0.026600 0.000682
v 0.001729 0.026600 0.000346
v 0.005900 0.023000 0.000000
v 0.005871 0.023000 -0.000346
v 0.005786 0.023000 -0.000682
v 0.005647 0.023000 -0.000999
v 0.005457 0.023000 -0.001290
v 0.005222 0.023000 -0.001545
v 0.004949 0.023000 -0.001758
v 0.004644 0.023000 -0.001923
v 0.004316 0.023000 -0.002036
v 0.003973 0.023000 -0.002093
v 0.003627 0.023000 -0.002093
v 0.003284 0.023000 -0.002036
v 0.002956 0.023000 -0.001923
v 0.002651 0.023000 -0.001758
v 0.002378 0.023000 -0.001545
v 0.002143 0.023000 -0.001290
v 0.001953 0.023000 -0.000999
v 0.001814 0.023000 -0.000682
v 0.001729 0.023000 -0.000346
v 0.001700 0.023000 0.000000
v 0.002650 0.023000 0.000000
v 0.002666 0.023000 -0.000189
v 0.002712 0.023000 -0.000373
v 0.002789 0.023000 -0.000547
v 0.002893 0.023000 -0.000706
v 0.003021 0.023000 -0.000846
v 0.003171 0.023000 -0.000963
v 0.003338 0.023000 -0.001053
v 0.003518 0.023000 -0.001115
v 0.003705 0.023000 -0.001146
v 0.003895 0.023000 -0.001146
v 0.004082 0.023000 -0.001115
v 0.004262 0.023000 -0.001053
v 0.004429 0.023000 -0.000963
v 0.004579 0.023000 -0.000846
v 0.004708 0.023000 -0.000706
v 0.004811 0.023000 -0.000547
v 0.004888 0.023000 -0.000373
v 0.004934 0.023000 -0.000189
v 0.004950 0.023000 0.000000
v 0.004934 0.023000 0.000189
v 0.004888 0.023000 0.000373
v 0.004811 0.023000 0.000547
v 0.004708 0.023000 0.000706
v 0.004579 0.023000 0.000846
v 0.004429 0.023000 0.000963
v 0.004262 0.023000 0.001053
v 0.004082 0.023000 0.001115
v 0.003895 0.023000 0.001146
v 0.003705 0.023000 0.001146
v 0.003518 0.023000 0.001115
v 0.003338 0.023000 0.001053
v 0.003171 0.023000 0.000963
v 0.003021 0.023000 0.000846
v 0.002893 0.023000 0.000706
v 0.002789 0.023000 0.000547
v 0.002712 0.023000 0.000373
v 0.002666 0.023000 0.000189
v 0.001729 0.023000 0.000346
v 0.001814 0.023000 0.000682
v 0.001953 0.023000 0.000999
v 0.002143 0.023000 0.001290
v 0.002378 0.023000 0.001545
v 0.002651 0.023000 0.001758
v 0.002956 0.023000 0.001923
v 0.003284 0.023000 0.002036
v 0.003627 0.023000 0.002093
v 0.003973 0.023000 0.002093
v 0.004316 0.023000 0.002036
v 0.004644 0.023000 0.001923
v 0.004949 0.023000 0.001758
v 0.005222 0.023000 0.001545
v 0.005457 0.023000 0.001290
v 0.005647 0.023000 0.000999
v 0.005786 0.023000 0.000682
v 0.005871 0.023000 0.000346
v 0.009700 0.023000 0.000000
v 0.009700 0.026600 0.000000
v 0.013900 0.023000 0.000000
v 0.013900 0.026600 0.000000
v 0.013900 0.024800 0.000000
v 0.009700 0.024800 0.000000
v 0.009729 0.023000 0.000346
v 0.009814 0.023000 0.000682
v 0.009953 0.023000 0.000999
v 0.010143 0.023000 0.001290
v 0.010378 0.023000 0.001545
v 0.010651 0.023000 0.001758
v 0.010956 0.023000 0.001923
v 0.011284 0.023000 0.002036
v 0.011627 0.023000 0.002093
v 0.011973 0.023000 0.002093
v 0.012316 0.023000 0.002036
v 0.012644 0.023000 0.001923
v 0.012949 0.023000 0.001758
v 0.013222 0.023000 0.001545
v 0.013457 0.023000 0.001290
v 0.013647 0.023000 0.000999
v 0.013786 0.023000 0.000682
v 0.013871 0.023000 0.000346
v 0.013871 0.026600 0.000346
v 0.013786 0.026600 0.000682
v 0.013647 0.026600 0.000999
v 0.013457 0.026600 0.001290
v 0.013222 0.026600 0.001545
v 0.012949 0.026600 0.001758
v 0.012644 0.026600 0.001923
v 0.012316 0.026600 0.002036
v 0.011973 0.026600 0.002093
v 0.011627 0.026600 0.002093
v 0.011284 0.026600 0.002036
v 0.010956 0.026600 0.001923
v 0.010651 0.026600 0.001758
v 0.010378 0.026600 0.001545
v 0.010143 0.026600 0.001290
v 0.009953 0.026600 0.000999
v 0.009814 0.026600 0.000682
v 0.009729 0.026600 0.000346
v 0.013900 0.023000 0.000000
v 0.013871 0.023000 -0.000346
v 0.013786 0.023000 -0.000682
v 0.013647 0.023000 -0.000999
v 0.013457 0.023000 -0.001290
v 0.013222 0.023000 -0.001545
v 0.012949 0.023000 -0.001758
v 0.012644 0.023000 -0.001923
v 0.012316 0.023000 -0.002036
v 0.011973 0.023000 -0.002093
v 0.011627 0.023000 -0.002093
v 0.011284 0.023000 -0.002036
v 0.010956 0.023000 -0.001923
v 0.010651 0.023000 -0.001758
v 0.010378 0.023000 -0.001545
v 0.010143 0.023000 -0.001290
v 0.009953 0.023000 -0.000999
v 0.009814 0.023000 -0.000682
v 0.009729 0.023000 -0.000346
v 0.009700 0.023000 0.000000
v 0.010650 0.023000 0.000000
v 0.010666 0.023000 -0.000189
v 0.010712 0.023000 -0.000373
v 0.010789 0.023000 -0.000547
v 0.010893 0.023000 -0.000706
v 0.011021 0.023000 -0.000846
v 0.011171 0.023000 -0.000963
v 0.011338 0.023000 -0.001053
v 0.011518 0.023000 -0.001115
v 0.011705 0.023000 -0.001146
v 0.011895 0.023000 -0.001146
v 0.012082 0.023000 -0.001115
v 0.012262 0.023000 -0.001053
v 0.012429 0.023000 -0.000963
v 0.012579 0.023000 -0.000846
v 0.012708 0.023000 -0.000706
v 0.012811 0.023000 -0.000547
v 0.012888 0.023000 -0.000373
v 0.012934 0.023000 -0.000189
v 0.012950 0.023000 0.000000
v 0.012934 0.023000 0.000189
v 0.012888 0.023000 0.000373
v 0.012811 0.023000 0.000547
v 0.012708 0.023000 0.000706
v 0.012579 0.023000 0.000846
v 0.012429 0.023000 0.000963
v 0.012262 0.023000 0.001053
v 0.012082 0.023000 0.001115
v 0.011895 0.023000 0.001146
v 0.011705 0.023000 0.001146
v 0.011518 0.023000 0.001115
v 0.011338 0.023000 0.001053
v 0.011171 0.023000 0.000963
v 0.011021 0.023000 0.000846
v 0.010893 0.023000 0.000706
v 0.010789 0.023000 0.000547
v 0.010712 0.023000 0.000373
v 0.010666 0.023000 0.000189
v 0.009729 0.023000 0.000346
v 0.009814 0.023000 0.000682
v 0.009953 0.023000 0.000999
v 0.010143 0.023000 0.001290
v 0.010378 0.023000 0.001545
v 0.010651 0.023000 0.001758
v 0.010956 0.023000 0.001923
v 0.011284 0.023000 0.002036
v 0.011627 0.023000 0.002093
v 0.011973 0.023000 0.002093
v 0.012316 0.023000 0.002036
v 0.012644 0.023000 0.001923
v 0.012949 0.023000 0.001758
v 0.013222 0.023000 0.001545
v 0.013457 0.023000 0.001290
v 0.013647 0.023000 0.000999
v 0.013786 0.023000 0.000682
v 0.013871 0.023000 0.000346
v 0.005900 -0.023000 0.000000
v 0.005871 -0.023000 -0.000346
v 0.005786 -0.023000 -0.000682
v 0.005647 -0.023000 -0.000999
v 0.005457 -0.023000 -0.001290
v 0.005222 -0.023000 -0.001545
v 0.004949 -0.023000 -0.001758
v 0.004644 -0.023000 -0.001923
v 0.004316 -0.023000 -0.002036
v 0.003973 -0.023000 -0.002093
v 0.003627 -0.023000 -0.002093
v 0.003284 -0.023000 -0.002036
v 0.002956 -0.023000 -0.001923
v 0.002651 -0.023000 -0.001758
v 0.002378 -0.023000 -0.001545
v 0.002143 -0.023000 -0.001290
v 0.001953 -0.023000 -0.000999
v 0.001814 -0.023000 -0.000682
v 0.001729 -0.023000 -0.000346
v 0.001700 -0.023000 0.000000
v 0.002650 -0.023000 0.000000
v 0.002666 -0.023000 -0.000189
v 0.002712 -0.023000 -0.000373
v 0.002789 -0.023000 -0.000547
v 0.002893 -0.023000 -0.000706
v 0.003021 -0.023000 -0.000846
v 0.003171 -0.023000 -0.000963
v 0.003338 -0.023000 -0.001053
v 0.003518 -0.023000 -0.001115
v 0.003705 -0.023000 -0.001146
v 0.003895 -0.023000 -0.001146
v 0.004082 -0.023000 -0.001115
v 0.004262 -0.023000 -0.001053
v 0.004429 -0.023000 -0.000963
v 0.004579 -0.023000 -0.000846
v 0.004708 -0.023000 -0.000706
v 0.004811 -0.023000 -0.000547
v 0.004888 -0.023000 -0.000373
v 0.004934 -0.023000 -0.000189
v 0.004950 -0.023000 0.000000
v 0.004934 -0.023000 0.000189
v 0.004888 -0.023000 0.000373
v 0.004811 -0.023000 0.000547
v 0.004708 -0.023000 0.000706
v 0.004579 -0.023000 0.000846
v 0.004429 -0.023000 0.000963
v 0.004262 -0.023000 0.001053
v 0.004082 -0.023000 0.001115
v 0.003895 -0.023000 0.001146
v 0.003705 -0.023000 0.001146
v 0.003518 -0.023000 0.001115
v 0.003338 -0.023000 0.001053
v 0.003171 -0.023000 0.000963
v 0.003021 -0.023000 0.000846
v 0.002893 -0.023000 0.000706
v 0.002789 -0.023000 0.000547
v 0.002712 -0.023000 0.000373
v 0.002666 -0.023000 0.000189
v 0.001729 -0.023000 0.000346
v 0.001814 -0.023000 0.000682
v 0.001953 -0.023000 0.000999
v 0.002143 -0.023000 0.001290
v 0.002378 -0.023000 0.001545
v 0.002651 -0.023000 0.001758
v 0.002956 -0.023000 0.001923
v 0.003284 -0.023000 0.002036
v 0.003627 -0.023000 0.002093
v 0.003973 -0.023000 0.002093
v 0.004316 -0.023000 0.002036
v 0.004644 -0.023000 0.001923
v 0.004949 -0.023000 0.001758
v 0.005222 -0.023000 0.001545
v 0.005457 -0.023000 0.001290
v 0.005647 -0.023000 0.000999
v 0.005786 -0.023000 0.000682
v 0.005871 -0.023000 0.000346
v 0.005900 -0.023000 0.000000
v 0.005900 -0.026600 0.000000
v 0.001700 -0.023000 0.000000
v 0.001700 -0.026600 0.000000
v 0.001700 -0.024800 0.000000
v 0.005900 -0.024800 0.000000
v 0.005871 -0.023000 0.000346
v 0.005786 -0.023000 0.000682
v 0.005647 -0.023000 0.000999
v 0.005457 -0.023000 0.001290
v 0.005222 -0.023000 0.001545
v 0.004949 -0.023000 0.001758
v 0.004644 -0.023000 0.001923
v 0.004316 -0.023000 0.002036
v 0.003973 -0.023000 0.002093
v 0.003627 -0.023000 0.002093
v 0.003284 -0.023000 0.002036
v 0.002956 -0.023000 0.001923
v 0.002651 -0.023000 0.001758
v 0.002378 -0.023000 0.001545
v 0.002143 -0.023000 0.001290
v 0.001953 -0.023000 0.000999
v 0.001814 -0.023000 0.000682
v 0.001729 -0.023000 0.000346
v 0.001729 -0.026600 0.000346
v 0.001814 -0.026600 0.000682
v 0.001953 -0.026600 0.000999
v 0.002143 -0.026600 0.001290
v 0.002378 -0.026600 0.001545
v 0.002651 -0.026600 0.001758
v 0.002956 -0.026600 0.001923
v 0.003284 -0.026600 0.002036
v 0.003627 -0.026600 0.002093
v 0.003973 -0.026600 0.002093
v 0.004316 -0.026600 0.002036
v 0.004644 -0.026600 0.001923
v 0.004949 -0.026600 0.001758
v 0.005222 -0.026600 0.001545
v 0.005457 -0.026600 0.001290
v 0.005647 -0.026600 0.000999
v 0.005786 -0.026600 0.000682
v 0.005871 -0.026600 0.000346
v 0.013900 -0.023000 0.000000
v 0.013871 -0.023000 -0.000346
v 0.013786 -0.023000 -0.000682
v 0.013647 -0.023000 -0.000999
v 0.013457 -0.023000 -0.001290
v 0.013222 -0.023000 -0.001545
v 0.012949 -0.023000 -0.001758
v 0.012644 -0.023000 -0.001923
v 0.012316 -0.023000 -0.002036
v 0.011973 -0.023000 -0.002093
v 0.011627 -0.023000 -0.002093
v 0.011284 -0.023000 -0.002036
v 0.010956 -0.023000 -0.001923
v 0.010651 -0.023000 -0.001758
v 0.010378 -0.023000 -0.001545
v 0.010143 -0.023000 -0.001290
v 0.009953 -0.023000 -0.000999
v 0.009814 -0.023000 -0.000682
v 0.009729 -0.023000 -0.000346
v 0.009700 -0.023000 0.000000
v 0.010650 -0.023000 0.000000
v 0.010666 -0.023000 -0.000189
v 0.010712 -0.023000 -0.000373
v 0.010789 -0.023000 -0.000547
v 0.010893 -0.023000 -0.000706
v 0.011021 -0.023000 -0.000846
v 0.011171 -0.023000 -0.000963
v 0.011338 -0.023000 -0.001053
v 0.011518 -0.023000 -0.001115
v 0.011705 -0.023000 -0.001146
v 0.011895 -0.023000 -0.001146
v 0.012082 -0.023000 -0.001115
v 0.012262 -0.023000 -0.001053
v 0.012429 -0.023000 -0.000963
v 0.012579 -0.023000 -0.000846
v 0.012708 -0.023000 -0.000706
v 0.012811 -0.023000 -0.000547
v 0.012888 -0.023000 -0.000373
v 0.012934 -0.023000 -0.000189
v 0.012950 -0.023000 0.000000
v 0.012934 -0.023000 0.000189
v 0.012888 -0.023000 0.000373
v 0.012811 -0.023000 0.000547
v 0.012708 -0.023000 0.000706
v 0.012579 -0.023000 0.000846
v 0.012429 -0.023000 0.000963
v 0.012262 -0.023000 0.001053
v 0.012082 -0.023000 0.001115
v 0.011895 -0.023000 0.001146
v 0.011705 -0.023000 0.001146
v 0.011518 -0.023000 0.001115
v 0.011338 -0.023000 0.001053
v 0.011171 -0.023000 0.000963
v 0.011021 -0.023000 0.000846
v 0.010893 -0.023000 0.000706
v 0.010789 -0.023000 0.000547
v 0.010712 -0.023000 0.000373
v 0.010666 -0.023000 0.000189
v 0.009729 -0.023000 0.000346
v 0.009814 -0.023000 0.000682
v 0.009953 -0.023000 0.000999
v 0.010143 -0.023000 0.001290
v 0.010378 -0.023000 0.001545
v 0.010651 -0.023000 0.001758
v 0.010956 -0.023000 0.001923
v 0.011284 -0.023000 0.002036
v 0.011627 -0.023000 0.002093
v 0.011973 -0.023000 0.002093
v 0.012316 -0.023000 0.002036
v 0.012644 -0.023000 0.001923
v 0.012949 -0.023000 0.001758
v 0.013222 -0.023000 0.001545
v 0.013457 -0.023000 0.001290
v 0.013647 -0.023000 0.000999
v 0.013786 -0.023000 0.000682
v 0.013871 -0.023000 0.000346
v 0.013900 -0.023000 0.000000
v 0.013900 -0.026600 0.000000
v 0.009700 -0.023000 0.000000
v 0.009700 -0.026600 0.000000
v 0.009700 -0.024800 0.000000
v 0.013900 -0.024800 0.000000
v 0.013871 -0.023000 0.000346
v 0.013786 -0.023000 0.000682
v 0.013647 -0.023000 0.000999
v 0.013457 -0.023000 0.001290
v 0.013222 -0.023000 0.001545
v 0.012949 -0.023000 0.001758
v 0.012644 -0.023000 0.001923
v 0.012316 -0.023000 0.002036
v 0.011973 -0.023000 0.002093
v 0.011627 -0.023000 0.002093
v 0.011284 -0.023000 0.002036
v 0.010956 -0.023000 0.001923
v 0.010651 -0.023000 0.001758
v 0.010378 -0.023000 0.001545
v 0.010143 -0.023000 0.001290
v 0.009953 -0.023000 0.000999
v 0.009814 -0.023000 0.000682
v 0.009729 -0.023000 0.000346
v 0.009729 -0.026600 0.000346
v 0.009814 -0.026600 0.000682
v 0.009953 -0.026600 0.000999
v 0.010143 -0.026600 0.001290
v 0.010378 -0.026600 0.001545
v 0.010651 -0.026600 0.001758
v 0.010956 -0.026600 0.001923
v 0.011284 -0.026600 0.002036
v 0.011627 -0.026600 0.002093
v 0.011973 -0.026600 0.002093
v 0.012316 -0.026600 0.002036
v 0.012644 -0.026600 0.001923
v 0.012949 -0.026600 0.001758
v 0.013222 -0.026600 0.001545
v 0.013457 -0.026600 0.001290
v 0.013647 -0.026600 0.000999
v 0.013786 -0.026600 0.000682
v 0.013871 -0.026600 0.000346
v 0.033900 -0.025600 0.007700
v 0.033900 0.025600 0.007700
v 0.033600 -0.025476 0.008000
v 0.033600 0.025476 0.008000
v 0.033900 -0.025600 0.007700
v 0.032900 -0.026600 0.007700
v 0.033600 -0.025476 0.008000
v 0.032776 -0.026300 0.008000
v 0.033900 0.025600 0.007700
v 0.032900 0.026600 0.007700
v 0.033600 0.025476 0.008000
v 0.032776 0.026300 0.008000
v -0.000000 -0.026600 0.007700
v 0.032900 -0.026600 0.007700
v 0.000300 -0.026300 0.008000
v 0.032776 -0.026300 0.008000
v 0.032900 0.026600 0.007700
v 0.000300 0.026300 0.008000
v 0.032776 0.026300 0.008000
v -0.000000 0.026600 0.007700
v -0.000000 -0.019100 0.007700
v -0.000000 -0.026600 0.007700
v 0.000300 -0.019400 0.008000
v 0.000300 -0.026300 0.008000
v -0.000000 0.019100 0.007700
v -0.000000 0.026600 0.007700
v 0.000300 0.019400 0.008000
v 0.000300 0.026300 0.008000
v -0.000000 -0.019100 0.007700
v 0.001700 -0.019100 0.007700
v 0.000300 -0.019400 0.008000
v 0.001400 -0.019400 0.008000
v 0.001700 0.019100 0.007700
v -0.000000 0.019100 0.007700
v 0.001400 0.019400 0.008000
v 0.000300 0.019400 0.008000
v 0.001700 -0.019100 0.007700
v 0.001400 -0.021400 0.008000
v 0.001400 -0.019400 0.008000
v 0.001700 -0.021100 0.007700
v 0.001700 0.019100 0.007700
v 0.001400 0.021400 0.008000
v 0.001400 0.019400 0.008000
v 0.001700 0.021100 0.007700
v 0.014200 -0.021400 0.008000
v 0.001400 -0.021400 0.008000
v 0.001700 -0.021100 0.007700
v 0.013900 -0.021100 0.007700
v 0.014200 0.021400 0.008000
v 0.001400 0.021400 0.008000
v 0.001700 0.021100 0.007700
v 0.013900 0.021100 0.007700
v 0.014200 -0.021400 0.008000
v 0.013900 -0.019100 0.007700
v 0.014200 -0.019400 0.008000
v 0.013900 -0.021100 0.007700
v 0.014200 0.021400 0.008000
v 0.013900 0.019100 0.007700
v 0.014200 0.019400 0.008000
v 0.013900 0.021100 0.007700
v 0.013900 -0.019100 0.007700
v 0.015600 -0.019100 0.007700
v 0.014200 -0.019400 0.008000
v 0.015300 -0.019400 0.008000
v 0.015600 0.019100 0.007700
v 0.013900 0.019100 0.007700
v 0.015300 0.019400 0.008000
v 0.014200 0.019400 0.008000
v 0.015300 -0.022900 0.008000
v 0.015600 -0.019100 0.007700
v 0.015300 -0.019400 0.008000
v 0.015600 -0.022600 0.007700
v 0.015300 0.022900 0.008000
v 0.015600 0.019100 0.007700
v 0.015300 0.019400 0.008000
v 0.015600 0.022600 0.007700
v 0.015300 -0.022900 0.008000
v 0.017300 -0.022900 0.008000
v 0.015600 -0.022600 0.007700
v 0.017600 -0.022600 0.007700
v 0.028400 0.022900 0.008000
v 0.028400 0.022600 0.007700
v 0.015300 0.022900 0.008000
v 0.015600 0.022600 0.007700
v 0.028400 0.022700 0.007800
v 0.028400 0.022800 0.007900
v 0.017600 -0.023100 0.007700
v 0.017300 -0.023100 0.008000
v 0.017600 -0.022600 0.007700
v 0.017300 -0.022900 0.008000
v 0.017400 -0.023100 0.007900
v 0.017500 -0.023100 0.007800
v 0.029400 0.021600 0.007700
v 0.029700 0.021600 0.008000
v 0.029107 0.022307 0.007700
v 0.028400 0.022600 0.007700
v 0.028400 0.022900 0.008000
v 0.029388 0.021756 0.007700
v 0.029351 0.021909 0.007700
v 0.029291 0.022054 0.007700
v 0.029209 0.022188 0.007700
v 0.028988 0.022409 0.007700
v 0.028854 0.022491 0.007700
v 0.028709 0.022551 0.007700
v 0.028556 0.022588 0.007700
v 0.028400 0.022700 0.007800
v 0.028400 0.022800 0.007900
v 0.029600 0.021600 0.007900
v 0.029500 0.021600 0.007800
v 0.028585 0.022887 0.008000
v 0.028766 0.022847 0.008000
v 0.028940 0.022783 0.008000
v 0.029103 0.022694 0.008000
v 0.029251 0.022582 0.008000
v 0.029382 0.022451 0.008000
v 0.029494 0.022303 0.008000
v 0.029583 0.022140 0.008000
v 0.029647 0.021966 0.008000
v 0.029687 0.021785 0.008000
v 0.029528 0.021824 0.007850
v 0.029356 0.022239 0.007850
v 0.029213 0.022413 0.007850
v 0.028840 0.022662 0.007850
v 0.029039 0.022556 0.007850
v 0.028624 0.022728 0.007850
v 0.017600 -0.023100 0.007700
v 0.017300 -0.023100 0.008000
v 0.018600 -0.024100 0.007700
v 0.018600 -0.024400 0.008000
v 0.017612 -0.023256 0.007700
v 0.017649 -0.023409 0.007700
v 0.017709 -0.023554 0.007700
v 0.017791 -0.023688 0.007700
v 0.017893 -0.023807 0.007700
v 0.018012 -0.023909 0.007700
v 0.018146 -0.023991 0.007700
v 0.018291 -0.024051 0.007700
v 0.018444 -0.024088 0.007700
v 0.017400 -0.023100 0.007900
v 0.017500 -0.023100 0.007800
v 0.018415 -0.024387 0.008000
v 0.018234 -0.024347 0.008000
v 0.018060 -0.024283 0.008000
v 0.017897 -0.024194 0.008000
v 0.017749 -0.024082 0.008000
v 0.017618 -0.023951 0.008000
v 0.017506 -0.023803 0.008000
v 0.017417 -0.023640 0.008000
v 0.017353 -0.023466 0.008000
v 0.017313 -0.023285 0.008000
v 0.018600 -0.024200 0.007800
v 0.018600 -0.024300 0.007900
v 0.017472 -0.023324 0.007850
v 0.017644 -0.023739 0.007850
v 0.017787 -0.023913 0.007850
v 0.017961 -0.024056 0.007850
v 0.018160 -0.024162 0.007850
v 0.018376 -0.024228 0.007850
v 0.029700 -0.007602 0.008000
v 0.029400 0.021600 0.007700
v 0.029700 0.021600 0.008000
v 0.029400 -0.006295 0.007700
v 0.029500 0.021600 0.007800
v 0.029600 0.021600 0.007900
v 0.029681 -0.007266 0.007981
v 0.029624 -0.006932 0.007924
v 0.029530 -0.006606 0.007830
v 0.026400 -0.024100 0.007700
v 0.026400 -0.024400 0.008000
v 0.018600 -0.024100 0.007700
v 0.018600 -0.024400 0.008000
v 0.018600 -0.024200 0.007800
v 0.018600 -0.024300 0.007900
v 0.026400 -0.024300 0.007900
v 0.026400 -0.024200 0.007800
v 0.029400 -0.021600 0.007700
v 0.029700 -0.021600 0.008000
v 0.029700 -0.007602 0.008000
v 0.029400 -0.008910 0.007700
v 0.029530 -0.008599 0.007830
v 0.029624 -0.008273 0.007924
v 0.029681 -0.007939 0.007981
v 0.029600 -0.021600 0.007900
v 0.029500 -0.021600 0.007800
v 0.026400 -0.024100 0.007700
v 0.027700 -0.023100 0.008000
v 0.026556 -0.024088 0.007700
v 0.026709 -0.024051 0.007700
v 0.026854 -0.023991 0.007700
v 0.026988 -0.023909 0.007700
v 0.027107 -0.023807 0.007700
v 0.027209 -0.023688 0.007700
v 0.027291 -0.023554 0.007700
v 0.027351 -0.023409 0.007700
v 0.027388 -0.023256 0.007700
v 0.026400 -0.024400 0.008000
v 0.026400 -0.024300 0.007900
v 0.026400 -0.024200 0.007800
v 0.027687 -0.023285 0.008000
v 0.027647 -0.023466 0.008000
v 0.027583 -0.023640 0.008000
v 0.027494 -0.023803 0.008000
v 0.027382 -0.023951 0.008000
v 0.027251 -0.024082 0.008000
v 0.027103 -0.024194 0.008000
v 0.026940 -0.024283 0.008000
v 0.026766 -0.024347 0.008000
v 0.026585 -0.024387 0.008000
v 0.027400 -0.023100 0.007700
v 0.027500 -0.023100 0.007800
v 0.027600 -0.023100 0.007900
v 0.026624 -0.024228 0.007850
v 0.027039 -0.024056 0.007850
v 0.027213 -0.023913 0.007850
v 0.027462 -0.023540 0.007850
v 0.027356 -0.023739 0.007850
v 0.027528 -0.023324 0.007850
v 0.028400 -0.022600 0.007700
v 0.028400 -0.022900 0.008000
v 0.029107 -0.022307 0.007700
v 0.029400 -0.021600 0.007700
v 0.029700 -0.021600 0.008000
v 0.028556 -0.022588 0.007700
v 0.028709 -0.022551 0.007700
v 0.028854 -0.022491 0.007700
v 0.028988 -0.022409 0.007700
v 0.029209 -0.022188 0.007700
v 0.029291 -0.022054 0.007700
v 0.029351 -0.021909 0.007700
v 0.029388 -0.021756 0.007700
v 0.029500 -0.021600 0.007800
v 0.029600 -0.021600 0.007900
v 0.028400 -0.022800 0.007900
v 0.028400 -0.022700 0.007800
v 0.029687 -0.021785 0.008000
v 0.029647 -0.021966 0.008000
v 0.029583 -0.022140 0.008000
v 0.029494 -0.022303 0.008000
v 0.029382 -0.022451 0.008000
v 0.029251 -0.022582 0.008000
v 0.029103 -0.022694 0.008000
v 0.028940 -0.022783 0.008000
v 0.028766 -0.022847 0.008000
v 0.028585 -0.022887 0.008000
v 0.028624 -0.022728 0.007850
v 0.029039 -0.022556 0.007850
v 0.029213 -0.022413 0.007850
v 0.029462 -0.022040 0.007850
v 0.029356 -0.022239 0.007850
v 0.029528 -0.021824 0.007850
v 0.027400 -0.022600 0.007700
v 0.027400 -0.023100 0.007700
v 0.027700 -0.023100 0.008000
v 0.027700 -0.022900 0.008000
v 0.027500 -0.023100 0.007800
v 0.027600 -0.023100 0.007900
v 0.028400 -0.022900 0.008000
v 0.028400 -0.022600 0.007700
v 0.027700 -0.022900 0.008000
v 0.027400 -0.022600 0.007700
v 0.028400 -0.022700 0.007800
v 0.028400 -0.022800 0.007900
v 0.032900 0.026600 -0.007700
v 0.033900 0.025600 -0.007700
v 0.032776 0.026300 -0.008000
v 0.033600 0.025476 -0.008000
v 0.033900 0.025600 -0.007700
v 0.033900 -0.025600 -0.007700
v 0.033600 0.025476 -0.008000
v 0.033600 -0.025476 -0.008000
v 0.032900 0.026600 -0.007700
v -0.000000 0.026600 -0.007700
v 0.032776 0.026300 -0.008000
v 0.000300 0.026300 -0.008000
v 0.032900 -0.026600 -0.007700
v 0.033900 -0.025600 -0.007700
v 0.033600 -0.025476 -0.008000
v 0.032776 -0.026300 -0.008000
v -0.000000 0.026600 -0.007700
v -0.000000 0.019100 -0.007700
v 0.000300 0.026300 -0.008000
v 0.000300 0.019400 -0.008000
v -0.000000 -0.026600 -0.007700
v 0.032900 -0.026600 -0.007700
v 0.032776 -0.026300 -0.008000
v 0.000300 -0.026300 -0.008000
v -0.000000 0.019100 -0.007700
v 0.001700 0.019100 -0.007700
v 0.000300 0.019400 -0.008000
v 0.001400 0.019400 -0.008000
v -0.000000 -0.026600 -0.007700
v -0.000000 -0.019100 -0.007700
v 0.000300 -0.026300 -0.008000
v 0.000300 -0.019400 -0.008000
v 0.001400 0.021400 -0.008000
v 0.001700 0.019100 -0.007700
v 0.001700 0.021100 -0.007700
v 0.001400 0.019400 -0.008000
v 0.001700 -0.019100 -0.007700
v -0.000000 -0.019100 -0.007700
v 0.001400 -0.019400 -0.008000
v 0.000300 -0.019400 -0.008000
v 0.001400 0.021400 -0.008000
v 0.014200 0.021400 -0.008000
v 0.013900 0.021100 -0.007700
v 0.001700 0.021100 -0.007700
v 0.001400 -0.021400 -0.008000
v 0.001700 -0.019100 -0.007700
v 0.001700 -0.021100 -0.007700
v 0.001400 -0.019400 -0.008000
v 0.014200 0.021400 -0.008000
v 0.013900 0.019100 -0.007700
v 0.013900 0.021100 -0.007700
v 0.014200 0.019400 -0.008000
v 0.014200 -0.021400 -0.008000
v 0.001400 -0.021400 -0.008000
v 0.013900 -0.021100 -0.007700
v 0.001700 -0.021100 -0.007700
v 0.013900 0.019100 -0.007700
v 0.015600 0.019100 -0.007700
v 0.014200 0.019400 -0.008000
v 0.015300 0.019400 -0.008000
v 0.014200 -0.021400 -0.008000
v 0.013900 -0.021100 -0.007700
v 0.014200 -0.019400 -0.008000
v 0.013900 -0.019100 -0.007700
v 0.015300 0.022900 -0.008000
v 0.015600 0.022600 -0.007700
v 0.015300 0.019400 -0.008000
v 0.015600 0.019100 -0.007700
v 0.015600 -0.019100 -0.007700
v 0.013900 -0.019100 -0.007700
v 0.015300 -0.019400 -0.008000
v 0.014200 -0.019400 -0.008000
v 0.015300 0.022900 -0.008000
v 0.017600 0.022600 -0.007700
v 0.015600 0.022600 -0.007700
v 0.017300 0.022900 -0.008000
v 0.015300 -0.022900 -0.008000
v 0.015600 -0.019100 -0.007700
v 0.015600 -0.022600 -0.007700
v 0.015300 -0.019400 -0.008000
v 0.017600 0.023100 -0.007700
v 0.017300 0.023100 -0.008000
v 0.017600 0.022600 -0.007700
v 0.017300 0.022900 -0.008000
v 0.017400 0.023100 -0.007900
v 0.017500 0.023100 -0.007800
v 0.015300 -0.022900 -0.008000
v 0.028400 -0.022900 -0.008000
v 0.028400 -0.022600 -0.007700
v 0.015600 -0.022600 -0.007700
v 0.028400 -0.022800 -0.007900
v 0.028400 -0.022700 -0.007800
v 0.017600 0.023100 -0.007700
v 0.018600 0.024400 -0.008000
v 0.017612 0.023256 -0.007700
v 0.017649 0.023409 -0.007700
v 0.017709 0.023554 -0.007700
v 0.017791 0.023688 -0.007700
v 0.017893 0.023807 -0.007700
v 0.018012 0.023909 -0.007700
v 0.018146 0.023991 -0.007700
v 0.018291 0.024051 -0.007700
v 0.018444 0.024088 -0.007700
v 0.017300 0.023100 -0.008000
v 0.017400 0.023100 -0.007900
v 0.017500 0.023100 -0.007800
v 0.018415 0.024387 -0.008000
v 0.018234 0.024347 -0.008000
v 0.018060 0.024283 -0.008000
v 0.017897 0.024194 -0.008000
v 0.017749 0.024082 -0.008000
v 0.017618 0.023951 -0.008000
v 0.017506 0.023803 -0.008000
v 0.017417 0.023640 -0.008000
v 0.017353 0.023466 -0.008000
v 0.017313 0.023285 -0.008000
v 0.018600 0.024100 -0.007700
v 0.018600 0.024200 -0.007800
v 0.018600 0.024300 -0.007900
v 0.017472 0.023324 -0.007850
v 0.017644 0.023739 -0.007850
v 0.017787 0.023913 -0.007850
v 0.017961 0.024056 -0.007850
v 0.018160 0.024162 -0.007850
v 0.018376 0.024228 -0.007850
v 0.029700 -0.021600 -0.008000
v 0.028400 -0.022600 -0.007700
v 0.028400 -0.022900 -0.008000
v 0.029400 -0.021600 -0.007700
v 0.029388 -0.021756 -0.007700
v 0.029351 -0.021909 -0.007700
v 0.029291 -0.022054 -0.007700
v 0.029209 -0.022188 -0.007700
v 0.029107 -0.022307 -0.007700
v 0.028988 -0.022409 -0.007700
v 0.028854 -0.022491 -0.007700
v 0.028709 -0.022551 -0.007700
v 0.028556 -0.022588 -0.007700
v 0.028400 -0.022700 -0.007800
v 0.028400 -0.022800 -0.007900
v 0.029600 -0.021600 -0.007900
v 0.029500 -0.021600 -0.007800
v 0.028585 -0.022887 -0.008000
v 0.028766 -0.022847 -0.008000
v 0.028940 -0.022783 -0.008000
v 0.029103 -0.022694 -0.008000
v 0.029251 -0.022582 -0.008000
v 0.029382 -0.022451 -0.008000
v 0.029494 -0.022303 -0.008000
v 0.029583 -0.022140 -0.008000
v 0.029647 -0.021966 -0.008000
v 0.029687 -0.021785 -0.008000
v 0.029528 -0.021824 -0.007850
v 0.029356 -0.022239 -0.007850
v 0.029213 -0.022413 -0.007850
v 0.028840 -0.022662 -0.007850
v 0.029039 -0.022556 -0.007850
v 0.028624 -0.022728 -0.007850
v 0.026400 0.024100 -0.007700
v 0.026400 0.024400 -0.008000
v 0.018600 0.024100 -0.007700
v 0.018600 0.024400 -0.008000
v 0.018600 0.024200 -0.007800
v 0.018600 0.024300 -0.007900
v 0.026400 0.024300 -0.007900
v 0.026400 0.024200 -0.007800
v 0.029700 0.007602 -0.008000
v 0.029400 -0.021600 -0.007700
v 0.029700 -0.021600 -0.008000
v 0.029400 0.006295 -0.007700
v 0.029500 -0.021600 -0.007800
v 0.029600 -0.021600 -0.007900
v 0.029681 0.007266 -0.007981
v 0.029624 0.006932 -0.007924
v 0.029530 0.006606 -0.007830
v 0.026400 0.024100 -0.007700
v 0.026400 0.024400 -0.008000
v 0.027400 0.023100 -0.007700
v 0.027700 0.023100 -0.008000
v 0.026556 0.024088 -0.007700
v 0.026709 0.024051 -0.007700
v 0.026854 0.023991 -0.007700
v 0.026988 0.023909 -0.007700
v 0.027107 0.023807 -0.007700
v 0.027209 0.023688 -0.007700
v 0.027291 0.023554 -0.007700
v 0.027351 0.023409 -0.007700
v 0.027388 0.023256 -0.007700
v 0.026400 0.024300 -0.007900
v 0.026400 0.024200 -0.007800
v 0.027687 0.023285 -0.008000
v 0.027647 0.023466 -0.008000
v 0.027583 0.023640 -0.008000
v 0.027494 0.023803 -0.008000
v 0.027382 0.023951 -0.008000
v 0.027251 0.024082 -0.008000
v 0.027103 0.024194 -0.008000
v 0.026940 0.024283 -0.008000
v 0.026766 0.024347 -0.008000
v 0.026585 0.024387 -0.008000
v 0.027500 0.023100 -0.007800
v 0.027600 0.023100 -0.007900
v 0.026624 0.024228 -0.007850
v 0.027039 0.024056 -0.007850
v 0.027213 0.023913 -0.007850
v 0.027462 0.023540 -0.007850
v 0.027356 0.023739 -0.007850
v 0.027528 0.023324 -0.007850
v 0.029400 0.021600 -0.007700
v 0.029700 0.021600 -0.008000
v 0.029700 0.007602 -0.008000
v 0.029400 0.008910 -0.007700
v 0.029530 0.008599 -0.007830
v 0.029624 0.008273 -0.007924
v 0.029681 0.007939 -0.007981
v 0.029600 0.021600 -0.007900
v 0.029500 0.021600 -0.007800
v 0.027400 0.022600 -0.007700
v 0.027400 0.023100 -0.007700
v 0.027700 0.023100 -0.008000
v 0.027700 0.022900 -0.008000
v 0.027500 0.023100 -0.007800
v 0.027600 0.023100 -0.007900
v 0.028400 0.022600 -0.007700
v 0.028400 0.022900 -0.008000
v 0.029700 0.021600 -0.008000
v 0.028556 0.022588 -0.007700
v 0.028709 0.022551 -0.007700
v 0.028854 0.022491 -0.007700
v 0.028988 0.022409 -0.007700
v 0.029107 0.022307 -0.007700
v 0.029209 0.022188 -0.007700
v 0.029291 0.022054 -0.007700
v 0.029351 0.021909 -0.007700
v 0.029388 0.021756 -0.007700
v 0.029400 0.021600 -0.007700
v 0.029500 0.021600 -0.007800
v 0.029600 0.021600 -0.007900
v 0.028400 0.022800 -0.007900
v 0.028400 0.022700 -0.007800
v 0.029687 0.021785 -0.008000
v 0.029647 0.021966 -0.008000
v 0.029583 0.022140 -0.008000
v 0.029494 0.022303 -0.008000
v 0.029382 0.022451 -0.008000
v 0.029251 0.022582 -0.008000
v 0.029103 0.022694 -0.008000
v 0.028940 0.022783 -0.008000
v 0.028766 0.022847 -0.008000
v 0.028585 0.022887 -0.008000
v 0.028624 0.022728 -0.007850
v 0.029039 0.022556 -0.007850
v 0.029213 0.022413 -0.007850
v 0.029356 0.022239 -0.007850
v 0.029462 0.022040 -0.007850
v 0.029528 0.021824 -0.007850
v 0.028400 0.022600 -0.007700
v 0.028400 0.022900 -0.008000
v 0.027700 0.022900 -0.008000
v 0.027400 0.022600 -0.007700
v 0.028400 0.022800 -0.007900
v 0.028400 0.022700 -0.007800
v 0.027400 -0.000000 -0.002700
v 0.027700 -0.000000 -0.003000
v 0.027400 0.001909 -0.001909
v 0.027400 0.002700 0.000000
v 0.027700 0.003000 0.000000
v 0.027400 0.001909 0.001909
v 0.027400 -0.000000 0.002700
v 0.027700 -0.000000 0.003000
v 0.027700 0.000427 0.002969
v 0.027700 0.000845 0.002878
v 0.027700 0.001246 0.002729
v 0.027700 0.001622 0.002524
v 0.027700 0.001965 0.002267
v 0.027700 0.002267 0.001965
v 0.027700 0.002524 0.001622
v 0.027700 0.002729 0.001246
v 0.027700 0.002878 0.000845
v 0.027700 0.002969 0.000427
v 0.027700 0.002969 -0.000427
v 0.027700 0.002878 -0.000845
v 0.027700 0.002729 -0.001246
v 0.027700 0.002524 -0.001622
v 0.027700 0.002267 -0.001965
v 0.027700 0.001965 -0.002267
v 0.027700 0.001622 -0.002524
v 0.027700 0.001246 -0.002729
v 0.027700 0.000845 -0.002878
v 0.027700 0.000427 -0.002969
v 0.027400 0.000422 -0.002667
v 0.027400 0.000834 -0.002568
v 0.027400 0.001226 -0.002406
v 0.027400 0.001587 -0.002184
v 0.027400 0.002184 -0.001587
v 0.027400 0.002406 -0.001226
v 0.027400 0.002568 -0.000834
v 0.027400 0.002667 -0.000422
v 0.027400 0.002667 0.000422
v 0.027400 0.002568 0.000834
v 0.027400 0.002406 0.001226
v 0.027400 0.002184 0.001587
v 0.027400 0.001587 0.002184
v 0.027400 0.001226 0.002406
v 0.027400 0.000834 0.002568
v 0.027400 0.000422 0.002667
v 0.027400 0.022900 -0.006500
v 0.027400 0.022600 -0.006200
v 0.017600 0.022900 -0.006500
v 0.017600 0.022600 -0.006200
v 0.017600 -0.022900 0.006500
v 0.017600 -0.022600 0.006200
v 0.027400 -0.022900 0.006500
v 0.027400 -0.022600 0.006200
v 0.035600 0.023600 -0.004500
v 0.035900 0.021600 -0.006200
v 0.035600 0.021600 -0.006500
v 0.035600 0.021885 -0.006480
v 0.035600 0.022163 -0.006419
v 0.035600 0.022431 -0.006319
v 0.035600 0.022681 -0.006183
v 0.035600 0.022910 -0.006012
v 0.035600 0.023112 -0.005810
v 0.035600 0.023282 -0.005581
v 0.035600 0.023419 -0.005331
v 0.035600 0.023519 -0.005063
v 0.035600 0.023580 -0.004785
v 0.035750 0.021600 -0.006350
v 0.035750 0.023450 -0.004500
v 0.035900 0.023300 -0.004500
v 0.035900 0.023279 -0.004766
v 0.035900 0.023217 -0.005025
v 0.035900 0.023115 -0.005272
v 0.035900 0.022975 -0.005499
v 0.035900 0.022802 -0.005702
v 0.035900 0.022599 -0.005875
v 0.035900 0.022372 -0.006015
v 0.035900 0.022125 -0.006117
v 0.035900 0.021866 -0.006179
v 0.035750 0.023414 -0.004861
v 0.035750 0.023138 -0.005528
v 0.035750 0.022908 -0.005808
v 0.035750 0.022308 -0.006209
v 0.035750 0.022628 -0.006038
v 0.035750 0.021961 -0.006314
v 0.035900 0.023300 0.004500
v 0.035600 0.023600 0.004500
v 0.035900 0.023300 -0.004500
v 0.035600 0.023600 -0.004500
v 0.035750 0.023450 -0.004500
v 0.035750 0.023450 0.004500
v 0.035900 0.021600 -0.006200
v 0.035600 -0.021600 -0.006500
v 0.035600 0.021600 -0.006500
v 0.035750 0.021600 -0.006350
v 0.035900 -0.021600 -0.006200
v 0.035750 -0.021600 -0.006350
v 0.035900 0.021600 0.006200
v 0.035600 0.021600 0.006500
v 0.035600 0.023600 0.004500
v 0.035600 0.023580 0.004785
v 0.035600 0.023519 0.005063
v 0.035600 0.023419 0.005331
v 0.035600 0.023282 0.005581
v 0.035600 0.023112 0.005810
v 0.035600 0.022910 0.006011
v 0.035600 0.022681 0.006183
v 0.035600 0.022431 0.006319
v 0.035600 0.022163 0.006419
v 0.035600 0.021885 0.006480
v 0.035900 0.023300 0.004500
v 0.035750 0.023450 0.004500
v 0.035750 0.021600 0.006350
v 0.035900 0.021866 0.006179
v 0.035900 0.022125 0.006117
v 0.035900 0.022372 0.006015
v 0.035900 0.022599 0.005875
v 0.035900 0.022802 0.005702
v 0.035900 0.022975 0.005499
v 0.035900 0.023115 0.005272
v 0.035900 0.023217 0.005025
v 0.035900 0.023279 0.004766
v 0.035750 0.021961 0.006314
v 0.035750 0.022628 0.006038
v 0.035750 0.022908 0.005808
v 0.035750 0.023138 0.005528
v 0.035750 0.023309 0.005208
v 0.035750 0.023414 0.004861
v 0.035600 -0.021600 -0.006500
v 0.035900 -0.023300 -0.004500
v 0.035600 -0.023600 -0.004500
v 0.035600 -0.023580 -0.004785
v 0.035600 -0.023519 -0.005063
v 0.035600 -0.023419 -0.005331
v 0.035600 -0.023283 -0.005581
v 0.035600 -0.023111 -0.005810
v 0.035600 -0.022910 -0.006012
v 0.035600 -0.022681 -0.006183
v 0.035600 -0.022431 -0.006319
v 0.035600 -0.022163 -0.006419
v 0.035600 -0.021885 -0.006480
v 0.035750 -0.021600 -0.006350
v 0.035900 -0.021600 -0.006200
v 0.035900 -0.021866 -0.006179
v 0.035900 -0.022125 -0.006117
v 0.035900 -0.022372 -0.006015
v 0.035900 -0.022599 -0.005875
v 0.035900 -0.022802 -0.005702
v 0.035900 -0.022975 -0.005499
v 0.035900 -0.023115 -0.005272
v 0.035900 -0.023217 -0.005025
v 0.035900 -0.023279 -0.004766
v 0.035750 -0.023450 -0.004500
v 0.035750 -0.021961 -0.006314
v 0.035750 -0.022628 -0.006038
v 0.035750 -0.022908 -0.005808
v 0.035750 -0.023138 -0.005528
v 0.035750 -0.023309 -0.005208
v 0.035750 -0.023414 -0.004861
v 0.035900 -0.021600 0.006200
v 0.035600 0.021600 0.006500
v 0.035900 0.021600 0.006200
v 0.035750 0.021600 0.006350
v 0.035600 -0.021600 0.006500
v 0.035750 -0.021600 0.006350
v 0.035900 -0.023300 -0.004500
v 0.035600 -0.023600 -0.004500
v 0.035600 -0.023600 0.004500
v 0.035750 -0.023450 -0.004500
v 0.035900 -0.023300 0.004500
v 0.035750 -0.023450 0.004500
v 0.035900 -0.021600 0.006200
v 0.035600 -0.021600 0.006500
v 0.035600 -0.021885 0.006480
v 0.035600 -0.022163 0.006419
v 0.035600 -0.022431 0.006319
v 0.035600 -0.022681 0.006183
v 0.035600 -0.022910 0.006011
v 0.035600 -0.023111 0.005810
v 0.035600 -0.023283 0.005581
v 0.035600 -0.023419 0.005331
v 0.035600 -0.023519 0.005063
v 0.035600 -0.023580 0.004785
v 0.035750 -0.021600 0.006350
v 0.035600 -0.023600 0.004500
v 0.035750 -0.023450 0.004500
v 0.035900 -0.023300 0.004500
v 0.035900 -0.023279 0.004766
v 0.035900 -0.023217 0.005025
v 0.035900 -0.023115 0.005272
v 0.035900 -0.022975 0.005499
v 0.035900 -0.022802 0.005702
v 0.035900 -0.022599 0.005875
v 0.035900 -0.022372 0.006015
v 0.035900 -0.022125 0.006117
v 0.035900 -0.021866 0.006179
v 0.035750 -0.023414 0.004861
v 0.035750 -0.023138 0.005528
v 0.035750 -0.022908 0.005808
v 0.035750 -0.022628 0.006038
v 0.035750 -0.022308 0.006209
v 0.035750 -0.021961 0.006314
v 0.037400 0.019000 -0.002900
v 0.037400 0.019000 0.002900
v 0.044818 0.019000 -0.002900
v 0.052237 0.019000 -0.002900
v 0.037400 0.018523 0.002860
v 0.037400 0.018058 0.002743
v 0.037400 0.017620 0.002550
v 0.037400 0.017219 0.002289
v 0.037400 0.016866 0.001964
v 0.037400 0.016572 0.001586
v 0.037400 0.016344 0.001165
v 0.037400 0.016189 0.000712
v 0.037400 0.016110 0.000239
v 0.037400 0.016110 -0.000239
v 0.037400 0.016189 -0.000712
v 0.037400 0.016344 -0.001165
v 0.037400 0.016572 -0.001586
v 0.037400 0.016866 -0.001964
v 0.037400 0.017219 -0.002289
v 0.037400 0.017620 -0.002550
v 0.037400 0.018058 -0.002743
v 0.037400 0.018523 -0.002860
v 0.052237 0.019000 0.002900
v 0.044818 0.019000 0.002900
v 0.053166 0.018615 -0.002874
v 0.054197 0.018188 -0.002784
v 0.055305 0.017729 -0.002607
v 0.056437 0.017260 -0.002320
v 0.056988 0.017032 -0.002130
v 0.057511 0.016815 -0.001907
v 0.057992 0.016616 -0.001651
v 0.058414 0.016441 -0.001365
v 0.058762 0.016297 -0.001051
v 0.058904 0.016238 -0.000885
v 0.059022 0.016189 -0.000714
v 0.059116 0.016151 -0.000539
v 0.059183 0.016123 -0.000361
v 0.059224 0.016106 -0.000181
v 0.059238 0.016100 0.000000
v 0.059224 0.016106 0.000181
v 0.059183 0.016123 0.000361
v 0.059116 0.016151 0.000539
v 0.059022 0.016189 0.000714
v 0.058904 0.016238 0.000885
v 0.058762 0.016297 0.001051
v 0.058414 0.016441 0.001365
v 0.057992 0.016616 0.001651
v 0.057511 0.016815 0.001907
v 0.056988 0.017032 0.002130
v 0.056437 0.017260 0.002320
v 0.055305 0.017729 0.002607
v 0.054197 0.018188 0.002784
v 0.053166 0.018615 0.002874
v 0.052237 -0.019000 -0.002900
v 0.037400 -0.019000 -0.002900
v 0.052237 -0.019000 0.002900
v 0.037400 -0.019000 0.002900
v 0.044818 -0.019000 -0.002900
v 0.037400 -0.019477 0.002860
v 0.037400 -0.019942 0.002743
v 0.037400 -0.020380 0.002550
v 0.037400 -0.020781 0.002289
v 0.037400 -0.021134 0.001964
v 0.037400 -0.021428 0.001586
v 0.037400 -0.021656 0.001165
v 0.037400 -0.021811 0.000712
v 0.037400 -0.021890 0.000239
v 0.037400 -0.021890 -0.000239
v 0.037400 -0.021811 -0.000712
v 0.037400 -0.021656 -0.001165
v 0.037400 -0.021428 -0.001586
v 0.037400 -0.021134 -0.001964
v 0.037400 -0.020781 -0.002289
v 0.037400 -0.020380 -0.002550
v 0.037400 -0.019942 -0.002743
v 0.037400 -0.019477 -0.002860
v 0.044818 -0.019000 0.002900
v 0.051307 -0.019385 -0.002874
v 0.050276 -0.019812 -0.002784
v 0.049169 -0.020271 -0.002607
v 0.048036 -0.020740 -0.002320
v 0.047485 -0.020968 -0.002130
v 0.046962 -0.021185 -0.001907
v 0.046481 -0.021384 -0.001651
v 0.046059 -0.021559 -0.001365
v 0.045711 -0.021703 -0.001051
v 0.045569 -0.021762 -0.000885
v 0.045451 -0.021811 -0.000714
v 0.045357 -0.021849 -0.000539
v 0.045290 -0.021877 -0.000361
v 0.045249 -0.021894 -0.000181
v 0.045235 -0.021900 0.000000
v 0.045249 -0.021894 0.000181
v 0.045290 -0.021877 0.000361
v 0.045357 -0.021849 0.000539
v 0.045451 -0.021811 0.000714
v 0.045569 -0.021762 0.000885
v 0.045711 -0.021703 0.001051
v 0.046059 -0.021559 0.001365
v 0.046481 -0.021384 0.001651
v 0.046962 -0.021185 0.001907
v 0.047485 -0.020968 0.002130
v 0.048036 -0.020740 0.002320
v 0.049169 -0.020271 0.002607
v 0.050276 -0.019812 0.002784
v 0.051307 -0.019385 0.002874
v 0.037400 0.019000 -0.001650
v 0.036000 0.019000 -0.001650
v 0.037400 0.019000 0.001650
v 0.036000 0.019000 0.001650
v 0.037400 0.018728 -0.001627
v 0.037400 0.018464 -0.001561
v 0.037400 0.018215 -0.001451
v 0.037400 0.017987 -0.001302
v 0.037400 0.017786 -0.001118
v 0.037400 0.017619 -0.000902
v 0.037400 0.017489 -0.000663
v 0.037400 0.017400 -0.000405
v 0.037400 0.017356 -0.000136
v 0.037400 0.017356 0.000136
v 0.037400 0.017400 0.000405
v 0.037400 0.017489 0.000663
v 0.037400 0.017619 0.000902
v 0.037400 0.017786 0.001118
v 0.037400 0.017987 0.001302
v 0.037400 0.018215 0.001451
v 0.037400 0.018464 0.001561
v 0.037400 0.018728 0.001627
v 0.036700 0.019000 -0.001650
v 0.036000 0.018728 0.001627
v 0.036000 0.018464 0.001561
v 0.036000 0.018215 0.001451
v 0.036000 0.017987 0.001302
v 0.036000 0.017786 0.001118
v 0.036000 0.017619 0.000902
v 0.036000 0.017489 0.000663
v 0.036000 0.017400 0.000405
v 0.036000 0.017356 0.000136
v 0.036000 0.017356 -0.000136
v 0.036000 0.017400 -0.000405
v 0.036000 0.017489 -0.000663
v 0.036000 0.017619 -0.000902
v 0.036000 0.017786 -0.001118
v 0.036000 0.017987 -0.001302
v 0.036000 0.018215 -0.001451
v 0.036000 0.018464 -0.001561
v 0.036000 0.018728 -0.001627
v 0.036700 0.019000 0.001650
v 0.037400 -0.019000 -0.001650
v 0.036000 -0.019000 -0.001650
v 0.037400 -0.019000 0.001650
v 0.036000 -0.019000 0.001650
v 0.037400 -0.019272 -0.001627
v 0.037400 -0.019536 -0.001561
v 0.037400 -0.019785 -0.001451
v 0.037400 -0.020013 -0.001302
v 0.037400 -0.020214 -0.001118
v 0.037400 -0.020381 -0.000902
v 0.037400 -0.020511 -0.000663
v 0.037400 -0.020600 -0.000405
v 0.037400 -0.020644 -0.000136
v 0.037400 -0.020644 0.000136
v 0.037400 -0.020600 0.000405
v 0.037400 -0.020511 0.000663
v 0.037400 -0.020381 0.000902
v 0.037400 -0.020214 0.001118
v 0.037400 -0.020013 0.001302
v 0.037400 -0.019785 0.001451
v 0.037400 -0.019536 0.001561
v 0.037400 -0.019272 0.001627
v 0.036700 -0.019000 -0.001650
v 0.036000 -0.019272 0.001627
v 0.036000 -0.019536 0.001561
v 0.036000 -0.019785 0.001451
v 0.036000 -0.020013 0.001302
v 0.036000 -0.020214 0.001118
v 0.036000 -0.020381 0.000902
v 0.036000 -0.020511 0.000663
v 0.036000 -0.020600 0.000405
v 0.036000 -0.020644 0.000136
v 0.036000 -0.020644 -0.000136
v 0.036000 -0.020600 -0.000405
v 0.036000 -0.020511 -0.000663
v 0.036000 -0.020381 -0.000902
v 0.036000 -0.020214 -0.001118
v 0.036000 -0.020013 -0.001302
v 0.036000 -0.019785 -0.001451
v 0.036000 -0.019536 -0.001561
v 0.036000 -0.019272 -0.001627
v 0.036700 -0.019000 0.001650
v 0.033900 -0.025795 0.008000
v 0.033900 0.025795 0.008000
v 0.035831 0.025795 0.008000
v 0.035831 -0.025795 0.008000
v 0.049900 -0.019968 0.008000
v 0.049900 0.019968 0.008000
v 0.033900 -0.025795 -0.008000
v 0.033900 0.025795 -0.008000
v 0.035831 0.025795 -0.008000
v 0.047900 0.020796 -0.008000
v 0.047900 -0.020796 -0.008000
v 0.035831 -0.025795 -0.008000
v 0.033900 -0.025795 0.008000
v 0.033900 0.025795 0.008000
v 0.033900 -0.025795 -0.008000
v 0.033900 0.025795 -0.008000
v 0.033900 -0.023600 -0.005500
v 0.033900 -0.023600 0.005500
v 0.033900 0.022600 -0.006500
v 0.033900 -0.022600 -0.006500
v 0.033900 0.023600 0.005500
v 0.033900 0.023600 -0.005500
v 0.033900 -0.022600 0.006500
v 0.033900 0.022600 0.006500
v 0.033900 -0.023588 0.005656
v 0.033900 -0.023551 0.005809
v 0.033900 -0.023491 0.005954
v 0.033900 -0.023409 0.006088
v 0.033900 -0.023307 0.006207
v 0.033900 -0.023188 0.006309
v 0.033900 -0.023054 0.006391
v 0.033900 -0.022909 0.006451
v 0.033900 -0.022756 0.006488
v 0.033900 -0.022756 -0.006488
v 0.033900 -0.022909 -0.006451
v 0.033900 -0.023054 -0.006391
v 0.033900 -0.023188 -0.006309
v 0.033900 -0.023307 -0.006207
v 0.033900 -0.023409 -0.006088
v 0.033900 -0.023491 -0.005954
v 0.033900 -0.023551 -0.005809
v 0.033900 -0.023588 -0.005656
v 0.033900 0.023588 -0.005656
v 0.033900 0.023551 -0.005809
v 0.033900 0.023491 -0.005954
v 0.033900 0.023409 -0.006088
v 0.033900 0.023307 -0.006207
v 0.033900 0.023188 -0.006309
v 0.033900 0.023054 -0.006391
v 0.033900 0.022909 -0.006451
v 0.033900 0.022756 -0.006488
v 0.033900 0.022756 0.006488
v 0.033900 0.022909 0.006451
v 0.033900 0.023054 0.006391
v 0.033900 0.023188 0.006309
v 0.033900 0.023307 0.006207
v 0.033900 0.023409 0.006088
v 0.033900 0.023491 0.005954
v 0.033900 0.023551 0.005809
v 0.033900 0.023588 0.005656
v 0.052237 -0.019000 0.002900
v 0.053166 -0.018615 0.002874
v 0.054197 -0.018188 0.002784
v 0.055305 -0.017729 0.002607
v 0.056437 -0.017260 0.002320
v 0.056988 -0.017032 0.002130
v 0.057511 -0.016815 0.001907
v 0.057992 -0.016616 0.001651
v 0.058414 -0.016441 0.001365
v 0.058762 -0.016297 0.001051
v 0.058904 -0.016238 0.000885
v 0.059022 -0.016189 0.000714
v 0.059116 -0.016151 0.000539
v 0.059183 -0.016123 0.000361
v 0.059224 -0.016106 0.000181
v 0.059238 -0.016100 0.000000
v 0.059224 -0.016106 -0.000181
v 0.059183 -0.016123 -0.000361
v 0.059116 -0.016151 -0.000539
v 0.059022 -0.016189 -0.000714
v 0.058904 -0.016238 -0.000885
v 0.058762 -0.016297 -0.001051
v 0.058414 -0.016441 -0.001365
v 0.057992 -0.016616 -0.001651
v 0.057511 -0.016815 -0.001907
v 0.056988 -0.017032 -0.002130
v 0.056437 -0.017260 -0.002320
v 0.055305 -0.017729 -0.002607
v 0.054197 -0.018188 -0.002784
v 0.053166 -0.018615 -0.002874
v 0.052237 -0.019000 -0.002900
v 0.051307 -0.019385 -0.002874
v 0.050276 -0.019812 -0.002784
v 0.049169 -0.020271 -0.002607
v 0.048036 -0.020740 -0.002320
v 0.047485 -0.020968 -0.002130
v 0.046962 -0.021185 -0.001907
v 0.046481 -0.021384 -0.001651
v 0.046059 -0.021559 -0.001365
v 0.045711 -0.021703 -0.001051
v 0.045569 -0.021762 -0.000885
v 0.045451 -0.021811 -0.000714
v 0.045357 -0.021849 -0.000539
v 0.045290 -0.021877 -0.000361
v 0.045249 -0.021894 -0.000181
v 0.045235 -0.021900 0.000000
v 0.045249 -0.021894 0.000181
v 0.045290 -0.021877 0.000361
v 0.045357 -0.021849 0.000539
v 0.045451 -0.021811 0.000714
v 0.045569 -0.021762 0.000885
v 0.045711 -0.021703 0.001051
v 0.046059 -0.021559 0.001365
v 0.046481 -0.021384 0.001651
v 0.046962 -0.021185 0.001907
v 0.047485 -0.020968 0.002130
v 0.048036 -0.020740 0.002320
v 0.049169 -0.020271 0.002607
v 0.050276 -0.019812 0.002784
v 0.051307 -0.019385 0.002874
v 0.049900 -0.019968 0.008000
v 0.035831 -0.025795 0.008000
v 0.035831 -0.025795 -0.008000
v 0.047900 -0.020796 -0.008000
v 0.094900 -0.001328 0.006361
v 0.094900 -0.001328 0.007000
v 0.049900 -0.019968 0.007000
v 0.035831 0.025795 0.008000
v 0.035831 0.025795 -0.008000
v 0.052237 0.019000 0.002900
v 0.051307 0.019385 0.002874
v 0.050276 0.019812 0.002784
v 0.049169 0.020271 0.002607
v 0.048036 0.020740 0.002320
v 0.047485 0.020968 0.002130
v 0.046962 0.021185 0.001907
v 0.046481 0.021384 0.001651
v 0.046059 0.021559 0.001365
v 0.045711 0.021703 0.001051
v 0.045569 0.021762 0.000885
v 0.045451 0.021811 0.000714
v 0.045357 0.021849 0.000539
v 0.045290 0.021877 0.000361
v 0.045249 0.021894 0.000181
v 0.045235 0.021900 0.000000
v 0.045249 0.021894 -0.000181
v 0.045290 0.021877 -0.000361
v 0.045357 0.021849 -0.000539
v 0.045451 0.021811 -0.000714
v 0.045569 0.021762 -0.000885
v 0.045711 0.021703 -0.001051
v 0.046059 0.021559 -0.001365
v 0.046481 0.021384 -0.001651
v 0.046962 0.021185 -0.001907
v 0.047485 0.020968 -0.002130
v 0.048036 0.020740 -0.002320
v 0.049169 0.020271 -0.002607
v 0.050276 0.019812 -0.002784
v 0.051307 0.019385 -0.002874
v 0.052237 0.019000 -0.002900
v 0.053166 0.018615 -0.002874
v 0.054197 0.018188 -0.002784
v 0.055305 0.017729 -0.002607
v 0.056437 0.017260 -0.002320
v 0.056988 0.017032 -0.002130
v 0.057511 0.016815 -0.001907
v 0.057992 0.016616 -0.001651
v 0.058414 0.016441 -0.001365
v 0.058762 0.016297 -0.001051
v 0.058904 0.016238 -0.000885
v 0.059022 0.016189 -0.000714
v 0.059116 0.016151 -0.000539
v 0.059183 0.016123 -0.000361
v 0.059224 0.016106 -0.000181
v 0.059238 0.016100 0.000000
v 0.059224 0.016106 0.000181
v 0.059183 0.016123 0.000361
v 0.059116 0.016151 0.000539
v 0.059022 0.016189 0.000714
v 0.058904 0.016238 0.000885
v 0.058762 0.016297 0.001051
v 0.058414 0.016441 0.001365
v 0.057992 0.016616 0.001651
v 0.057511 0.016815 0.001907
v 0.056988 0.017032 0.002130
v 0.056437 0.017260 0.002320
v 0.055305 0.017729 0.002607
v 0.054197 0.018188 0.002784
v 0.053166 0.018615 0.002874
v 0.047900 0.020796 -0.008000
v 0.049900 0.019968 0.008000
v 0.049900 0.019968 0.007000
v 0.094900 0.001328 0.007000
v 0.094900 0.001328 0.006361
v 0.037400 -0.019000 0.001650
v 0.036000 -0.019000 0.001650
v 0.037400 -0.019000 -0.001650
v 0.036000 -0.019000 -0.001650
v 0.036700 -0.019000 -0.001650
v 0.036700 -0.019000 0.001650
v 0.037400 -0.018728 0.001627
v 0.037400 -0.018464 0.001561
v 0.037400 -0.018215 0.001451
v 0.037400 -0.017987 0.001302
v 0.037400 -0.017786 0.001118
v 0.037400 -0.017619 0.000902
v 0.037400 -0.017489 0.000663
v 0.037400 -0.017400 0.000405
v 0.037400 -0.017356 0.000136
v 0.037400 -0.017356 -0.000136
v 0.037400 -0.017400 -0.000405
v 0.037400 -0.017489 -0.000663
v 0.037400 -0.017619 -0.000902
v 0.037400 -0.017786 -0.001118
v 0.037400 -0.017987 -0.001302
v 0.037400 -0.018215 -0.001451
v 0.037400 -0.018464 -0.001561
v 0.037400 -0.018728 -0.001627
v 0.036000 -0.018728 -0.001627
v 0.036000 -0.018464 -0.001561
v 0.036000 -0.018215 -0.001451
v 0.036000 -0.017987 -0.001302
v 0.036000 -0.017786 -0.001118
v 0.036000 -0.017619 -0.000902
v 0.036000 -0.017489 -0.000663
v 0.036000 -0.017400 -0.000405
v 0.036000 -0.017356 -0.000136
v 0.036000 -0.017356 0.000136
v 0.036000 -0.017400 0.000405
v 0.036000 -0.017489 0.000663
v 0.036000 -0.017619 0.000902
v 0.036000 -0.017786 0.001118
v 0.036000 -0.017987 0.001302
v 0.036000 -0.018215 0.001451
v 0.036000 -0.018464 0.001561
v 0.036000 -0.018728 0.001627
v 0.037400 0.019000 0.001650
v 0.036000 0.019000 0.001650
v 0.037400 0.019000 -0.001650
v 0.036000 0.019000 -0.001650
v 0.036700 0.019000 -0.001650
v 0.036700 0.019000 0.001650
v 0.037400 0.019272 0.001627
v 0.037400 0.019536 0.001561
v 0.037400 0.019785 0.001451
v 0.037400 0.020013 0.001302
v 0.037400 0.020214 0.001118
v 0.037400 0.020381 0.000902
v 0.037400 0.020511 0.000663
v 0.037400 0.020600 0.000405
v 0.037400 0.020644 0.000136
v 0.037400 0.020644 -0.000136
v 0.037400 0.020600 -0.000405
v 0.037400 0.020511 -0.000663
v 0.037400 0.020381 -0.000902
v 0.037400 0.020214 -0.001118
v 0.037400 0.020013 -0.001302
v 0.037400 0.019785 -0.001451
v 0.037400 0.019536 -0.001561
v 0.037400 0.019272 -0.001627
v 0.036000 0.019272 -0.001627
v 0.036000 0.019536 -0.001561
v 0.036000 0.019785 -0.001451
v 0.036000 0.020013 -0.001302
v 0.036000 0.020214 -0.001118
v 0.036000 0.020381 -0.000902
v 0.036000 0.020511 -0.000663
v 0.036000 0.020600 -0.000405
v 0.036000 0.020644 -0.000136
v 0.036000 0.020644 0.000136
v 0.036000 0.020600 0.000405
v 0.036000 0.020511 0.000663
v 0.036000 0.020381 0.000902
v 0.036000 0.020214 0.001118
v 0.036000 0.020013 0.001302
v 0.036000 0.019785 0.001451
v 0.036000 0.019536 0.001561
v 0.036000 0.019272 0.001627
v 0.049900 -0.019968 0.007000
v 0.049900 -0.019968 0.008000
v 0.049900 0.019968 0.008000
v 0.049900 0.019968 0.007000
v 0.037400 -0.019000 0.002900
v 0.037400 -0.019000 -0.002900
v 0.052237 -0.019000 -0.002900
v 0.044818 -0.019000 -0.002900
v 0.044818 -0.019000 0.002900
v 0.052237 -0.019000 0.002900
v 0.053166 -0.018615 0.002874
v 0.054197 -0.018188 0.002784
v 0.055305 -0.017729 0.002607
v 0.056437 -0.017260 0.002320
v 0.056988 -0.017032 0.002130
v 0.057511 -0.016815 0.001907
v 0.057992 -0.016616 0.001651
v 0.058414 -0.016441 0.001365
v 0.058762 -0.016297 0.001051
v 0.058904 -0.016238 0.000885
v 0.059022 -0.016189 0.000714
v 0.059116 -0.016151 0.000539
v 0.059183 -0.016123 0.000361
v 0.059224 -0.016106 0.000181
v 0.059238 -0.016100 0.000000
v 0.059224 -0.016106 -0.000181
v 0.059183 -0.016123 -0.000361
v 0.059116 -0.016151 -0.000539
v 0.059022 -0.016189 -0.000714
v 0.058904 -0.016238 -0.000885
v 0.058762 -0.016297 -0.001051
v 0.058414 -0.016441 -0.001365
v 0.057992 -0.016616 -0.001651
v 0.057511 -0.016815 -0.001907
v 0.056988 -0.017032 -0.002130
v 0.056437 -0.017260 -0.002320
v 0.055305 -0.017729 -0.002607
v 0.054197 -0.018188 -0.002784
v 0.053166 -0.018615 -0.002874
v 0.037400 -0.018523 -0.002860
v 0.037400 -0.018058 -0.002743
v 0.037400 -0.017620 -0.002550
v 0.037400 -0.017219 -0.002289
v 0.037400 -0.016866 -0.001964
v 0.037400 -0.016572 -0.001586
v 0.037400 -0.016344 -0.001165
v 0.037400 -0.016189 -0.000712
v 0.037400 -0.016110 -0.000239
v 0.037400 -0.016110 0.000239
v 0.037400 -0.016189 0.000712
v 0.037400 -0.016344 0.001165
v 0.037400 -0.016572 0.001586
v 0.037400 -0.016866 0.001964
v 0.037400 -0.017219 0.002289
v 0.037400 -0.017620 0.002550
v 0.037400 -0.018058 0.002743
v 0.037400 -0.018523 0.002860
v 0.094900 -0.001328 0.007000
v 0.094900 0.001328 0.007000
v 0.094900 0.001328 0.006361
v 0.094900 -0.001328 0.006361
v 0.049900 -0.019968 0.007000
v 0.094900 -0.001328 0.007000
v 0.094900 0.001328 0.007000
v 0.049900 0.019968 0.007000
v 0.052237 0.019000 0.002900
v 0.037400 0.019000 0.002900
v 0.052237 0.019000 -0.002900
v 0.037400 0.019000 -0.002900
v 0.044818 0.019000 -0.002900
v 0.044818 0.019000 0.002900
v 0.051307 0.019385 0.002874
v 0.050276 0.019812 0.002784
v 0.049169 0.020271 0.002607
v 0.048036 0.020740 0.002320
v 0.047485 0.020968 0.002130
v 0.046962 0.021185 0.001907
v 0.046481 0.021384 0.001651
v 0.046059 0.021559 0.001365
v 0.045711 0.021703 0.001051
v 0.045569 0.021762 0.000885
v 0.045451 0.021811 0.000714
v 0.045357 0.021849 0.000539
v 0.045290 0.021877 0.000361
v 0.045249 0.021894 0.000181
v 0.045235 0.021900 0.000000
v 0.045249 0.021894 -0.000181
v 0.045290 0.021877 -0.000361
v 0.045357 0.021849 -0.000539
v 0.045451 0.021811 -0.000714
v 0.045569 0.021762 -0.000885
v 0.045711 0.021703 -0.001051
v 0.046059 0.021559 -0.001365
v 0.046481 0.021384 -0.001651
v 0.046962 0.021185 -0.001907
v 0.047485 0.020968 -0.002130
v 0.048036 0.020740 -0.002320
v 0.049169 0.020271 -0.002607
v 0.050276 0.019812 -0.002784
v 0.051307 0.019385 -0.002874
v 0.037400 0.019477 -0.002860
v 0.037400 0.019942 -0.002743
v 0.037400 0.020380 -0.002550
v 0.037400 0.020781 -0.002289
v 0.037400 0.021134 -0.001964
v 0.037400 0.021428 -0.001586
v 0.037400 0.021656 -0.001165
v 0.037400 0.021811 -0.000712
v 0.037400 0.021890 -0.000239
v 0.037400 0.021890 0.000239
v 0.037400 0.021811 0.000712
v 0.037400 0.021656 0.001165
v 0.037400 0.021428 0.001586
v 0.037400 0.021134 0.001964
v 0.037400 0.020781 0.002289
v 0.037400 0.020380 0.002550
v 0.037400 0.019942 0.002743
v 0.037400 0.019477 0.002860
v 0.047900 -0.020796 -0.008000
v 0.047900 0.020796 -0.008000
v 0.094900 -0.001328 0.006361
v 0.094900 0.001328 0.006361
v 0.037400 0.019000 -0.002900
v 0.037400 0.018523 -0.002860
v 0.037400 0.018058 -0.002743
v 0.037400 0.017620 -0.002550
v 0.037400 0.017219 -0.002289
v 0.037400 0.016866 -0.001964
v 0.037400 0.016572 -0.001586
v 0.037400 0.016344 -0.001165
v 0.037400 0.016189 -0.000712
v 0.037400 0.016110 -0.000239
v 0.037400 0.016110 0.000239
v 0.037400 0.016189 0.000712
v 0.037400 0.016344 0.001165
v 0.037400 0.016572 0.001586
v 0.037400 0.016866 0.001964
v 0.037400 0.017219 0.002289
v 0.037400 0.017620 0.002550
v 0.037400 0.018058 0.002743
v 0.037400 0.018523 0.002860
v 0.037400 0.019000 0.002900
v 0.037400 0.019000 0.001650
v 0.037400 0.018728 0.001627
v 0.037400 0.018464 0.001561
v 0.037400 0.018215 0.001451
v 0.037400 0.017987 0.001302
v 0.037400 0.017786 0.001118
v 0.037400 0.017619 0.000902
v 0.037400 0.017489 0.000663
v 0.037400 0.017400 0.000405
v 0.037400 0.017356 0.000136
v 0.037400 0.017356 -0.000136
v 0.037400 0.017400 -0.000405
v 0.037400 0.017489 -0.000663
v 0.037400 0.017619 -0.000902
v 0.037400 0.017786 -0.001118
v 0.037400 0.017987 -0.001302
v 0.037400 0.018215 -0.001451
v 0.037400 0.018464 -0.001561
v 0.037400 0.018728 -0.001627
v 0.037400 0.019000 -0.001650
v 0.037400 0.019272 -0.001627
v 0.037400 0.019536 -0.001561
v 0.037400 0.019785 -0.001451
v 0.037400 0.020013 -0.001302
v 0.037400 0.020214 -0.001118
v 0.037400 0.020381 -0.000902
v 0.037400 0.020511 -0.000663
v 0.037400 0.020600 -0.000405
v 0.037400 0.020644 -0.000136
v 0.037400 0.020644 0.000136
v 0.037400 0.020600 0.000405
v 0.037400 0.020511 0.000663
v 0.037400 0.020381 0.000902
v 0.037400 0.020214 0.001118
v 0.037400 0.020013 0.001302
v 0.037400 0.019785 0.001451
v 0.037400 0.019536 0.001561
v 0.037400 0.019272 0.001627
v 0.037400 0.019477 0.002860
v 0.037400 0.019942 0.002743
v 0.037400 0.020380 0.002550
v 0.037400 0.020781 0.002289
v 0.037400 0.021134 0.001964
v 0.037400 0.021428 0.001586
v 0.037400 0.021656 0.001165
v 0.037400 0.021811 0.000712
v 0.037400 0.021890 0.000239
v 0.037400 0.021890 -0.000239
v 0.037400 0.021811 -0.000712
v 0.037400 0.021656 -0.001165
v 0.037400 0.021428 -0.001586
v 0.037400 0.021134 -0.001964
v 0.037400 0.020781 -0.002289
v 0.037400 0.020380 -0.002550
v 0.037400 0.019942 -0.002743
v 0.037400 0.019477 -0.002860
v 0.037400 -0.019000 -0.002900
v 0.037400 -0.019477 -0.002860
v 0.037400 -0.019942 -0.002743
v 0.037400 -0.020380 -0.002550
v 0.037400 -0.020781 -0.002289
v 0.037400 -0.021134 -0.001964
v 0.037400 -0.021428 -0.001586
v 0.037400 -0.021656 -0.001165
v 0.037400 -0.021811 -0.000712
v 0.037400 -0.021890 -0.000239
v 0.037400 -0.021890 0.000239
v 0.037400 -0.021811 0.000712
v 0.037400 -0.021656 0.001165
v 0.037400 -0.021428 0.001586
v 0.037400 -0.021134 0.001964
v 0.037400 -0.020781 0.002289
v 0.037400 -0.020380 0.002550
v 0.037400 -0.019942 0.002743
v 0.037400 -0.019477 0.002860
v 0.037400 -0.019000 0.002900
v 0.037400 -0.019000 0.001650
v 0.037400 -0.019272 0.001627
v 0.037400 -0.019536 0.001561
v 0.037400 -0.019785 0.001451
v 0.037400 -0.020013 0.001302
v 0.037400 -0.020214 0.001118
v 0.037400 -0.020381 0.000902
v 0.037400 -0.020511 0.000663
v 0.037400 -0.020600 0.000405
v 0.037400 -0.020644 0.000136
v 0.037400 -0.020644 -0.000136
v 0.037400 -0.020600 -0.000405
v 0.037400 -0.020511 -0.000663
v 0.037400 -0.020381 -0.000902
v 0.037400 -0.020214 -0.001118
v 0.037400 -0.020013 -0.001302
v 0.037400 -0.019785 -0.001451
v 0.037400 -0.019536 -0.001561
v 0.037400 -0.019272 -0.001627
v 0.037400 -0.019000 -0.001650
v 0.037400 -0.018728 -0.001627
v 0.037400 -0.018464 -0.001561
v 0.037400 -0.018215 -0.001451
v 0.037400 -0.017987 -0.001302
v 0.037400 -0.017786 -0.001118
v 0.037400 -0.017619 -0.000902
v 0.037400 -0.017489 -0.000663
v 0.037400 -0.017400 -0.000405
v 0.037400 -0.017356 -0.000136
v 0.037400 -0.017356 0.000136
v 0.037400 -0.017400 0.000405
v 0.037400 -0.017489 0.000663
v 0.037400 -0.017619 0.000902
v 0.037400 -0.017786 0.001118
v 0.037400 -0.017987 0.001302
v 0.037400 -0.018215 0.001451
v 0.037400 -0.018464 0.001561
v 0.037400 -0.018728 0.001627
v 0.037400 -0.018523 0.002860
v 0.037400 -0.018058 0.002743
v 0.037400 -0.017620 0.002550
v 0.037400 -0.017219 0.002289
v 0.037400 -0.016866 0.001964
v 0.037400 -0.016572 0.001586
v 0.037400 -0.016344 0.001165
v 0.037400 -0.016189 0.000712
v 0.037400 -0.016110 0.000239
v 0.037400 -0.016110 -0.000239
v 0.037400 -0.016189 -0.000712
v 0.037400 -0.016344 -0.001165
v 0.037400 -0.016572 -0.001586
v 0.037400 -0.016866 -0.001964
v 0.037400 -0.017219 -0.002289
v 0.037400 -0.017620 -0.002550
v 0.037400 -0.018058 -0.002743
v 0.037400 -0.018523 -0.002860
v 0.036000 0.019000 0.001650
v 0.036000 0.018728 0.001627
v 0.036000 0.018464 0.001561
v 0.036000 0.018215 0.001451
v 0.036000 0.017987 0.001302
v 0.036000 0.017786 0.001118
v 0.036000 0.017619 0.000902
v 0.036000 0.017489 0.000663
v 0.036000 0.017400 0.000405
v 0.036000 0.017356 0.000136
v 0.036000 0.017356 -0.000136
v 0.036000 0.017400 -0.000405
v 0.036000 0.017489 -0.000663
v 0.036000 0.017619 -0.000902
v 0.036000 0.017786 -0.001118
v 0.036000 0.017987 -0.001302
v 0.036000 0.018215 -0.001451
v 0.036000 0.018464 -0.001561
v 0.036000 0.018728 -0.001627
v 0.036000 0.019000 -0.001650
v 0.036000 -0.019000 0.001650
v 0.036000 -0.019272 0.001627
v 0.036000 -0.019536 0.001561
v 0.036000 -0.019785 0.001451
v 0.036000 -0.020013 0.001302
v 0.036000 -0.020214 0.001118
v 0.036000 -0.020381 0.000902
v 0.036000 -0.020511 0.000663
v 0.036000 -0.020600 0.000405
v 0.036000 -0.020644 0.000136
v 0.036000 -0.020644 -0.000136
v 0.036000 -0.020600 -0.000405
v 0.036000 -0.020511 -0.000663
v 0.036000 -0.020381 -0.000902
v 0.036000 -0.020214 -0.001118
v 0.036000 -0.020013 -0.001302
v 0.036000 -0.019785 -0.001451
v 0.036000 -0.019536 -0.001561
v 0.036000 -0.019272 -0.001627
v 0.036000 -0.019000 -0.001650
v 0.036000 -0.018728 -0.001627
v 0.036000 -0.018464 -0.001561
v 0.036000 -0.018215 -0.001451
v 0.036000 -0.017987 -0.001302
v 0.036000 -0.017786 -0.001118
v 0.036000 -0.017619 -0.000902
v 0.036000 -0.017489 -0.000663
v 0.036000 -0.017400 -0.000405
v 0.036000 -0.017356 -0.000136
v 0.036000 -0.017356 0.000136
v 0.036000 -0.017400 0.000405
v 0.036000 -0.017489 0.000663
v 0.036000 -0.017619 0.000902
v 0.036000 -0.017786 0.001118
v 0.036000 -0.017987 0.001302
v 0.036000 -0.018215 0.001451
v 0.036000 -0.018464 0.001561
v 0.036000 -0.018728 0.001627
v 0.036000 0.019272 -0.001627
v 0.036000 0.019536 -0.001561
v 0.036000 0.019785 -0.001451
v 0.036000 0.020013 -0.001302
v 0.036000 0.020214 -0.001118
v 0.036000 0.020381 -0.000902
v 0.036000 0.020511 -0.000663
v 0.036000 0.020600 -0.000405
v 0.036000 0.020644 -0.000136
v 0.036000 0.020644 0.000136
v 0.036000 0.020600 0.000405
v 0.036000 0.020511 0.000663
v 0.036000 0.020381 0.000902
v 0.036000 0.020214 0.001118
v 0.036000 0.020013 0.001302
v 0.036000 0.019785 0.001451
v 0.036000 0.019536 0.001561
v 0.036000 0.019272 0.001627
v 0.036000 -0.023600 -0.005500
v 0.036000 -0.023600 0.005500
v 0.036000 -0.022600 0.006500
v 0.036000 0.022600 0.006500
v 0.036000 0.023600 0.005500
v 0.036000 0.023600 -0.005500
v 0.036000 0.022600 -0.006500
v 0.036000 -0.022600 -0.006500
v 0.036000 -0.023588 0.005656
v 0.036000 -0.023551 0.005809
v 0.036000 -0.023491 0.005954
v 0.036000 -0.023409 0.006088
v 0.036000 -0.023307 0.006207
v 0.036000 -0.023188 0.006309
v 0.036000 -0.023054 0.006391
v 0.036000 -0.022909 0.006451
v 0.036000 -0.022756 0.006488
v 0.036000 -0.022756 -0.006488
v 0.036000 -0.022909 -0.006451
v 0.036000 -0.023054 -0.006391
v 0.036000 -0.023188 -0.006309
v 0.036000 -0.023307 -0.006207
v 0.036000 -0.023409 -0.006088
v 0.036000 -0.023491 -0.005954
v 0.036000 -0.023551 -0.005809
v 0.036000 -0.023588 -0.005656
v 0.036000 0.023588 -0.005656
v 0.036000 0.023551 -0.005809
v 0.036000 0.023491 -0.005954
v 0.036000 0.023409 -0.006088
v 0.036000 0.023307 -0.006207
v 0.036000 0.023188 -0.006309
v 0.036000 0.023054 -0.006391
v 0.036000 0.022909 -0.006451
v 0.036000 0.022756 -0.006488
v 0.036000 0.022756 0.006488
v 0.036000 0.022909 0.006451
v 0.036000 0.023054 0.006391
v 0.036000 0.023188 0.006309
v 0.036000 0.023307 0.006207
v 0.036000 0.023409 0.006088
v 0.036000 0.023491 0.005954
v 0.036000 0.023551 0.005809
v 0.036000 0.023588 0.005656
v 0.036000 -0.022600 -0.006500
v 0.036000 0.022600 -0.006500
v 0.033900 -0.022600 -0.006500
v 0.033900 0.022600 -0.006500
v 0.035580 -0.022600 -0.006500
v 0.035160 -0.022600 -0.006500
v 0.034740 -0.022600 -0.006500
v 0.034320 -0.022600 -0.006500
v 0.034320 0.022600 -0.006500
v 0.034740 0.022600 -0.006500
v 0.035160 0.022600 -0.006500
v 0.035580 0.022600 -0.006500
v 0.033900 0.023600 0.005500
v 0.033900 0.023600 -0.005500
v 0.036000 0.023600 0.005500
v 0.036000 0.023600 -0.005500
v 0.035580 0.023600 -0.005500
v 0.035160 0.023600 -0.005500
v 0.034740 0.023600 -0.005500
v 0.034320 0.023600 -0.005500
v 0.034320 0.023600 0.005500
v 0.034740 0.023600 0.005500
v 0.035160 0.023600 0.005500
v 0.035580 0.023600 0.005500
v 0.033900 -0.022600 0.006500
v 0.033900 0.022600 0.006500
v 0.036000 -0.022600 0.006500
v 0.036000 0.022600 0.006500
v 0.034320 -0.022600 0.006500
v 0.034740 -0.022600 0.006500
v 0.035160 -0.022600 0.006500
v 0.035580 -0.022600 0.006500
v 0.035580 0.022600 0.006500
v 0.035160 0.022600 0.006500
v 0.034740 0.022600 0.006500
v 0.034320 0.022600 0.006500
v 0.036000 -0.023600 0.005500
v 0.036000 -0.023600 -0.005500
v 0.033900 -0.023600 0.005500
v 0.033900 -0.023600 -0.005500
v 0.035580 -0.023600 0.005500
v 0.035160 -0.023600 0.005500
v 0.034740 -0.023600 0.005500
v 0.034320 -0.023600 0.005500
v 0.034320 -0.023600 -0.005500
v 0.034740 -0.023600 -0.005500
v 0.035160 -0.023600 -0.005500
v 0.035580 -0.023600 -0.005500
v 0.033900 -0.022600 0.006500
v 0.036000 -0.022600 0.006500
v 0.034600 -0.022983 0.006424
v 0.035300 -0.022983 0.006424
v 0.034600 -0.023156 0.006331
v 0.035300 -0.023156 0.006331
v 0.034600 -0.023307 0.006207
v 0.035300 -0.023307 0.006207
v 0.034600 -0.023431 0.006056
v 0.035300 -0.023431 0.006056
v 0.034600 -0.023524 0.005883
v 0.035300 -0.023524 0.005883
v 0.033900 -0.023600 0.005500
v 0.036000 -0.023600 0.005500
v 0.034250 -0.022983 0.006424
v 0.034600 -0.022795 0.006481
v 0.034250 -0.022795 0.006481
v 0.034950 -0.022983 0.006424
v 0.035300 -0.022795 0.006481
v 0.034950 -0.022795 0.006481
v 0.035650 -0.022983 0.006424
v 0.035650 -0.022795 0.006481
v 0.034600 -0.023581 0.005695
v 0.034250 -0.023524 0.005883
v 0.034250 -0.023581 0.005695
v 0.035300 -0.023581 0.005695
v 0.034950 -0.023524 0.005883
v 0.034950 -0.023581 0.005695
v 0.035650 -0.023524 0.005883
v 0.035650 -0.023581 0.005695
v 0.035580 -0.022600 0.006500
v 0.035160 -0.022600 0.006500
v 0.034740 -0.022600 0.006500
v 0.034320 -0.022600 0.006500
v 0.034320 -0.023600 0.005500
v 0.034740 -0.023600 0.005500
v 0.035160 -0.023600 0.005500
v 0.035580 -0.023600 0.005500
v 0.036000 -0.023588 0.005656
v 0.036000 -0.023551 0.005809
v 0.036000 -0.023491 0.005954
v 0.036000 -0.023409 0.006088
v 0.036000 -0.023307 0.006207
v 0.036000 -0.023188 0.006309
v 0.036000 -0.023054 0.006391
v 0.036000 -0.022909 0.006451
v 0.036000 -0.022756 0.006488
v 0.033900 -0.022756 0.006488
v 0.033900 -0.022909 0.006451
v 0.033900 -0.023054 0.006391
v 0.033900 -0.023188 0.006309
v 0.033900 -0.023307 0.006207
v 0.033900 -0.023409 0.006088
v 0.033900 -0.023491 0.005954
v 0.033900 -0.023551 0.005809
v 0.033900 -0.023588 0.005656
v 0.033900 -0.023600 -0.005500
v 0.036000 -0.023600 -0.005500
v 0.034600 -0.023524 -0.005883
v 0.035300 -0.023524 -0.005883
v 0.034600 -0.023431 -0.006056
v 0.035300 -0.023431 -0.006056
v 0.033900 -0.023307 -0.006207
v 0.034600 -0.023307 -0.006207
v 0.035300 -0.023307 -0.006207
v 0.036000 -0.023307 -0.006207
v 0.034600 -0.023156 -0.006331
v 0.035300 -0.023156 -0.006331
v 0.034600 -0.022983 -0.006424
v 0.035300 -0.022983 -0.006424
v 0.033900 -0.022600 -0.006500
v 0.036000 -0.022600 -0.006500
v 0.034250 -0.023524 -0.005883
v 0.034600 -0.023581 -0.005695
v 0.034250 -0.023581 -0.005695
v 0.034950 -0.023524 -0.005883
v 0.035300 -0.023581 -0.005695
v 0.034950 -0.023581 -0.005695
v 0.035650 -0.023524 -0.005883
v 0.035650 -0.023581 -0.005695
v 0.034600 -0.022795 -0.006481
v 0.034250 -0.022983 -0.006424
v 0.034250 -0.022795 -0.006481
v 0.035300 -0.022795 -0.006481
v 0.034950 -0.022983 -0.006424
v 0.034950 -0.022795 -0.006481
v 0.035650 -0.022983 -0.006424
v 0.035650 -0.022795 -0.006481
v 0.034320 -0.022600 -0.006500
v 0.034740 -0.022600 -0.006500
v 0.035160 -0.022600 -0.006500
v 0.035580 -0.022600 -0.006500
v 0.035580 -0.023600 -0.005500
v 0.035160 -0.023600 -0.005500
v 0.034740 -0.023600 -0.005500
v 0.034320 -0.023600 -0.005500
v 0.036000 -0.022756 -0.006488
v 0.036000 -0.022909 -0.006451
v 0.036000 -0.023054 -0.006391
v 0.036000 -0.023188 -0.006309
v 0.036000 -0.023409 -0.006088
v 0.036000 -0.023491 -0.005954
v 0.036000 -0.023551 -0.005809
v 0.036000 -0.023588 -0.005656
v 0.033900 -0.023588 -0.005656
v 0.033900 -0.023551 -0.005809
v 0.033900 -0.023491 -0.005954
v 0.033900 -0.023409 -0.006088
v 0.033900 -0.023188 -0.006309
v 0.033900 -0.023054 -0.006391
v 0.033900 -0.022909 -0.006451
v 0.033900 -0.022756 -0.006488
v 0.033900 0.022600 -0.006500
v 0.036000 0.022600 -0.006500
v 0.034600 0.022983 -0.006424
v 0.035300 0.022983 -0.006424
v 0.034600 0.023156 -0.006331
v 0.035300 0.023156 -0.006331
v 0.033900 0.023307 -0.006207
v 0.034600 0.023307 -0.006207
v 0.035300 0.023307 -0.006207
v 0.036000 0.023307 -0.006207
v 0.034600 0.023431 -0.006056
v 0.035300 0.023431 -0.006056
v 0.034600 0.023524 -0.005883
v 0.035300 0.023524 -0.005883
v 0.033900 0.023600 -0.005500
v 0.036000 0.023600 -0.005500
v 0.034250 0.022983 -0.006424
v 0.034600 0.022795 -0.006481
v 0.034250 0.022795 -0.006481
v 0.034950 0.022983 -0.006424
v 0.035300 0.022795 -0.006481
v 0.034950 0.022795 -0.006481
v 0.035650 0.022983 -0.006424
v 0.035650 0.022795 -0.006481
v 0.034600 0.023581 -0.005695
v 0.034250 0.023524 -0.005883
v 0.034250 0.023581 -0.005695
v 0.035300 0.023581 -0.005695
v 0.034950 0.023524 -0.005883
v 0.034950 0.023581 -0.005695
v 0.035650 0.023524 -0.005883
v 0.035650 0.023581 -0.005695
v 0.035580 0.022600 -0.006500
v 0.035160 0.022600 -0.006500
v 0.034740 0.022600 -0.006500
v 0.034320 0.022600 -0.006500
v 0.034320 0.023600 -0.005500
v 0.034740 0.023600 -0.005500
v 0.035160 0.023600 -0.005500
v 0.035580 0.023600 -0.005500
v 0.036000 0.023588 -0.005656
v 0.036000 0.023551 -0.005809
v 0.036000 0.023491 -0.005954
v 0.036000 0.023409 -0.006088
v 0.036000 0.023188 -0.006309
v 0.036000 0.023054 -0.006391
v 0.036000 0.022909 -0.006451
v 0.036000 0.022756 -0.006488
v 0.033900 0.022756 -0.006488
v 0.033900 0.022909 -0.006451
v 0.033900 0.023054 -0.006391
v 0.033900 0.023188 -0.006309
v 0.033900 0.023409 -0.006088
v 0.033900 0.023491 -0.005954
v 0.033900 0.023551 -0.005809
v 0.033900 0.023588 -0.005656
v 0.033900 0.023600 0.005500
v 0.036000 0.023600 0.005500
v 0.034600 0.023524 0.005883
v 0.035300 0.023524 0.005883
v 0.034600 0.023431 0.006056
v 0.035300 0.023431 0.006056
v 0.034600 0.023307 0.006207
v 0.035300 0.023307 0.006207
v 0.034600 0.023156 0.006331
v 0.035300 0.023156 0.006331
v 0.034600 0.022983 0.006424
v 0.035300 0.022983 0.006424
v 0.033900 0.022600 0.006500
v 0.036000 0.022600 0.006500
v 0.034250 0.023524 0.005883
v 0.034600 0.023581 0.005695
v 0.034250 0.023581 0.005695
v 0.034950 0.023524 0.005883
v 0.035300 0.023581 0.005695
v 0.034950 0.023581 0.005695
v 0.035650 0.023524 0.005883
v 0.035650 0.023581 0.005695
v 0.034600 0.022795 0.006481
v 0.034250 0.022983 0.006424
v 0.034250 0.022795 0.006481
v 0.035300 0.022795 0.006481
v 0.034950 0.022983 0.006424
v 0.034950 0.022795 0.006481
v 0.035650 0.022983 0.006424
v 0.035650 0.022795 0.006481
v 0.035580 0.023600 0.005500
v 0.035160 0.023600 0.005500
v 0.034740 0.023600 0.005500
v 0.034320 0.023600 0.005500
v 0.034320 0.022600 0.006500
v 0.034740 0.022600 0.006500
v 0.035160 0.022600 0.006500
v 0.035580 0.022600 0.006500
v 0.036000 0.022756 0.006488
v 0.036000 0.022909 0.006451
v 0.036000 0.023054 0.006391
v 0.036000 0.023188 0.006309
v 0.036000 0.023307 0.006207
v 0.036000 0.023409 0.006088
v 0.036000 0.023491 0.005954
v 0.036000 0.023551 0.005809
v 0.036000 0.023588 0.005656
v 0.033900 0.023588 0.005656
v 0.033900 0.023551 0.005809
v 0.033900 0.023491 0.005954
v 0.033900 0.023409 0.006088
v 0.033900 0.023307 0.006207
v 0.033900 0.023188 0.006309
v 0.033900 0.023054 0.006391
v 0.033900 0.022909 0.006451
v 0.033900 0.022756 0.006488
v 0.033900 0.025795 0.008000
v 0.035831 0.025795 0.008000
v 0.035831 0.025795 -0.008000
v 0.033900 0.025795 -0.008000
v 0.035831 -0.025795 0.008000
v 0.033900 -0.025795 0.008000
v 0.033900 -0.025795 -0.008000
v 0.035831 -0.025795 -0.008000
f 56 5 4
f 57 6 56
f 58 7 57
f 59 8 7
f 60 9 8
f 61 10 9
f 62 11 10
f 63 12 11
f 64 13 63
f 65 14 13
f 66 15 14
f 67 16 15
f 68 17 16
f 69 18 68
f 70 19 18
f 71 20 19
f 72 21 71
f 73 22 72
f 74 23 73
f 75 24 74
f 76 25 75
f 77 26 76
f 78 27 77
f 79 28 78
f 80 29 79
f 81 30 80
f 82 31 30
f 83 32 82
f 84 33 32
f 85 34 33
f 86 35 34
f 87 36 35
f 88 37 87
f 89 38 88
f 90 39 38
f 91 40 39
f 92 41 91
f 93 42 41
f 94 43 42
f 95 44 94
f 96 45 95
f 97 46 96
f 98 47 97
f 99 48 98
f 100 49 48
f 101 50 49
f 102 51 50
f 103 52 51
f 104 53 52
f 105 54 53
f 107 56 55
f 108 57 56
f 109 58 57
f 110 59 109
f 111 60 59
f 112 61 111
f 113 62 112
f 114 63 62
f 115 64 63
f 116 65 115
f 117 66 65
f 118 67 117
f 119 68 67
f 120 69 68
f 121 70 69
f 122 71 121
f 123 72 71
f 124 73 72
f 125 74 73
f 126 75 74
f 127 76 126
f 128 77 76
f 129 78 77
f 130 79 129
f 131 80 79
f 132 81 80
f 133 82 132
f 134 83 133
f 135 84 83
f 136 85 135
f 137 86 136
f 138 87 137
f 139 88 138
f 140 89 88
f 141 90 140
f 142 91 141
f 143 92 91
f 144 93 92
f 145 94 144
f 146 95 145
f 147 96 146
f 148 97 96
f 149 98 97
f 150 99 98
f 151 100 99
f 152 101 151
f 153 102 152
f 154 103 153
f 155 104 154
f 156 105 155
f 158 107 157
f 159 108 158
f 160 109 159
f 161 110 109
f 162 111 110
f 163 112 111
f 164 113 112
f 165 114 164
f 166 115 165
f 167 116 115
f 168 117 167
f 169 118 168
f 170 119 169
f 171 120 119
f 172 121 171
f 173 122 121
f 174 123 122
f 175 124 174
f 176 125 175
f 177 126 176
f 178 127 126
f 179 128 127
f 180 129 128
f 181 130 180
f 182 131 181
f 183 132 131
f 184 133 183
f 185 134 133
f 186 135 134
f 187 136 186
f 188 137 136
f 189 138 188
f 190 139 138
f 191 140 139
f 192 141 191
f 193 142 141
f 194 143 142
f 195 144 194
f 196 145 195
f 197 146 145
f 198 147 146
f 199 148 147
f 200 149 199
f 201 150 200
f 202 151 201
f 203 152 202
f 204 153 152
f 205 154 153
f 206 155 154
f 207 156 155
f 209 158 208
f 210 159 158
f 211 160 159
f 212 161 211
f 213 162 212
f 214 163 213
f 215 164 214
f 216 165 215
f 217 166 165
f 218 167 166
f 219 168 167
f 220 169 168
f 221 170 169
f 222 171 170
f 223 172 171
f 224 173 223
f 225 174 224
f 226 175 174
f 227 176 175
f 228 177 227
f 229 178 228
f 230 179 178
f 231 180 230
f 232 181 180
f 233 182 181
f 234 183 182
f 235 184 234
f 236 185 184
f 237 186 236
f 238 187 186
f 239 188 187
f 240 189 239
f 241 190 240
f 242 191 190
f 243 192 242
f 244 193 192
f 245 194 193
f 246 195 245
f 247 196 195
f 248 197 247
f 249 198 197
f 250 199 249
f 251 200 199
f 252 201 200
f 253 202 201
f 254 203 202
f 255 204 203
f 256 205 255
f 257 206 256
f 258 207 257
f 260 209 208
f 261 210 209
f 262 211 210
f 263 212 211
f 264 213 263
f 265 214 264
f 266 215 265
f 267 216 215
f 268 217 216
f 269 218 268
f 270 219 269
f 271 220 270
f 272 221 271
f 273 222 221
f 274 223 222
f 275 224 223
f 276 225 224
f 277 226 276
f 278 227 226
f 279 228 227
f 280 229 228
f 281 230 229
f 282 231 281
f 283 232 282
f 284 233 283
f 285 234 233
f 286 235 285
f 287 236 235
f 288 237 287
f 289 238 288
f 290 239 289
f 291 240 290
f 292 241 240
f 293 242 241
f 294 243 242
f 295 244 243
f 296 245 295
f 297 246 245
f 298 247 246
f 299 248 298
f 300 249 248
f 301 250 300
f 302 251 250
f 303 252 302
f 304 253 252
f 305 254 253
f 306 255 254
f 307 256 306
f 308 257 256
f 309 258 257
f 311 260 259
f 312 261 260
f 313 262 312
f 314 263 313
f 315 264 314
f 316 265 264
f 317 266 265
f 318 267 266
f 319 268 318
f 320 269 268
f 321 270 269
f 322 271 270
f 323 272 322
f 324 273 323
f 325 274 273
f 326 275 274
f 327 276 326
f 328 277 327
f 329 278 328
f 330 279 329
f 331 280 279
f 332 281 280
f 333 282 281
f 334 283 333
f 335 284 334
f 336 285 284
f 337 286 285
f 338 287 286
f 339 288 287
f 340 289 339
f 341 290 289
f 342 291 290
f 343 292 291
f 344 293 292
f 345 294 293
f 346 295 345
f 347 296 295
f 348 297 347
f 349 298 348
f 350 299 349
f 351 300 299
f 352 301 351
f 353 302 301
f 354 303 302
f 355 304 303
f 356 305 304
f 357 306 305
f 358 307 306
f 359 308 307
f 360 309 308
f 414 499 1
f 4 498 499
f 5 496 497
f 494 495 7
f 495 496 6
f 497 498 5
f 8 492 493
f 9 490 491
f 491 492 8
f 488 489 10
f 486 487 12
f 487 488 11
f 489 490 9
f 493 494 7
f 14 484 485
f 482 483 16
f 483 484 15
f 480 481 17
f 19 478 479
f 479 480 18
f 481 482 17
f 476 477 21
f 22 474 475
f 475 476 21
f 472 473 24
f 25 470 471
f 471 472 24
f 473 474 23
f 477 478 20
f 485 486 13
f 498 4 5
f 414 415 4
f 5 6 496
f 7 8 493
f 491 8 9
f 416 55 415
f 484 14 15
f 19 20 478
f 468 469 26
f 467 28 466
f 27 467 468
f 22 23 474
f 470 26 469
f 467 27 28
f 25 26 470
f 28 29 466
f 414 4 499
f 465 2 29
f 31 463 464
f 464 465 30
f 32 461 462
f 459 460 34
f 460 461 33
f 462 463 32
f 35 457 458
f 455 456 37
f 456 457 36
f 38 453 454
f 451 452 40
f 452 453 39
f 454 455 37
f 458 459 34
f 449 450 41
f 43 447 448
f 448 449 42
f 445 446 45
f 443 444 47
f 444 445 46
f 446 447 44
f 441 442 49
f 50 439 440
f 440 441 49
f 51 437 438
f 52 435 436
f 436 437 51
f 438 439 50
f 442 443 48
f 450 451 41
f 30 31 464
f 32 33 461
f 35 36 457
f 38 39 453
f 43 44 447
f 434 53 433
f 54 431 432
f 432 431 3
f 433 54 432
f 49 50 440
f 50 51 438
f 435 53 434
f 430 431 54
f 433 53 54
f 52 53 435
f 106 416 417
f 417 418 157
f 208 157 419
f 420 208 419
f 421 259 420
f 310 259 421
f 312 311 363
f 314 313 366
f 313 312 364
f 311 310 362
f 420 259 208
f 316 315 368
f 318 317 370
f 317 316 368
f 320 319 371
f 322 321 374
f 321 320 373
f 319 318 370
f 324 323 376
f 326 325 377
f 325 324 376
f 328 327 380
f 330 329 381
f 329 328 380
f 327 326 379
f 323 322 375
f 315 314 367
f 422 361 362
f 332 331 383
f 333 332 385
f 335 334 386
f 334 333 385
f 331 330 382
f 337 336 389
f 339 338 391
f 338 337 389
f 341 340 392
f 343 342 394
f 342 341 394
f 340 339 391
f 345 344 396
f 347 346 399
f 346 345 397
f 349 348 401
f 351 350 403
f 350 349 402
f 348 347 400
f 344 343 396
f 105 156 429
f 207 258 426
f 156 207 428
f 426 258 425
f 430 105 429
f 353 352 404
f 355 354 406
f 354 353 405
f 424 425 309
f 425 258 309
f 309 360 424
f 356 355 408
f 352 351 403
f 358 357 409
f 359 358 410
f 360 412 423
f 360 359 411
f 408 409 357
f 387 388 335
f 416 106 55
f 573 500 504
f 505 506 571
f 572 504 505
f 570 507 508
f 569 509 510
f 568 510 511
f 508 509 570
f 571 506 507
f 567 512 513
f 566 514 515
f 513 514 566
f 516 517 565
f 563 518 519
f 563 519 520
f 564 517 518
f 565 515 516
f 568 511 512
f 572 501 573
f 504 572 573
f 570 571 507
f 512 567 568
f 568 569 510
f 515 565 566
f 521 522 561
f 523 561 522
f 524 560 523
f 563 564 518
f 523 560 561
f 563 520 562
f 559 560 525
f 562 520 521
f 559 525 526
f 527 528 558
f 558 526 527
f 556 529 530
f 555 531 532
f 532 533 554
f 556 530 531
f 557 528 529
f 553 534 535
f 552 536 537
f 535 536 553
f 551 538 539
f 540 541 549
f 549 541 542
f 550 539 540
f 551 537 538
f 554 533 534
f 558 559 526
f 556 557 529
f 551 552 537
f 554 534 553
f 556 531 555
f 543 544 548
f 546 545 502
f 547 544 545
f 545 546 547
f 546 503 547
f 548 549 542
f 539 550 551
f 660 574 625
f 661 625 626
f 662 627 628
f 576 629 664
f 628 576 664
f 662 626 627
f 661 626 662
f 625 661 660
f 661 662 622
f 624 660 661
f 663 665 618
f 665 663 630
f 665 630 631
f 664 663 619
f 662 664 620
f 631 632 666
f 632 577 667
f 668 667 633
f 635 669 634
f 633 634 668
f 636 578 670
f 666 667 615
f 578 637 670
f 635 636 671
f 637 638 672
f 640 674 639
f 639 673 638
f 675 674 640
f 665 666 616
f 624 575 660
f 623 624 661
f 622 662 621
f 664 619 620
f 667 668 614
f 615 616 666
f 612 613 668
f 669 611 612
f 669 671 611
f 671 670 610
f 672 673 607
f 639 674 673
f 670 672 608
f 673 674 606
f 604 605 674
f 607 608 672
f 676 641 642
f 677 642 643
f 644 645 678
f 646 647 681
f 645 646 678
f 643 644 679
f 675 676 603
f 676 675 641
f 642 677 676
f 676 677 601
f 679 678 599
f 681 680 596
f 678 681 597
f 677 679 600
f 680 647 648
f 682 648 649
f 683 682 649
f 580 650 683
f 652 685 651
f 650 651 684
f 652 653 686
f 655 656 687
f 654 655 688
f 653 654 688
f 657 658 689
f 658 581 659
f 690 656 657
f 689 658 659
f 680 648 682
f 680 682 595
f 599 600 679
f 683 684 592
f 682 683 593
f 595 596 680
f 684 591 592
f 684 685 591
f 589 590 685
f 686 688 588
f 687 690 585
f 690 687 656
f 688 687 587
f 690 689 584
f 587 588 688
f 659 583 689
f 583 584 689
f 583 659 582
f 604 675 603
f 799 800 691
f 691 698 799
f 698 699 797
f 699 700 795
f 700 793 794
f 800 799 692
f 698 798 799
f 699 796 797
f 700 794 795
f 701 793 700
f 701 702 791
f 702 703 789
f 704 705 785
f 693 706 782
f 705 693 783
f 703 704 787
f 707 708 778
f 708 709 776
f 710 711 772
f 712 713 768
f 711 712 770
f 709 710 774
f 706 707 780
f 713 714 766
f 701 792 793
f 788 789 703
f 790 791 702
f 705 784 785
f 693 782 783
f 706 780 781
f 786 787 704
f 707 778 779
f 774 775 709
f 776 777 708
f 711 770 771
f 712 768 769
f 713 766 767
f 772 773 710
f 765 694 714
f 715 765 714
f 715 716 763
f 716 717 761
f 717 718 759
f 718 758 759
f 715 764 765
f 760 761 717
f 762 763 716
f 718 719 757
f 720 721 753
f 721 722 751
f 695 723 748
f 724 725 744
f 723 724 746
f 722 695 749
f 726 727 740
f 727 728 738
f 729 730 734
f 732 730 696
f 728 729 736
f 725 726 742
f 719 720 755
f 731 732 696
f 719 756 757
f 720 754 755
f 721 752 753
f 722 750 751
f 746 747 723
f 748 749 695
f 725 742 743
f 726 740 741
f 727 738 739
f 728 736 737
f 731 697 732
f 732 733 730
f 734 735 729
f 744 745 724
f 805 802 803
f 807 804 805
f 809 806 807
f 811 808 809
f 813 810 811
f 815 812 813
f 817 814 815
f 819 816 817
f 821 818 819
f 823 820 821
f 825 822 823
f 827 824 825
f 829 826 827
f 831 828 829
f 833 830 831
f 835 832 833
f 837 834 835
f 839 836 837
f 841 838 839
f 843 840 841
f 845 842 843
f 847 844 845
f 849 846 847
f 851 848 849
f 853 850 851
f 855 852 853
f 857 854 855
f 859 856 857
f 861 858 859
f 863 860 861
f 869 803 802
f 868 803 869
f 805 873 807
f 809 871 811
f 807 872 809
f 803 874 805
f 883 815 813
f 817 882 881
f 815 883 882
f 821 880 823
f 878 827 825
f 877 829 827
f 823 879 825
f 819 881 880
f 870 813 811
f 874 868 867
f 803 868 874
f 813 870 883
f 875 833 831
f 877 827 878
f 876 831 829
f 835 892 837
f 890 841 839
f 891 839 837
f 843 889 888
f 847 887 849
f 845 888 847
f 841 890 889
f 864 863 865
f 884 855 853
f 857 897 896
f 859 896 895
f 855 884 897
f 885 853 851
f 849 886 851
f 892 835 875
f 890 839 891
f 884 853 885
f 865 863 866
f 866 863 894
f 894 863 861
f 866 894 893
f 902 898 904
f 905 906 970
f 971 904 905
f 969 907 908
f 968 909 910
f 967 910 911
f 908 909 969
f 970 906 907
f 966 912 913
f 965 914 915
f 913 914 965
f 916 917 964
f 962 918 919
f 962 919 920
f 963 917 918
f 964 915 916
f 967 911 912
f 971 899 902
f 904 971 902
f 969 970 907
f 912 966 967
f 967 968 910
f 915 964 965
f 921 922 960
f 923 960 922
f 924 959 923
f 962 963 918
f 923 959 960
f 962 920 961
f 924 925 959
f 961 920 921
f 958 925 926
f 927 928 957
f 957 926 927
f 955 929 930
f 954 931 932
f 932 933 953
f 955 930 931
f 956 928 929
f 952 934 935
f 951 936 937
f 935 936 952
f 950 938 939
f 940 941 948
f 948 941 942
f 949 939 940
f 950 937 938
f 953 933 934
f 957 958 926
f 955 956 929
f 950 951 937
f 953 934 952
f 955 931 954
f 943 944 947
f 903 945 900
f 946 944 945
f 945 903 946
f 903 901 946
f 947 948 942
f 939 949 950
f 1059 1067 1068
f 1058 1068 1069
f 1072 1056 1071
f 1070 1071 1057
f 1057 1069 1070
f 1073 1055 1072
f 1061 1064 1065
f 1064 1062 1063
f 1066 1060 1065
f 1065 1060 1061
f 1067 1059 1060
f 1061 1062 1064
f 1060 1066 1067
f 972 1063 1062
f 1054 1073 1074
f 1076 1077 1052
f 1075 1076 1053
f 1051 1077 1078
f 1050 1079 1080
f 1079 1050 1051
f 1078 1079 1051
f 1077 1051 1052
f 1056 1057 1071
f 1058 1059 1068
f 1057 1058 1069
f 1076 1052 1053
f 1054 1055 1073
f 1075 1053 1054
f 1056 1072 1055
f 1054 1074 1075
f 1035 973 1034
f 1034 974 1033
f 972 1035 1036
f 1035 972 973
f 1033 974 975
f 1034 973 974
f 972 1036 1063
f 1032 1033 975
f 1031 1032 975
f 1030 977 1029
f 1030 1031 976
f 978 1028 1029
f 1027 979 1026
f 978 1027 1028
f 980 1025 1026
f 1031 975 976
f 977 978 1029
f 979 980 1026
f 978 979 1027
f 1025 981 1024
f 1022 982 983
f 1023 981 982
f 980 981 1025
f 982 1022 1023
f 983 1021 1022
f 1023 1024 981
f 1019 984 985
f 984 1019 1020
f 1019 985 1018
f 1021 984 1020
f 984 1021 983
f 976 977 1030
f 1049 1050 1080
f 1048 1049 1081
f 1080 1081 1049
f 1082 1048 1081
f 1047 1048 1083
f 1047 1083 1084
f 1083 1048 1082
f 1085 1046 1084
f 1084 1046 1047
f 1045 1087 1044
f 1045 1046 1085
f 1043 1089 1042
f 1041 1092 1040
f 1091 1041 1042
f 1088 1043 1044
f 1085 1086 1045
f 1044 1087 1088
f 1088 1089 1043
f 1089 1090 1042
f 1092 1041 1091
f 1092 1093 1040
f 1091 1042 1090
f 1093 1039 1040
f 1095 1038 1039
f 1097 999 1037
f 1037 1038 1096
f 1038 1095 1096
f 1096 1097 1037
f 1095 1039 1094
f 1094 1039 1093
f 1000 999 1097
f 1086 1087 1045
f 1012 1013 990
f 1014 988 989
f 989 990 1013
f 994 1007 993
f 992 1010 991
f 1009 992 993
f 991 1011 990
f 1017 986 987
f 986 1017 1018
f 1017 987 1016
f 986 1018 985
f 988 1015 987
f 1015 1016 987
f 988 1014 1015
f 1014 989 1013
f 1006 994 995
f 997 1003 996
f 1005 996 1004
f 996 1003 1004
f 1002 997 998
f 1001 1002 998
f 1002 1003 997
f 1001 998 999
f 1001 999 1000
f 1009 1010 992
f 1011 991 1010
f 990 1011 1012
f 1007 994 1006
f 1008 993 1007
f 1008 1009 993
f 1005 1006 995
f 996 1005 995
f 1107 1098 1151
f 1185 1151 1152
f 1186 1153 1154
f 1100 1155 1188
f 1154 1100 1188
f 1186 1152 1153
f 1185 1152 1186
f 1151 1185 1107
f 1185 1186 1148
f 1150 1107 1185
f 1187 1189 1144
f 1189 1187 1156
f 1189 1156 1157
f 1188 1187 1145
f 1186 1188 1146
f 1157 1158 1190
f 1158 1101 1191
f 1192 1191 1159
f 1161 1193 1160
f 1159 1160 1192
f 1162 1102 1194
f 1190 1191 1141
f 1102 1163 1194
f 1161 1162 1195
f 1163 1164 1196
f 1166 1198 1165
f 1165 1197 1164
f 1199 1198 1166
f 1189 1190 1142
f 1150 1099 1107
f 1149 1150 1185
f 1148 1186 1147
f 1188 1145 1146
f 1191 1192 1140
f 1141 1142 1190
f 1138 1139 1192
f 1193 1137 1138
f 1193 1195 1137
f 1195 1194 1136
f 1196 1197 1133
f 1165 1198 1197
f 1194 1196 1134
f 1197 1198 1132
f 1130 1131 1198
f 1133 1134 1196
f 1200 1167 1168
f 1201 1168 1169
f 1170 1171 1202
f 1172 1173 1205
f 1171 1172 1202
f 1169 1170 1203
f 1199 1200 1129
f 1200 1199 1167
f 1168 1201 1200
f 1200 1201 1127
f 1203 1202 1125
f 1205 1204 1122
f 1202 1205 1123
f 1201 1203 1126
f 1204 1173 1174
f 1206 1174 1175
f 1207 1206 1175
f 1104 1176 1207
f 1178 1209 1177
f 1176 1177 1208
f 1178 1179 1210
f 1181 1182 1211
f 1180 1181 1212
f 1179 1180 1212
f 1183 1184 1213
f 1184 1105 1108
f 1214 1182 1183
f 1213 1184 1108
f 1204 1174 1206
f 1204 1206 1121
f 1125 1126 1203
f 1207 1208 1118
f 1206 1207 1119
f 1121 1122 1204
f 1208 1117 1118
f 1208 1209 1117
f 1115 1116 1209
f 1210 1212 1114
f 1211 1214 1111
f 1214 1211 1182
f 1212 1211 1113
f 1214 1213 1110
f 1113 1114 1212
f 1108 1109 1213
f 1109 1110 1213
f 1109 1108 1106
f 1130 1199 1129
f 1289 1290 1215
f 1215 1292 1289
f 1292 1293 1287
f 1293 1294 1285
f 1294 1283 1284
f 1290 1289 1216
f 1292 1288 1289
f 1293 1286 1287
f 1294 1284 1285
f 1295 1283 1294
f 1295 1296 1281
f 1296 1297 1279
f 1298 1299 1275
f 1300 1301 1272
f 1299 1300 1273
f 1297 1298 1277
f 1302 1303 1268
f 1303 1304 1266
f 1305 1306 1262
f 1307 1308 1258
f 1306 1307 1260
f 1304 1305 1264
f 1301 1302 1270
f 1308 1217 1256
f 1295 1282 1283
f 1278 1279 1297
f 1280 1281 1296
f 1299 1274 1275
f 1300 1272 1273
f 1301 1270 1271
f 1276 1277 1298
f 1302 1268 1269
f 1264 1265 1304
f 1266 1267 1303
f 1306 1260 1261
f 1307 1258 1259
f 1308 1256 1257
f 1262 1263 1305
f 1255 1218 1217
f 1309 1255 1217
f 1309 1310 1253
f 1310 1311 1251
f 1311 1312 1249
f 1312 1248 1249
f 1309 1254 1255
f 1250 1251 1311
f 1252 1253 1310
f 1312 1313 1247
f 1314 1315 1243
f 1315 1316 1241
f 1219 1317 1238
f 1318 1319 1234
f 1317 1318 1236
f 1316 1219 1239
f 1320 1321 1230
f 1321 1322 1228
f 1323 1324 1224
f 1222 1324 1220
f 1322 1323 1226
f 1319 1320 1232
f 1313 1314 1245
f 1291 1222 1220
f 1313 1246 1247
f 1314 1244 1245
f 1315 1242 1243
f 1316 1240 1241
f 1236 1237 1317
f 1238 1239 1219
f 1319 1232 1233
f 1320 1230 1231
f 1321 1228 1229
f 1322 1226 1227
f 1291 1221 1222
f 1222 1223 1324
f 1224 1225 1323
f 1234 1235 1318
f 1372 1370 1371
f 1363 1368 1372
f 1368 1370 1372
f 1378 1372 1373
f 1367 1365 1366
f 1368 1369 1370
f 1365 1367 1364
f 1367 1368 1364
f 1375 1373 1374
f 1382 1380 1381
f 1383 1379 1382
f 1380 1382 1379
f 1384 1379 1383
f 1377 1375 1376
f 1378 1379 1384
f 1378 1373 1377
f 1363 1372 1378
f 1373 1375 1377
f 1387 1363 1378
f 1363 1359 1362
f 1361 1362 1360
f 1362 1359 1360
f 1363 1347 1359
f 1357 1358 1359
f 1357 1359 1356
f 1352 1355 1356
f 1359 1352 1356
f 1363 1364 1368
f 1352 1353 1354
f 1351 1352 1350
f 1352 1347 1350
f 1352 1354 1355
f 1347 1348 1349
f 1346 1347 1345
f 1350 1347 1349
f 1359 1347 1352
f 1363 1387 1347
f 1345 1347 1344
f 1384 1387 1378
f 1387 1385 1386
f 1389 1387 1388
f 1347 1387 1403
f 1389 1390 1387
f 1392 1390 1391
f 1394 1392 1393
f 1387 1392 1399
f 1390 1392 1387
f 1392 1394 1395
f 1392 1396 1399
f 1399 1397 1398
f 1396 1397 1399
f 1387 1399 1403
f 1402 1400 1401
f 1338 1347 1403
f 1403 1399 1402
f 1402 1399 1400
f 1392 1395 1396
f 1403 1404 1328
f 1337 1338 1333
f 1336 1337 1335
f 1337 1333 1335
f 1344 1338 1339
f 1343 1344 1339
f 1341 1342 1340
f 1339 1342 1343
f 1339 1340 1342
f 1338 1344 1347
f 1403 1332 1338
f 1326 1327 1325
f 1404 1327 1328
f 1330 1328 1329
f 1334 1335 1333
f 1331 1332 1330
f 1333 1338 1332
f 1332 1328 1330
f 1332 1403 1328
f 1404 1325 1327
f 1385 1387 1384
f 1459 1408 1407
f 1460 1409 1459
f 1461 1410 1460
f 1462 1411 1461
f 1463 1412 1411
f 1464 1413 1412
f 1465 1414 1464
f 1466 1415 1465
f 1467 1416 1466
f 1468 1417 1467
f 1469 1418 1468
f 1470 1419 1418
f 1471 1420 1419
f 1472 1421 1471
f 1473 1422 1472
f 1474 1423 1473
f 1475 1424 1423
f 1476 1425 1424
f 1477 1426 1476
f 1478 1427 1426
f 1479 1428 1427
f 1480 1429 1428
f 1481 1430 1429
f 1482 1431 1430
f 1483 1432 1431
f 1484 1433 1432
f 1485 1434 1484
f 1486 1435 1434
f 1487 1436 1486
f 1488 1437 1436
f 1489 1438 1488
f 1490 1439 1489
f 1491 1440 1439
f 1492 1441 1440
f 1493 1442 1441
f 1494 1443 1442
f 1495 1444 1494
f 1496 1445 1495
f 1497 1446 1496
f 1498 1447 1497
f 1499 1448 1498
f 1500 1449 1499
f 1501 1450 1500
f 1502 1451 1501
f 1503 1452 1502
f 1504 1453 1503
f 1505 1454 1504
f 1506 1455 1505
f 1507 1456 1506
f 1508 1457 1507
f 1510 1459 1458
f 1511 1460 1510
f 1512 1461 1511
f 1513 1462 1461
f 1514 1463 1513
f 1515 1464 1514
f 1516 1465 1464
f 1517 1466 1465
f 1518 1467 1517
f 1519 1468 1518
f 1520 1469 1468
f 1521 1470 1520
f 1522 1471 1470
f 1523 1472 1471
f 1524 1473 1472
f 1525 1474 1473
f 1526 1475 1525
f 1527 1476 1526
f 1528 1477 1476
f 1529 1478 1477
f 1530 1479 1478
f 1531 1480 1530
f 1532 1481 1480
f 1533 1482 1532
f 1534 1483 1533
f 1535 1484 1483
f 1536 1485 1535
f 1537 1486 1536
f 1538 1487 1537
f 1539 1488 1487
f 1540 1489 1488
f 1541 1490 1489
f 1542 1491 1490
f 1543 1492 1542
f 1544 1493 1543
f 1545 1494 1544
f 1546 1495 1494
f 1547 1496 1495
f 1548 1497 1496
f 1549 1498 1548
f 1550 1499 1549
f 1551 1500 1550
f 1552 1501 1500
f 1553 1502 1501
f 1554 1503 1553
f 1555 1504 1503
f 1556 1505 1504
f 1557 1506 1505
f 1558 1507 1506
f 1559 1508 1507
f 1562 1510 1561
f 1563 1511 1510
f 1564 1512 1511
f 1565 1513 1512
f 1566 1514 1565
f 1567 1515 1566
f 1568 1516 1567
f 1569 1517 1568
f 1570 1518 1569
f 1571 1519 1518
f 1572 1520 1571
f 1573 1521 1520
f 1574 1522 1521
f 1575 1523 1574
f 1576 1524 1575
f 1577 1525 1524
f 1578 1526 1525
f 1579 1527 1526
f 1580 1528 1579
f 1581 1529 1528
f 1582 1530 1529
f 1583 1531 1582
f 1584 1532 1583
f 1585 1533 1584
f 1586 1534 1585
f 1587 1535 1586
f 1588 1536 1587
f 1589 1537 1588
f 1590 1538 1589
f 1591 1539 1538
f 1592 1540 1591
f 1593 1541 1540
f 1594 1542 1541
f 1595 1543 1594
f 1596 1544 1543
f 1597 1545 1596
f 1598 1546 1545
f 1599 1547 1546
f 1600 1548 1547
f 1601 1549 1548
f 1602 1550 1549
f 1603 1551 1550
f 1604 1552 1551
f 1605 1553 1552
f 1606 1554 1553
f 1607 1555 1554
f 1608 1556 1607
f 1609 1557 1608
f 1610 1558 1609
f 1611 1559 1610
f 1613 1562 1561
f 1614 1563 1562
f 1615 1564 1614
f 1616 1565 1564
f 1617 1566 1565
f 1618 1567 1617
f 1619 1568 1618
f 1620 1569 1619
f 1621 1570 1569
f 1622 1571 1570
f 1623 1572 1622
f 1624 1573 1623
f 1625 1574 1624
f 1626 1575 1574
f 1627 1576 1626
f 1628 1577 1576
f 1629 1578 1628
f 1630 1579 1629
f 1631 1580 1630
f 1632 1581 1580
f 1633 1582 1581
f 1634 1583 1582
f 1635 1584 1583
f 1636 1585 1584
f 1637 1586 1585
f 1638 1587 1586
f 1639 1588 1587
f 1640 1589 1588
f 1641 1590 1640
f 1642 1591 1590
f 1643 1592 1642
f 1644 1593 1592
f 1645 1594 1644
f 1646 1595 1594
f 1647 1596 1595
f 1648 1597 1647
f 1649 1598 1597
f 1650 1599 1649
f 1651 1600 1650
f 1652 1601 1600
f 1653 1602 1601
f 1654 1603 1602
f 1655 1604 1603
f 1656 1605 1655
f 1657 1606 1605
f 1658 1607 1606
f 1659 1608 1658
f 1660 1609 1659
f 1661 1610 1609
f 1662 1611 1610
f 1664 1613 1663
f 1665 1614 1664
f 1666 1615 1665
f 1667 1616 1666
f 1668 1617 1667
f 1669 1618 1617
f 1670 1619 1618
f 1671 1620 1619
f 1672 1621 1620
f 1673 1622 1672
f 1674 1623 1673
f 1675 1624 1674
f 1676 1625 1675
f 1677 1626 1625
f 1678 1627 1677
f 1679 1628 1678
f 1680 1629 1679
f 1681 1630 1680
f 1682 1631 1681
f 1683 1632 1682
f 1684 1633 1632
f 1685 1634 1684
f 1686 1635 1685
f 1687 1636 1686
f 1688 1637 1687
f 1689 1638 1637
f 1690 1639 1689
f 1691 1640 1639
f 1692 1641 1691
f 1693 1642 1641
f 1694 1643 1642
f 1695 1644 1694
f 1696 1645 1644
f 1697 1646 1645
f 1698 1647 1697
f 1699 1648 1647
f 1700 1649 1648
f 1701 1650 1649
f 1702 1651 1701
f 1703 1652 1651
f 1704 1653 1703
f 1705 1654 1704
f 1706 1655 1705
f 1707 1656 1655
f 1708 1657 1656
f 1709 1658 1708
f 1710 1659 1709
f 1711 1660 1659
f 1712 1661 1711
f 1713 1662 1712
f 1715 1664 1663
f 1716 1665 1664
f 1717 1666 1665
f 1718 1667 1666
f 1719 1668 1667
f 1720 1669 1719
f 1721 1670 1720
f 1722 1671 1670
f 1723 1672 1722
f 1724 1673 1672
f 1725 1674 1673
f 1726 1675 1674
f 1727 1676 1675
f 1728 1677 1727
f 1729 1678 1728
f 1730 1679 1729
f 1731 1680 1730
f 1732 1681 1680
f 1733 1682 1681
f 1734 1683 1733
f 1735 1684 1683
f 1736 1685 1735
f 1737 1686 1685
f 1738 1687 1686
f 1739 1688 1738
f 1740 1689 1688
f 1741 1690 1740
f 1742 1691 1690
f 1743 1692 1742
f 1744 1693 1692
f 1745 1694 1693
f 1746 1695 1745
f 1747 1696 1746
f 1748 1697 1696
f 1749 1698 1748
f 1750 1699 1698
f 1751 1700 1750
f 1752 1701 1700
f 1753 1702 1701
f 1754 1703 1702
f 1755 1704 1703
f 1756 1705 1755
f 1757 1706 1756
f 1758 1707 1757
f 1759 1708 1707
f 1760 1709 1759
f 1761 1710 1760
f 1762 1711 1710
f 1763 1712 1711
f 1764 1713 1712
f 1827 1903 1405
f 1407 1902 1903
f 1408 1900 1901
f 1898 1899 1410
f 1899 1900 1409
f 1901 1902 1408
f 1411 1896 1897
f 1412 1894 1895
f 1895 1896 1411
f 1892 1893 1413
f 1890 1891 1415
f 1891 1892 1414
f 1893 1894 1412
f 1897 1898 1410
f 1417 1888 1889
f 1886 1887 1419
f 1887 1888 1418
f 1884 1885 1420
f 1422 1882 1883
f 1883 1884 1421
f 1885 1886 1420
f 1880 1881 1424
f 1425 1878 1879
f 1879 1880 1424
f 1876 1877 1427
f 1428 1874 1875
f 1875 1876 1427
f 1877 1878 1426
f 1881 1882 1423
f 1889 1890 1416
f 1902 1407 1408
f 1827 1828 1407
f 1408 1409 1900
f 1410 1411 1897
f 1895 1411 1412
f 1829 1458 1828
f 1888 1417 1418
f 1422 1423 1882
f 1872 1873 1429
f 1871 1431 1870
f 1430 1871 1872
f 1425 1426 1878
f 1874 1429 1873
f 1871 1430 1431
f 1428 1429 1874
f 1431 1432 1870
f 1827 1407 1903
f 1868 1869 1432
f 1434 1866 1867
f 1867 1868 1433
f 1435 1864 1865
f 1862 1863 1437
f 1863 1864 1436
f 1865 1866 1435
f 1438 1860 1861
f 1858 1859 1440
f 1859 1860 1439
f 1441 1856 1857
f 1854 1855 1443
f 1855 1856 1442
f 1857 1858 1440
f 1861 1862 1437
f 1852 1853 1444
f 1446 1850 1851
f 1851 1852 1445
f 1848 1849 1448
f 1846 1847 1450
f 1847 1848 1449
f 1849 1850 1447
f 1844 1845 1452
f 1453 1842 1843
f 1843 1844 1452
f 1454 1840 1841
f 1455 1838 1839
f 1839 1840 1454
f 1841 1842 1453
f 1845 1846 1451
f 1853 1854 1444
f 1433 1434 1867
f 1435 1436 1864
f 1438 1439 1860
f 1441 1442 1856
f 1446 1447 1850
f 1837 1456 1836
f 1457 1826 1835
f 1835 1826 1406
f 1836 1457 1835
f 1452 1453 1843
f 1453 1454 1841
f 1838 1456 1837
f 1825 1826 1457
f 1836 1456 1457
f 1455 1456 1838
f 1509 1829 1830
f 1830 1560 1561
f 1612 1561 1831
f 1832 1612 1831
f 1833 1663 1832
f 1714 1663 1833
f 1716 1715 1768
f 1718 1717 1769
f 1717 1716 1768
f 1715 1714 1767
f 1832 1663 1612
f 1720 1719 1772
f 1722 1721 1773
f 1721 1720 1772
f 1724 1723 1775
f 1726 1725 1777
f 1725 1724 1777
f 1723 1722 1774
f 1728 1727 1780
f 1730 1729 1782
f 1729 1728 1780
f 1732 1731 1783
f 1734 1733 1786
f 1733 1732 1784
f 1731 1730 1782
f 1727 1726 1778
f 1719 1718 1770
f 1834 1765 1766
f 1736 1735 1788
f 1737 1736 1788
f 1739 1738 1791
f 1738 1737 1789
f 1735 1734 1786
f 1741 1740 1793
f 1743 1742 1794
f 1742 1741 1793
f 1745 1744 1797
f 1747 1746 1799
f 1746 1745 1797
f 1744 1743 1796
f 1749 1748 1800
f 1751 1750 1802
f 1750 1749 1802
f 1753 1752 1804
f 1755 1754 1806
f 1754 1753 1806
f 1752 1751 1803
f 1748 1747 1800
f 1508 1559 1824
f 1611 1662 1821
f 1559 1611 1823
f 1821 1662 1820
f 1825 1508 1824
f 1757 1756 1809
f 1759 1758 1811
f 1758 1757 1810
f 1819 1820 1713
f 1820 1662 1713
f 1713 1764 1819
f 1760 1759 1811
f 1756 1755 1807
f 1762 1761 1813
f 1763 1762 1814
f 1764 1816 1818
f 1764 1763 1815
f 1812 1813 1761
f 1791 1792 1739
f 1829 1509 1458
f 2013 1912 1911
f 1913 1912 2013
f 2013 1915 1914
f 1913 2013 1914
f 2013 1916 1915
f 1906 1905 2013
f 1906 2013 1907
f 2013 1910 1909
f 1909 1908 2013
f 1908 1907 2013
f 1910 2013 1911
f 1917 1916 2013
f 1925 1924 2011
f 1925 2011 1926
f 2011 1929 1928
f 1928 1927 2011
f 1927 1926 2011
f 1930 1929 2011
f 1918 2013 1919
f 1919 2013 1920
f 2011 1923 1922
f 1920 2011 1921
f 1922 1921 2011
f 2011 1924 1923
f 2013 1918 1917
f 2013 2011 1920
f 2006 2013 2007
f 2013 2006 2005
f 2013 2005 2004
f 2013 2004 2003
f 2002 2013 2003
f 2001 2013 2002
f 2000 2013 2001
f 1999 2013 2000
f 1998 2013 1999
f 1997 2013 1998
f 1997 1996 2013
f 1995 2013 1996
f 2007 2013 1904
f 1993 2013 1994
f 1995 1994 2013
f 1992 2013 1993
f 1991 2008 1992
f 2013 1992 2008
f 2008 1991 1990
f 1990 1989 2008
f 1989 1988 2008
f 1988 1987 2008
f 1987 1986 2008
f 1986 1985 2008
f 2008 1985 1984
f 1984 1983 2008
f 1982 2008 1983
f 2013 1905 1904
f 1930 2011 2010
f 1931 2010 1932
f 1932 2010 1933
f 1935 1934 2010
f 2010 1934 1933
f 1936 1935 2010
f 1938 1937 2010
f 1936 2010 1937
f 1939 1938 2010
f 2010 2012 1940
f 1942 1941 2012
f 1940 2012 1941
f 1939 2010 1940
f 1944 1943 2012
f 1945 1944 2012
f 2012 1947 1946
f 1947 2012 1948
f 1945 2012 1946
f 1949 1948 2012
f 2012 1951 1950
f 2012 1952 1951
f 1953 2012 1954
f 1954 2012 1955
f 1953 1952 2012
f 1950 1949 2012
f 1942 2012 1943
f 1956 1955 2012
f 1975 1974 2009
f 1973 2009 1974
f 1976 1975 2009
f 2012 2009 1972
f 1972 2009 1973
f 2012 1972 1971
f 2012 1971 1970
f 1981 1980 2009
f 2009 1982 1981
f 2009 1978 1977
f 1978 2009 1979
f 2009 1980 1979
f 2009 1977 1976
f 2009 2008 1982
f 1961 1960 2012
f 2012 1962 1961
f 2012 1958 1957
f 1958 2012 1959
f 2012 1960 1959
f 1962 2012 1963
f 1968 2012 1969
f 1970 1969 2012
f 1964 2012 1965
f 2012 1967 1966
f 1968 1967 2012
f 1963 2012 1964
f 1966 1965 2012
f 1956 2012 1957
f 1931 1930 2010
f 2016 2014 2017
f 2018 2016 2015
f 2017 2015 2016
f 2023 2020 2019
f 2021 2023 2022
f 2019 2022 2023
f 2027 2024 2026
f 2028 2027 2025
f 2026 2025 2027
f 2031 2032 2029
f 2033 2031 2030
f 2029 2030 2031
f 2037 2034 2038
f 2035 2037 2036
f 2038 2036 2037
f 2042 2039 2041
f 2043 2042 2040
f 2041 2040 2042
f 2051 2050 2049
f 2051 2049 2048
f 2051 2053 2052
f 2051 2052 2044
f 2046 2051 2047
f 2048 2047 2051
f 2045 2051 2046
f 2051 2045 2055
f 2051 2055 2054
f 2054 2053 2051
f 2065 2066 2064
f 2065 2063 2062
f 2065 2062 2061
f 2063 2065 2064
f 2059 2065 2060
f 2061 2060 2065
f 2058 2065 2059
f 2065 2058 2057
f 2065 2057 2056
f 2068 2073 2072
f 2068 2071 2070
f 2068 2070 2069
f 2071 2068 2072
f 2068 2067 2077
f 2068 2077 2076
f 2068 2075 2074
f 2076 2075 2068
f 2073 2068 2074
f 2080 2081 2078
f 2080 2083 2082
f 2084 2083 2080
f 2081 2080 2082
f 2080 2086 2085
f 2080 2085 2084
f 2080 2079 2088
f 2080 2088 2087
f 2080 2087 2086
f 2096 2094 2093
f 2096 2093 2092
f 2098 2097 2096
f 2094 2096 2097
f 2099 2098 2096
f 2091 2096 2092
f 2096 2091 2090
f 2096 2090 2089
f 2096 2095 2100
f 2096 2100 2099
f 2107 2111 2108
f 2109 2108 2111
f 2111 2101 2110
f 2111 2110 2109
f 2111 2104 2103
f 2111 2103 2102
f 2111 2107 2106
f 2111 2106 2105
f 2111 2105 2104
f 2116 2113 2114
f 2118 2115 2116
f 2120 2117 2118
f 2122 2119 2120
f 2124 2121 2122
f 2126 2123 2124
f 2128 2125 2126
f 2130 2127 2128
f 2132 2129 2130
f 2134 2131 2132
f 2136 2133 2134
f 2138 2135 2136
f 2140 2137 2138
f 2142 2139 2140
f 2144 2141 2142
f 2146 2143 2144
f 2148 2145 2146
f 2150 2147 2148
f 2152 2149 2150
f 2154 2151 2152
f 2156 2153 2154
f 2158 2155 2156
f 2160 2157 2158
f 2162 2159 2160
f 2164 2161 2162
f 2166 2163 2164
f 2168 2165 2166
f 2170 2167 2168
f 2172 2169 2170
f 2174 2171 2172
f 2178 2114 2113
f 2177 2114 2178
f 2116 2184 2118
f 2120 2182 2122
f 2118 2183 2120
f 2114 2185 2116
f 2194 2126 2124
f 2128 2193 2192
f 2126 2194 2193
f 2132 2191 2134
f 2189 2138 2136
f 2188 2140 2138
f 2134 2190 2136
f 2130 2192 2191
f 2181 2124 2122
f 2185 2177 2176
f 2114 2177 2185
f 2124 2181 2194
f 2186 2144 2142
f 2188 2138 2189
f 2187 2142 2140
f 2146 2203 2148
f 2201 2152 2150
f 2202 2150 2148
f 2154 2200 2199
f 2158 2198 2160
f 2156 2199 2158
f 2152 2201 2200
f 2175 2174 2179
f 2195 2166 2164
f 2168 2208 2207
f 2170 2207 2206
f 2166 2195 2208
f 2196 2164 2162
f 2160 2197 2162
f 2203 2146 2186
f 2201 2150 2202
f 2195 2164 2196
f 2179 2174 2180
f 2180 2174 2205
f 2205 2174 2172
f 2180 2205 2204
f 56 4 55
f 6 5 56
f 7 6 57
f 59 7 58
f 60 8 59
f 61 9 60
f 62 10 61
f 63 11 62
f 13 12 63
f 65 13 64
f 66 14 65
f 67 15 66
f 68 16 67
f 18 17 68
f 70 18 69
f 71 19 70
f 21 20 71
f 22 21 72
f 23 22 73
f 24 23 74
f 25 24 75
f 26 25 76
f 27 26 77
f 28 27 78
f 29 28 79
f 30 29 80
f 82 30 81
f 32 31 82
f 84 32 83
f 85 33 84
f 86 34 85
f 87 35 86
f 37 36 87
f 38 37 88
f 90 38 89
f 91 39 90
f 41 40 91
f 93 41 92
f 94 42 93
f 44 43 94
f 45 44 95
f 46 45 96
f 47 46 97
f 48 47 98
f 100 48 99
f 101 49 100
f 102 50 101
f 103 51 102
f 104 52 103
f 105 53 104
f 107 55 106
f 108 56 107
f 109 57 108
f 59 58 109
f 111 59 110
f 61 60 111
f 62 61 112
f 114 62 113
f 115 63 114
f 65 64 115
f 117 65 116
f 67 66 117
f 119 67 118
f 120 68 119
f 121 69 120
f 71 70 121
f 123 71 122
f 124 72 123
f 125 73 124
f 126 74 125
f 76 75 126
f 128 76 127
f 129 77 128
f 79 78 129
f 131 79 130
f 132 80 131
f 82 81 132
f 83 82 133
f 135 83 134
f 85 84 135
f 86 85 136
f 87 86 137
f 88 87 138
f 140 88 139
f 90 89 140
f 91 90 141
f 143 91 142
f 144 92 143
f 94 93 144
f 95 94 145
f 96 95 146
f 148 96 147
f 149 97 148
f 150 98 149
f 151 99 150
f 101 100 151
f 102 101 152
f 103 102 153
f 104 103 154
f 105 104 155
f 107 106 157
f 108 107 158
f 109 108 159
f 161 109 160
f 162 110 161
f 163 111 162
f 164 112 163
f 114 113 164
f 115 114 165
f 167 115 166
f 117 116 167
f 118 117 168
f 119 118 169
f 171 119 170
f 121 120 171
f 173 121 172
f 174 122 173
f 124 123 174
f 125 124 175
f 126 125 176
f 178 126 177
f 179 127 178
f 180 128 179
f 130 129 180
f 131 130 181
f 183 131 182
f 133 132 183
f 185 133 184
f 186 134 185
f 136 135 186
f 188 136 187
f 138 137 188
f 190 138 189
f 191 139 190
f 141 140 191
f 193 141 192
f 194 142 193
f 144 143 194
f 145 144 195
f 197 145 196
f 198 146 197
f 199 147 198
f 149 148 199
f 150 149 200
f 151 150 201
f 152 151 202
f 204 152 203
f 205 153 204
f 206 154 205
f 207 155 206
f 158 157 208
f 210 158 209
f 211 159 210
f 161 160 211
f 162 161 212
f 163 162 213
f 164 163 214
f 165 164 215
f 217 165 216
f 218 166 217
f 219 167 218
f 220 168 219
f 221 169 220
f 222 170 221
f 223 171 222
f 173 172 223
f 174 173 224
f 226 174 225
f 227 175 226
f 177 176 227
f 178 177 228
f 230 178 229
f 180 179 230
f 232 180 231
f 233 181 232
f 234 182 233
f 184 183 234
f 236 184 235
f 186 185 236
f 238 186 237
f 239 187 238
f 189 188 239
f 190 189 240
f 242 190 241
f 192 191 242
f 244 192 243
f 245 193 244
f 195 194 245
f 247 195 246
f 197 196 247
f 249 197 248
f 199 198 249
f 251 199 250
f 252 200 251
f 253 201 252
f 254 202 253
f 255 203 254
f 205 204 255
f 206 205 256
f 207 206 257
f 260 208 259
f 261 209 260
f 262 210 261
f 263 211 262
f 213 212 263
f 214 213 264
f 215 214 265
f 267 215 266
f 268 216 267
f 218 217 268
f 219 218 269
f 220 219 270
f 221 220 271
f 273 221 272
f 274 222 273
f 275 223 274
f 276 224 275
f 226 225 276
f 278 226 277
f 279 227 278
f 280 228 279
f 281 229 280
f 231 230 281
f 232 231 282
f 233 232 283
f 285 233 284
f 235 234 285
f 287 235 286
f 237 236 287
f 238 237 288
f 239 238 289
f 240 239 290
f 292 240 291
f 293 241 292
f 294 242 293
f 295 243 294
f 245 244 295
f 297 245 296
f 298 246 297
f 248 247 298
f 300 248 299
f 250 249 300
f 302 250 301
f 252 251 302
f 304 252 303
f 305 253 304
f 306 254 305
f 256 255 306
f 308 256 307
f 309 257 308
f 311 259 310
f 312 260 311
f 262 261 312
f 263 262 313
f 264 263 314
f 316 264 315
f 317 265 316
f 318 266 317
f 268 267 318
f 320 268 319
f 321 269 320
f 322 270 321
f 272 271 322
f 273 272 323
f 325 273 324
f 326 274 325
f 276 275 326
f 277 276 327
f 278 277 328
f 279 278 329
f 331 279 330
f 332 280 331
f 333 281 332
f 283 282 333
f 284 283 334
f 336 284 335
f 337 285 336
f 338 286 337
f 339 287 338
f 289 288 339
f 341 289 340
f 342 290 341
f 343 291 342
f 344 292 343
f 345 293 344
f 295 294 345
f 347 295 346
f 297 296 347
f 298 297 348
f 299 298 349
f 351 299 350
f 301 300 351
f 353 301 352
f 354 302 353
f 355 303 354
f 356 304 355
f 357 305 356
f 358 306 357
f 359 307 358
f 360 308 359
f 495 6 7
f 488 10 11
f 486 12 13
f 487 11 12
f 489 9 10
f 483 15 16
f 480 17 18
f 479 18 19
f 482 16 17
f 477 20 21
f 475 21 22
f 473 23 24
f 471 24 25
f 485 13 14
f 415 55 4
f 468 26 27
f 29 2 466
f 465 29 30
f 460 33 34
f 463 31 32
f 456 36 37
f 452 39 40
f 454 37 38
f 458 34 35
f 449 41 42
f 448 42 43
f 446 44 45
f 444 46 47
f 445 45 46
f 442 48 49
f 436 51 52
f 443 47 48
f 451 40 41
f 430 54 105
f 417 157 106
f 157 418 419
f 310 421 422
f 312 363 364
f 313 365 366
f 313 364 365
f 311 362 363
f 315 367 368
f 317 369 370
f 317 368 369
f 320 371 372
f 321 373 374
f 320 372 373
f 319 370 371
f 323 375 376
f 326 377 378
f 325 376 377
f 327 379 380
f 330 381 382
f 329 380 381
f 326 378 379
f 322 374 375
f 314 366 367
f 422 362 310
f 332 383 384
f 332 384 385
f 335 386 387
f 334 385 386
f 331 382 383
f 336 388 389
f 338 390 391
f 338 389 390
f 341 392 393
f 343 394 395
f 341 393 394
f 340 391 392
f 345 396 397
f 346 398 399
f 346 397 398
f 348 400 401
f 350 402 403
f 349 401 402
f 347 399 400
f 343 395 396
f 156 428 429
f 207 426 427
f 207 427 428
f 353 404 405
f 355 406 407
f 354 405 406
f 360 423 424
f 355 407 408
f 352 403 404
f 358 409 410
f 359 410 411
f 412 413 423
f 360 411 412
f 408 357 356
f 388 336 335
f 505 571 572
f 509 569 570
f 513 566 567
f 517 564 565
f 521 561 562
f 560 524 525
f 528 557 558
f 532 554 555
f 536 552 553
f 540 549 550
f 544 547 548
f 548 542 543
f 629 663 664
f 628 664 662
f 661 622 623
f 665 617 618
f 663 629 630
f 663 618 619
f 662 620 621
f 631 666 665
f 632 667 666
f 667 577 633
f 634 669 668
f 636 670 671
f 667 614 615
f 637 672 670
f 635 671 669
f 638 673 672
f 675 640 579
f 665 616 617
f 668 613 614
f 612 668 669
f 671 610 611
f 670 609 610
f 673 606 607
f 670 608 609
f 674 605 606
f 604 674 675
f 644 678 679
f 647 680 681
f 646 681 678
f 643 679 677
f 676 602 603
f 675 579 641
f 676 601 602
f 678 598 599
f 681 596 597
f 678 597 598
f 677 600 601
f 683 649 580
f 650 684 683
f 651 685 684
f 652 686 685
f 655 687 688
f 653 688 686
f 657 689 690
f 682 594 595
f 683 592 593
f 682 593 594
f 685 590 591
f 589 685 686
f 686 588 589
f 687 585 586
f 687 586 587
f 690 584 585
f 698 797 798
f 699 795 796
f 701 791 792
f 702 789 790
f 704 785 786
f 706 781 782
f 705 783 784
f 703 787 788
f 708 777 778
f 709 775 776
f 711 771 772
f 713 767 768
f 712 769 770
f 710 773 774
f 707 779 780
f 714 694 766
f 715 763 764
f 716 761 762
f 717 759 760
f 718 757 758
f 720 753 754
f 721 751 752
f 723 747 748
f 725 743 744
f 724 745 746
f 722 749 750
f 727 739 740
f 728 737 738
f 730 733 734
f 729 735 736
f 726 741 742
f 719 755 756
f 873 872 807
f 871 870 811
f 872 871 809
f 874 873 805
f 817 881 819
f 815 882 817
f 880 879 823
f 879 878 825
f 819 880 821
f 875 831 876
f 876 829 877
f 892 891 837
f 843 888 845
f 887 886 849
f 888 887 847
f 841 889 843
f 857 896 859
f 859 895 861
f 855 897 857
f 886 885 851
f 835 833 875
f 894 861 895
f 905 970 971
f 909 968 969
f 913 965 966
f 917 963 964
f 921 960 961
f 925 958 959
f 928 956 957
f 932 953 954
f 936 951 952
f 940 948 949
f 944 946 947
f 947 942 943
f 1155 1187 1188
f 1154 1188 1186
f 1185 1148 1149
f 1189 1143 1144
f 1187 1155 1156
f 1187 1144 1145
f 1186 1146 1147
f 1157 1190 1189
f 1158 1191 1190
f 1191 1101 1159
f 1160 1193 1192
f 1162 1194 1195
f 1191 1140 1141
f 1163 1196 1194
f 1161 1195 1193
f 1164 1197 1196
f 1199 1166 1103
f 1189 1142 1143
f 1192 1139 1140
f 1138 1192 1193
f 1195 1136 1137
f 1194 1135 1136
f 1197 1132 1133
f 1194 1134 1135
f 1198 1131 1132
f 1130 1198 1199
f 1170 1202 1203
f 1173 1204 1205
f 1172 1205 1202
f 1169 1203 1201
f 1200 1128 1129
f 1199 1103 1167
f 1200 1127 1128
f 1202 1124 1125
f 1205 1122 1123
f 1202 1123 1124
f 1201 1126 1127
f 1207 1175 1104
f 1176 1208 1207
f 1177 1209 1208
f 1178 1210 1209
f 1181 1211 1212
f 1179 1212 1210
f 1183 1213 1214
f 1206 1120 1121
f 1207 1118 1119
f 1206 1119 1120
f 1209 1116 1117
f 1115 1209 1210
f 1210 1114 1115
f 1211 1111 1112
f 1211 1112 1113
f 1214 1110 1111
f 1292 1287 1288
f 1293 1285 1286
f 1295 1281 1282
f 1296 1279 1280
f 1298 1275 1276
f 1301 1271 1272
f 1299 1273 1274
f 1297 1277 1278
f 1303 1267 1268
f 1304 1265 1266
f 1306 1261 1262
f 1308 1257 1258
f 1307 1259 1260
f 1305 1263 1264
f 1302 1269 1270
f 1217 1218 1256
f 1309 1253 1254
f 1310 1251 1252
f 1311 1249 1250
f 1312 1247 1248
f 1314 1243 1244
f 1315 1241 1242
f 1317 1237 1238
f 1319 1233 1234
f 1318 1235 1236
f 1316 1239 1240
f 1321 1229 1230
f 1322 1227 1228
f 1324 1223 1224
f 1323 1225 1226
f 1320 1231 1232
f 1313 1245 1246
f 1459 1407 1458
f 1409 1408 1459
f 1410 1409 1460
f 1411 1410 1461
f 1463 1411 1462
f 1464 1412 1463
f 1414 1413 1464
f 1415 1414 1465
f 1416 1415 1466
f 1417 1416 1467
f 1418 1417 1468
f 1470 1418 1469
f 1471 1419 1470
f 1421 1420 1471
f 1422 1421 1472
f 1423 1422 1473
f 1475 1423 1474
f 1476 1424 1475
f 1426 1425 1476
f 1478 1426 1477
f 1479 1427 1478
f 1480 1428 1479
f 1481 1429 1480
f 1482 1430 1481
f 1483 1431 1482
f 1484 1432 1483
f 1434 1433 1484
f 1486 1434 1485
f 1436 1435 1486
f 1488 1436 1487
f 1438 1437 1488
f 1439 1438 1489
f 1491 1439 1490
f 1492 1440 1491
f 1493 1441 1492
f 1494 1442 1493
f 1444 1443 1494
f 1445 1444 1495
f 1446 1445 1496
f 1447 1446 1497
f 1448 1447 1498
f 1449 1448 1499
f 1450 1449 1500
f 1451 1450 1501
f 1452 1451 1502
f 1453 1452 1503
f 1454 1453 1504
f 1455 1454 1505
f 1456 1455 1506
f 1457 1456 1507
f 1510 1458 1509
f 1460 1459 1510
f 1461 1460 1511
f 1513 1461 1512
f 1463 1462 1513
f 1464 1463 1514
f 1516 1464 1515
f 1517 1465 1516
f 1467 1466 1517
f 1468 1467 1518
f 1520 1468 1519
f 1470 1469 1520
f 1522 1470 1521
f 1523 1471 1522
f 1524 1472 1523
f 1525 1473 1524
f 1475 1474 1525
f 1476 1475 1526
f 1528 1476 1527
f 1529 1477 1528
f 1530 1478 1529
f 1480 1479 1530
f 1532 1480 1531
f 1482 1481 1532
f 1483 1482 1533
f 1535 1483 1534
f 1485 1484 1535
f 1486 1485 1536
f 1487 1486 1537
f 1539 1487 1538
f 1540 1488 1539
f 1541 1489 1540
f 1542 1490 1541
f 1492 1491 1542
f 1493 1492 1543
f 1494 1493 1544
f 1546 1494 1545
f 1547 1495 1546
f 1548 1496 1547
f 1498 1497 1548
f 1499 1498 1549
f 1500 1499 1550
f 1552 1500 1551
f 1553 1501 1552
f 1503 1502 1553
f 1555 1503 1554
f 1556 1504 1555
f 1557 1505 1556
f 1558 1506 1557
f 1559 1507 1558
f 1510 1509 1561
f 1563 1510 1562
f 1564 1511 1563
f 1565 1512 1564
f 1514 1513 1565
f 1515 1514 1566
f 1516 1515 1567
f 1517 1516 1568
f 1518 1517 1569
f 1571 1518 1570
f 1520 1519 1571
f 1573 1520 1572
f 1574 1521 1573
f 1523 1522 1574
f 1524 1523 1575
f 1577 1524 1576
f 1578 1525 1577
f 1579 1526 1578
f 1528 1527 1579
f 1581 1528 1580
f 1582 1529 1581
f 1531 1530 1582
f 1532 1531 1583
f 1533 1532 1584
f 1534 1533 1585
f 1535 1534 1586
f 1536 1535 1587
f 1537 1536 1588
f 1538 1537 1589
f 1591 1538 1590
f 1540 1539 1591
f 1593 1540 1592
f 1594 1541 1593
f 1543 1542 1594
f 1596 1543 1595
f 1545 1544 1596
f 1598 1545 1597
f 1599 1546 1598
f 1600 1547 1599
f 1601 1548 1600
f 1602 1549 1601
f 1603 1550 1602
f 1604 1551 1603
f 1605 1552 1604
f 1606 1553 1605
f 1607 1554 1606
f 1556 1555 1607
f 1557 1556 1608
f 1558 1557 1609
f 1559 1558 1610
f 1613 1561 1612
f 1614 1562 1613
f 1564 1563 1614
f 1616 1564 1615
f 1617 1565 1616
f 1567 1566 1617
f 1568 1567 1618
f 1569 1568 1619
f 1621 1569 1620
f 1622 1570 1621
f 1572 1571 1622
f 1573 1572 1623
f 1574 1573 1624
f 1626 1574 1625
f 1576 1575 1626
f 1628 1576 1627
f 1578 1577 1628
f 1579 1578 1629
f 1580 1579 1630
f 1632 1580 1631
f 1633 1581 1632
f 1634 1582 1633
f 1635 1583 1634
f 1636 1584 1635
f 1637 1585 1636
f 1638 1586 1637
f 1639 1587 1638
f 1640 1588 1639
f 1590 1589 1640
f 1642 1590 1641
f 1592 1591 1642
f 1644 1592 1643
f 1594 1593 1644
f 1646 1594 1645
f 1647 1595 1646
f 1597 1596 1647
f 1649 1597 1648
f 1599 1598 1649
f 1600 1599 1650
f 1652 1600 1651
f 1653 1601 1652
f 1654 1602 1653
f 1655 1603 1654
f 1605 1604 1655
f 1657 1605 1656
f 1658 1606 1657
f 1608 1607 1658
f 1609 1608 1659
f 1661 1609 1660
f 1662 1610 1661
f 1613 1612 1663
f 1614 1613 1664
f 1615 1614 1665
f 1616 1615 1666
f 1617 1616 1667
f 1669 1617 1668
f 1670 1618 1669
f 1671 1619 1670
f 1672 1620 1671
f 1622 1621 1672
f 1623 1622 1673
f 1624 1623 1674
f 1625 1624 1675
f 1677 1625 1676
f 1627 1626 1677
f 1628 1627 1678
f 1629 1628 1679
f 1630 1629 1680
f 1631 1630 1681
f 1632 1631 1682
f 1684 1632 1683
f 1634 1633 1684
f 1635 1634 1685
f 1636 1635 1686
f 1637 1636 1687
f 1689 1637 1688
f 1639 1638 1689
f 1691 1639 1690
f 1641 1640 1691
f 1693 1641 1692
f 1694 1642 1693
f 1644 1643 1694
f 1696 1644 1695
f 1697 1645 1696
f 1647 1646 1697
f 1699 1647 1698
f 1700 1648 1699
f 1701 1649 1700
f 1651 1650 1701
f 1703 1651 1702
f 1653 1652 1703
f 1654 1653 1704
f 1655 1654 1705
f 1707 1655 1706
f 1708 1656 1707
f 1658 1657 1708
f 1659 1658 1709
f 1711 1659 1710
f 1661 1660 1711
f 1662 1661 1712
f 1715 1663 1714
f 1716 1664 1715
f 1717 1665 1716
f 1718 1666 1717
f 1719 1667 1718
f 1669 1668 1719
f 1670 1669 1720
f 1722 1670 1721
f 1672 1671 1722
f 1724 1672 1723
f 1725 1673 1724
f 1726 1674 1725
f 1727 1675 1726
f 1677 1676 1727
f 1678 1677 1728
f 1679 1678 1729
f 1680 1679 1730
f 1732 1680 1731
f 1733 1681 1732
f 1683 1682 1733
f 1735 1683 1734
f 1685 1684 1735
f 1737 1685 1736
f 1738 1686 1737
f 1688 1687 1738
f 1740 1688 1739
f 1690 1689 1740
f 1742 1690 1741
f 1692 1691 1742
f 1744 1692 1743
f 1745 1693 1744
f 1695 1694 1745
f 1696 1695 1746
f 1748 1696 1747
f 1698 1697 1748
f 1750 1698 1749
f 1700 1699 1750
f 1752 1700 1751
f 1753 1701 1752
f 1754 1702 1753
f 1755 1703 1754
f 1705 1704 1755
f 1706 1705 1756
f 1707 1706 1757
f 1759 1707 1758
f 1709 1708 1759
f 1710 1709 1760
f 1762 1710 1761
f 1763 1711 1762
f 1764 1712 1763
f 1899 1409 1410
f 1892 1413 1414
f 1890 1415 1416
f 1891 1414 1415
f 1893 1412 1413
f 1887 1418 1419
f 1884 1420 1421
f 1883 1421 1422
f 1886 1419 1420
f 1881 1423 1424
f 1879 1424 1425
f 1877 1426 1427
f 1875 1427 1428
f 1889 1416 1417
f 1828 1458 1407
f 1872 1429 1430
f 1432 1869 1870
f 1868 1432 1433
f 1863 1436 1437
f 1866 1434 1435
f 1859 1439 1440
f 1855 1442 1443
f 1857 1440 1441
f 1861 1437 1438
f 1852 1444 1445
f 1851 1445 1446
f 1849 1447 1448
f 1847 1449 1450
f 1848 1448 1449
f 1845 1451 1452
f 1839 1454 1455
f 1846 1450 1451
f 1854 1443 1444
f 1825 1457 1508
f 1830 1561 1509
f 1561 1560 1831
f 1714 1833 1834
f 1715 1767 1768
f 1718 1769 1770
f 1717 1768 1769
f 1714 1766 1767
f 1719 1771 1772
f 1722 1773 1774
f 1721 1772 1773
f 1724 1775 1776
f 1726 1777 1778
f 1724 1776 1777
f 1723 1774 1775
f 1727 1779 1780
f 1729 1781 1782
f 1729 1780 1781
f 1732 1783 1784
f 1733 1785 1786
f 1733 1784 1785
f 1731 1782 1783
f 1727 1778 1779
f 1719 1770 1771
f 1834 1766 1714
f 1735 1787 1788
f 1737 1788 1789
f 1738 1790 1791
f 1738 1789 1790
f 1735 1786 1787
f 1740 1792 1793
f 1743 1794 1795
f 1742 1793 1794
f 1744 1796 1797
f 1746 1798 1799
f 1746 1797 1798
f 1743 1795 1796
f 1749 1800 1801
f 1751 1802 1803
f 1749 1801 1802
f 1753 1804 1805
f 1755 1806 1807
f 1753 1805 1806
f 1752 1803 1804
f 1747 1799 1800
f 1559 1823 1824
f 1611 1821 1822
f 1611 1822 1823
f 1756 1808 1809
f 1758 1810 1811
f 1757 1809 1810
f 1764 1818 1819
f 1760 1811 1812
f 1756 1807 1808
f 1762 1813 1814
f 1763 1814 1815
f 1816 1817 1818
f 1764 1815 1816
f 1812 1761 1760
f 1792 1740 1739
f 2184 2183 2118
f 2182 2181 2122
f 2183 2182 2120
f 2185 2184 2116
f 2128 2192 2130
f 2126 2193 2128
f 2191 2190 2134
f 2190 2189 2136
f 2130 2191 2132
f 2186 2142 2187
f 2187 2140 2188
f 2203 2202 2148
f 2154 2199 2156
f 2198 2197 2160
f 2199 2198 2158
f 2152 2200 2154
f 2168 2207 2170
f 2170 2206 2172
f 2166 2208 2168
f 2197 2196 2162
f 2146 2144 2186
f 2205 2172 2206
f 2264 2213 2212
f 2265 2214 2264
f 2266 2215 2265
f 2267 2216 2215
f 2268 2217 2216
f 2269 2218 2217
f 2270 2219 2218
f 2271 2220 2219
f 2272 2221 2271
f 2273 2222 2221
f 2274 2223 2222
f 2275 2224 2274
f 2276 2225 2275
f 2277 2226 2276
f 2278 2227 2226
f 2279 2228 2227
f 2280 2229 2279
f 2281 2230 2280
f 2282 2231 2281
f 2283 2232 2282
f 2284 2233 2283
f 2285 2234 2284
f 2286 2235 2285
f 2287 2236 2286
f 2288 2237 2287
f 2289 2238 2288
f 2290 2239 2238
f 2291 2240 2290
f 2292 2241 2240
f 2293 2242 2241
f 2294 2243 2242
f 2295 2244 2243
f 2296 2245 2295
f 2297 2246 2296
f 2298 2247 2246
f 2299 2248 2247
f 2300 2249 2299
f 2301 2250 2249
f 2302 2251 2250
f 2303 2252 2302
f 2304 2253 2303
f 2305 2254 2304
f 2306 2255 2305
f 2307 2256 2306
f 2308 2257 2256
f 2309 2258 2257
f 2310 2259 2258
f 2311 2260 2259
f 2312 2261 2260
f 2313 2262 2261
f 2315 2264 2263
f 2316 2265 2264
f 2317 2266 2265
f 2318 2267 2317
f 2319 2268 2267
f 2320 2269 2319
f 2321 2270 2320
f 2322 2271 2270
f 2323 2272 2271
f 2324 2273 2323
f 2325 2274 2324
f 2326 2275 2325
f 2327 2276 2275
f 2328 2277 2276
f 2329 2278 2277
f 2330 2279 2329
f 2331 2280 2279
f 2332 2281 2280
f 2333 2282 2281
f 2334 2283 2282
f 2335 2284 2334
f 2336 2285 2284
f 2337 2286 2285
f 2338 2287 2337
f 2339 2288 2287
f 2340 2289 2288
f 2341 2290 2340
f 2342 2291 2341
f 2343 2292 2291
f 2344 2293 2343
f 2345 2294 2344
f 2346 2295 2345
f 2347 2296 2346
f 2348 2297 2296
f 2349 2298 2348
f 2350 2299 2349
f 2351 2300 2299
f 2352 2301 2300
f 2353 2302 2352
f 2354 2303 2353
f 2355 2304 2354
f 2356 2305 2304
f 2357 2306 2305
f 2358 2307 2306
f 2359 2308 2307
f 2360 2309 2359
f 2361 2310 2360
f 2362 2311 2361
f 2363 2312 2362
f 2364 2313 2363
f 2367 2315 2366
f 2368 2316 2367
f 2369 2317 2368
f 2370 2318 2317
f 2371 2319 2318
f 2372 2320 2319
f 2373 2321 2320
f 2374 2322 2373
f 2375 2323 2374
f 2376 2324 2323
f 2377 2325 2324
f 2378 2326 2377
f 2379 2327 2378
f 2380 2328 2327
f 2381 2329 2380
f 2382 2330 2329
f 2383 2331 2330
f 2384 2332 2383
f 2385 2333 2384
f 2386 2334 2385
f 2387 2335 2334
f 2388 2336 2335
f 2389 2337 2336
f 2390 2338 2389
f 2391 2339 2390
f 2392 2340 2339
f 2393 2341 2392
f 2394 2342 2341
f 2395 2343 2342
f 2396 2344 2395
f 2397 2345 2344
f 2398 2346 2397
f 2399 2347 2346
f 2400 2348 2347
f 2401 2349 2400
f 2402 2350 2349
f 2403 2351 2350
f 2404 2352 2403
f 2405 2353 2404
f 2406 2354 2353
f 2407 2355 2354
f 2408 2356 2355
f 2409 2357 2408
f 2410 2358 2409
f 2411 2359 2410
f 2412 2360 2411
f 2413 2361 2360
f 2414 2362 2361
f 2415 2363 2362
f 2416 2364 2363
f 2419 2367 2418
f 2420 2368 2367
f 2421 2369 2368
f 2422 2370 2421
f 2423 2371 2422
f 2424 2372 2423
f 2425 2373 2424
f 2426 2374 2425
f 2427 2375 2374
f 2428 2376 2375
f 2429 2377 2376
f 2430 2378 2377
f 2431 2379 2378
f 2432 2380 2379
f 2433 2381 2380
f 2434 2382 2433
f 2435 2383 2434
f 2436 2384 2383
f 2437 2385 2384
f 2438 2386 2437
f 2439 2387 2438
f 2440 2388 2387
f 2441 2389 2440
f 2442 2390 2389
f 2443 2391 2390
f 2444 2392 2391
f 2445 2393 2444
f 2446 2394 2393
f 2447 2395 2446
f 2448 2396 2395
f 2449 2397 2396
f 2450 2398 2397
f 2451 2399 2450
f 2452 2400 2399
f 2453 2401 2452
f 2454 2402 2401
f 2455 2403 2402
f 2456 2404 2455
f 2457 2405 2404
f 2458 2406 2457
f 2459 2407 2406
f 2460 2408 2459
f 2461 2409 2408
f 2462 2410 2409
f 2463 2411 2410
f 2464 2412 2411
f 2465 2413 2412
f 2466 2414 2465
f 2467 2415 2466
f 2468 2416 2467
f 2470 2419 2418
f 2471 2420 2419
f 2472 2421 2420
f 2473 2422 2421
f 2474 2423 2473
f 2475 2424 2474
f 2476 2425 2475
f 2477 2426 2425
f 2478 2427 2426
f 2479 2428 2478
f 2480 2429 2479
f 2481 2430 2480
f 2482 2431 2481
f 2483 2432 2431
f 2484 2433 2432
f 2485 2434 2433
f 2486 2435 2434
f 2487 2436 2486
f 2488 2437 2436
f 2489 2438 2437
f 2490 2439 2438
f 2491 2440 2439
f 2492 2441 2491
f 2493 2442 2492
f 2494 2443 2493
f 2495 2444 2443
f 2496 2445 2495
f 2497 2446 2445
f 2498 2447 2497
f 2499 2448 2498
f 2500 2449 2499
f 2501 2450 2500
f 2502 2451 2501
f 2503 2452 2451
f 2504 2453 2452
f 2505 2454 2453
f 2506 2455 2505
f 2507 2456 2455
f 2508 2457 2456
f 2509 2458 2508
f 2510 2459 2458
f 2511 2460 2510
f 2512 2461 2460
f 2513 2462 2512
f 2514 2463 2462
f 2515 2464 2463
f 2516 2465 2464
f 2517 2466 2516
f 2518 2467 2466
f 2519 2468 2467
f 2521 2470 2469
f 2522 2471 2470
f 2523 2472 2522
f 2524 2473 2523
f 2525 2474 2524
f 2526 2475 2474
f 2527 2476 2475
f 2528 2477 2476
f 2529 2478 2528
f 2530 2479 2478
f 2531 2480 2479
f 2532 2481 2480
f 2533 2482 2532
f 2534 2483 2533
f 2535 2484 2483
f 2536 2485 2484
f 2537 2486 2536
f 2538 2487 2537
f 2539 2488 2538
f 2540 2489 2539
f 2541 2490 2489
f 2542 2491 2490
f 2543 2492 2491
f 2544 2493 2543
f 2545 2494 2544
f 2546 2495 2494
f 2547 2496 2495
f 2548 2497 2496
f 2549 2498 2497
f 2550 2499 2549
f 2551 2500 2499
f 2552 2501 2500
f 2553 2502 2501
f 2554 2503 2502
f 2555 2504 2503
f 2556 2505 2555
f 2557 2506 2505
f 2558 2507 2557
f 2559 2508 2558
f 2560 2509 2559
f 2561 2510 2509
f 2562 2511 2561
f 2563 2512 2511
f 2564 2513 2512
f 2565 2514 2513
f 2566 2515 2514
f 2567 2516 2515
f 2568 2517 2516
f 2569 2518 2517
f 2570 2519 2518
f 2624 2707 2209
f 2212 2706 2707
f 2213 2704 2705
f 2702 2703 2215
f 2703 2704 2214
f 2705 2706 2213
f 2216 2700 2701
f 2217 2698 2699
f 2699 2700 2216
f 2696 2697 2218
f 2694 2695 2220
f 2695 2696 2219
f 2697 2698 2217
f 2701 2702 2215
f 2222 2692 2693
f 2690 2691 2224
f 2691 2692 2223
f 2688 2689 2225
f 2227 2686 2687
f 2687 2688 2226
f 2689 2690 2225
f 2684 2685 2229
f 2230 2682 2683
f 2683 2684 2229
f 2680 2681 2232
f 2233 2678 2679
f 2679 2680 2232
f 2681 2682 2231
f 2685 2686 2228
f 2693 2694 2221
f 2706 2212 2213
f 2624 2625 2212
f 2213 2214 2704
f 2215 2216 2701
f 2699 2216 2217
f 2626 2263 2625
f 2692 2222 2223
f 2227 2228 2686
f 2676 2677 2234
f 2675 2236 2674
f 2235 2675 2676
f 2230 2231 2682
f 2678 2234 2677
f 2675 2235 2236
f 2233 2234 2678
f 2236 2237 2674
f 2624 2212 2707
f 2673 2210 2237
f 2239 2671 2672
f 2672 2673 2238
f 2240 2669 2670
f 2667 2668 2242
f 2668 2669 2241
f 2670 2671 2240
f 2243 2665 2666
f 2663 2664 2245
f 2664 2665 2244
f 2246 2661 2662
f 2659 2660 2248
f 2660 2661 2247
f 2662 2663 2245
f 2666 2667 2242
f 2657 2658 2249
f 2251 2655 2656
f 2656 2657 2250
f 2653 2654 2253
f 2651 2652 2255
f 2652 2653 2254
f 2654 2655 2252
f 2649 2650 2257
f 2258 2647 2648
f 2648 2649 2257
f 2259 2645 2646
f 2260 2643 2644
f 2644 2645 2259
f 2646 2647 2258
f 2650 2651 2256
f 2658 2659 2249
f 2238 2239 2672
f 2240 2241 2669
f 2243 2244 2665
f 2246 2247 2661
f 2251 2252 2655
f 2642 2261 2641
f 2262 2639 2640
f 2640 2639 2211
f 2641 2262 2640
f 2257 2258 2648
f 2258 2259 2646
f 2643 2261 2642
f 2638 2639 2262
f 2641 2261 2262
f 2260 2261 2643
f 2314 2626 2627
f 2627 2365 2366
f 2418 2366 2628
f 2629 2418 2628
f 2630 2469 2629
f 2520 2469 2630
f 2522 2521 2573
f 2524 2523 2576
f 2523 2522 2574
f 2521 2520 2572
f 2629 2469 2418
f 2526 2525 2578
f 2528 2527 2580
f 2527 2526 2578
f 2530 2529 2581
f 2532 2531 2584
f 2531 2530 2583
f 2529 2528 2580
f 2534 2533 2586
f 2536 2535 2587
f 2535 2534 2586
f 2538 2537 2590
f 2540 2539 2591
f 2539 2538 2590
f 2537 2536 2589
f 2533 2532 2585
f 2525 2524 2577
f 2631 2571 2572
f 2542 2541 2593
f 2543 2542 2595
f 2545 2544 2596
f 2544 2543 2595
f 2541 2540 2592
f 2547 2546 2599
f 2549 2548 2601
f 2548 2547 2599
f 2551 2550 2602
f 2553 2552 2604
f 2552 2551 2604
f 2550 2549 2601
f 2555 2554 2606
f 2557 2556 2609
f 2556 2555 2607
f 2559 2558 2611
f 2561 2560 2613
f 2560 2559 2612
f 2558 2557 2609
f 2554 2553 2606
f 2313 2364 2637
f 2416 2468 2635
f 2364 2416 2636
f 2635 2468 2634
f 2638 2313 2637
f 2563 2562 2614
f 2565 2564 2616
f 2564 2563 2615
f 2633 2634 2519
f 2634 2468 2519
f 2519 2570 2633
f 2566 2565 2618
f 2562 2561 2613
f 2568 2567 2619
f 2569 2568 2620
f 2570 2622 2632
f 2570 2569 2621
f 2618 2619 2567
f 2597 2598 2545
f 2626 2314 2263
f 2781 2708 2712
f 2713 2714 2779
f 2780 2712 2713
f 2778 2715 2716
f 2777 2717 2718
f 2776 2718 2719
f 2716 2717 2778
f 2779 2714 2715
f 2775 2720 2721
f 2774 2722 2723
f 2721 2722 2774
f 2724 2725 2773
f 2771 2726 2727
f 2771 2727 2728
f 2772 2725 2726
f 2773 2723 2724
f 2776 2719 2720
f 2780 2709 2781
f 2712 2780 2781
f 2778 2779 2715
f 2720 2775 2776
f 2776 2777 2718
f 2723 2773 2774
f 2729 2730 2769
f 2731 2769 2730
f 2732 2768 2731
f 2771 2772 2726
f 2731 2768 2769
f 2771 2728 2770
f 2767 2768 2733
f 2770 2728 2729
f 2767 2733 2734
f 2735 2736 2766
f 2766 2734 2735
f 2764 2737 2738
f 2763 2739 2740
f 2740 2741 2762
f 2764 2738 2739
f 2765 2736 2737
f 2761 2742 2743
f 2760 2744 2745
f 2743 2744 2761
f 2759 2746 2747
f 2748 2749 2757
f 2757 2749 2750
f 2758 2747 2748
f 2759 2745 2746
f 2762 2741 2742
f 2766 2767 2734
f 2764 2765 2737
f 2759 2760 2745
f 2762 2742 2761
f 2764 2739 2763
f 2751 2752 2756
f 2754 2753 2710
f 2755 2752 2753
f 2753 2754 2755
f 2754 2711 2755
f 2756 2757 2750
f 2747 2758 2759
f 2868 2782 2832
f 2832 2833 2830
f 2833 2834 2829
f 2831 2868 2832
f 2835 2836 2827
f 2834 2835 2828
f 2836 2837 2826
f 2837 2838 2825
f 2838 2839 2824
f 2839 2840 2823
f 2784 2841 2821
f 2841 2842 2820
f 2840 2784 2822
f 2843 2844 2817
f 2844 2785 2816
f 2845 2846 2814
f 2846 2847 2813
f 2785 2845 2815
f 2842 2843 2819
f 2847 2848 2812
f 2868 2831 2783
f 2824 2825 2838
f 2848 2811 2812
f 2811 2848 2786
f 2786 2849 2810
f 2850 2851 2808
f 2851 2852 2807
f 2849 2850 2809
f 2853 2854 2805
f 2854 2855 2804
f 2856 2857 2801
f 2857 2787 2800
f 2855 2856 2802
f 2852 2853 2806
f 2858 2859 2798
f 2860 2861 2796
f 2861 2862 2795
f 2859 2860 2797
f 2863 2864 2793
f 2864 2865 2792
f 2867 2866 2788
f 2865 2866 2791
f 2862 2863 2794
f 2787 2858 2799
f 2867 2790 2866
f 2860 2796 2797
f 2867 2789 2790
f 2811 2786 2810
f 2977 2978 2869
f 2869 2875 2977
f 2875 2876 2975
f 2876 2877 2973
f 2877 2971 2972
f 2978 2977 2870
f 2875 2976 2977
f 2876 2974 2975
f 2877 2972 2973
f 2878 2971 2877
f 2878 2879 2969
f 2879 2880 2967
f 2881 2882 2963
f 2871 2883 2960
f 2882 2871 2961
f 2880 2881 2965
f 2884 2885 2956
f 2885 2886 2954
f 2887 2888 2950
f 2889 2890 2946
f 2888 2889 2948
f 2886 2887 2952
f 2883 2884 2958
f 2890 2891 2944
f 2878 2970 2971
f 2966 2967 2880
f 2968 2969 2879
f 2882 2962 2963
f 2871 2960 2961
f 2883 2958 2959
f 2964 2965 2881
f 2884 2956 2957
f 2952 2953 2886
f 2954 2955 2885
f 2888 2948 2949
f 2889 2946 2947
f 2890 2944 2945
f 2950 2951 2887
f 2943 2872 2891
f 2892 2943 2891
f 2892 2893 2941
f 2893 2894 2939
f 2894 2895 2937
f 2895 2936 2937
f 2892 2942 2943
f 2938 2939 2894
f 2940 2941 2893
f 2895 2896 2935
f 2897 2898 2931
f 2898 2899 2929
f 2900 2901 2926
f 2902 2903 2922
f 2901 2902 2924
f 2899 2900 2927
f 2904 2905 2918
f 2905 2906 2916
f 2907 2908 2912
f 2910 2908 2873
f 2906 2907 2914
f 2903 2904 2920
f 2896 2897 2933
f 2909 2910 2873
f 2896 2934 2935
f 2897 2932 2933
f 2898 2930 2931
f 2899 2928 2929
f 2924 2925 2901
f 2926 2927 2900
f 2903 2920 2921
f 2904 2918 2919
f 2905 2916 2917
f 2906 2914 2915
f 2909 2874 2910
f 2910 2911 2908
f 2912 2913 2907
f 2922 2923 2902
f 2983 2980 2981
f 2985 2982 2983
f 2987 2984 2985
f 2989 2986 2987
f 2991 2988 2989
f 2993 2990 2991
f 2995 2992 2993
f 2997 2994 2995
f 2999 2996 2997
f 3001 2998 2999
f 3003 3000 3001
f 3005 3002 3003
f 3007 3004 3005
f 3009 3006 3007
f 3011 3008 3009
f 3013 3010 3011
f 3015 3012 3013
f 3017 3014 3015
f 3019 3016 3017
f 3021 3018 3019
f 3023 3020 3021
f 3025 3022 3023
f 3027 3024 3025
f 3029 3026 3027
f 3031 3028 3029
f 3033 3030 3031
f 3035 3032 3033
f 3037 3034 3035
f 3039 3036 3037
f 3041 3038 3039
f 3047 2981 2980
f 3046 2981 3047
f 2983 3051 2985
f 2987 3049 2989
f 2985 3050 2987
f 2981 3052 2983
f 3061 2993 2991
f 2995 3060 3059
f 2993 3061 3060
f 2999 3058 3001
f 3056 3005 3003
f 3055 3007 3005
f 3001 3057 3003
f 2997 3059 3058
f 3048 2991 2989
f 3052 3046 3045
f 2981 3046 3052
f 2991 3048 3061
f 3053 3011 3009
f 3055 3005 3056
f 3054 3009 3007
f 3013 3070 3015
f 3068 3019 3017
f 3069 3017 3015
f 3021 3067 3066
f 3025 3065 3027
f 3023 3066 3025
f 3019 3068 3067
f 3042 3041 3043
f 3062 3033 3031
f 3035 3075 3074
f 3037 3074 3073
f 3033 3062 3075
f 3063 3031 3029
f 3027 3064 3029
f 3070 3013 3053
f 3068 3017 3069
f 3062 3031 3063
f 3043 3041 3044
f 3044 3041 3072
f 3072 3041 3039
f 3044 3072 3071
f 3080 3076 3082
f 3083 3084 3148
f 3149 3082 3083
f 3147 3085 3086
f 3146 3087 3088
f 3145 3088 3089
f 3086 3087 3147
f 3148 3084 3085
f 3144 3090 3091
f 3143 3092 3093
f 3091 3092 3143
f 3094 3095 3142
f 3140 3096 3097
f 3140 3097 3098
f 3141 3095 3096
f 3142 3093 3094
f 3145 3089 3090
f 3149 3077 3080
f 3082 3149 3080
f 3147 3148 3085
f 3090 3144 3145
f 3145 3146 3088
f 3093 3142 3143
f 3099 3100 3138
f 3101 3138 3100
f 3102 3137 3101
f 3140 3141 3096
f 3101 3137 3138
f 3140 3098 3139
f 3136 3137 3103
f 3139 3098 3099
f 3136 3103 3104
f 3105 3106 3135
f 3135 3104 3105
f 3133 3107 3108
f 3132 3109 3110
f 3110 3111 3131
f 3133 3108 3109
f 3134 3106 3107
f 3130 3112 3113
f 3129 3114 3115
f 3113 3114 3130
f 3128 3116 3117
f 3118 3119 3126
f 3126 3119 3120
f 3127 3117 3118
f 3128 3115 3116
f 3131 3111 3112
f 3135 3136 3104
f 3133 3134 3107
f 3128 3129 3115
f 3131 3112 3130
f 3133 3109 3132
f 3121 3122 3125
f 3081 3123 3078
f 3124 3122 3123
f 3123 3081 3124
f 3081 3079 3124
f 3125 3126 3120
f 3117 3127 3128
f 3237 3245 3246
f 3236 3246 3247
f 3249 3250 3234
f 3248 3249 3235
f 3247 3248 3235
f 3250 3251 3233
f 3243 3239 3242
f 3242 3240 3241
f 3238 3243 3244
f 3243 3238 3239
f 3245 3237 3238
f 3239 3240 3242
f 3238 3244 3245
f 3150 3241 3240
f 3232 3251 3252
f 3254 3255 3230
f 3253 3254 3231
f 3229 3255 3256
f 3228 3257 3258
f 3257 3228 3229
f 3256 3257 3229
f 3255 3229 3230
f 3234 3235 3249
f 3236 3237 3246
f 3235 3236 3247
f 3254 3230 3231
f 3232 3233 3251
f 3253 3231 3232
f 3234 3250 3233
f 3232 3252 3253
f 3151 3212 3213
f 3212 3152 3211
f 3214 3150 3213
f 3213 3150 3151
f 3211 3152 3153
f 3212 3151 3152
f 3150 3214 3241
f 3210 3211 3153
f 3207 3208 3155
f 3209 3154 3208
f 3209 3210 3153
f 3156 3205 3206
f 3206 3207 3156
f 3157 3204 3205
f 3203 3204 3158
f 3209 3153 3154
f 3155 3156 3207
f 3157 3158 3204
f 3156 3157 3205
f 3203 3159 3202
f 3200 3160 3161
f 3201 3159 3160
f 3158 3159 3203
f 3160 3200 3201
f 3161 3199 3200
f 3201 3202 3159
f 3197 3162 3163
f 3162 3197 3198
f 3197 3163 3196
f 3199 3162 3198
f 3162 3199 3161
f 3154 3155 3208
f 3227 3228 3258
f 3226 3227 3259
f 3258 3259 3227
f 3260 3226 3259
f 3225 3226 3261
f 3225 3261 3262
f 3261 3226 3260
f 3263 3224 3262
f 3262 3224 3225
f 3223 3265 3222
f 3223 3224 3263
f 3221 3267 3220
f 3219 3270 3218
f 3269 3219 3220
f 3266 3221 3222
f 3263 3264 3223
f 3222 3265 3266
f 3267 3221 3266
f 3268 3220 3267
f 3219 3269 3270
f 3218 3270 3271
f 3269 3220 3268
f 3271 3217 3218
f 3273 3216 3217
f 3275 3177 3215
f 3215 3216 3274
f 3273 3274 3216
f 3274 3275 3215
f 3272 3273 3217
f 3272 3217 3271
f 3178 3177 3275
f 3264 3265 3223
f 3190 3191 3168
f 3192 3166 3167
f 3167 3168 3191
f 3172 3185 3171
f 3170 3188 3169
f 3187 3170 3171
f 3169 3189 3168
f 3195 3164 3165
f 3164 3195 3196
f 3195 3165 3194
f 3164 3196 3163
f 3193 3165 3166
f 3193 3194 3165
f 3193 3166 3192
f 3192 3167 3191
f 3184 3172 3173
f 3175 3181 3174
f 3183 3174 3182
f 3174 3181 3182
f 3180 3175 3176
f 3179 3180 3176
f 3180 3181 3175
f 3179 3176 3177
f 3179 3177 3178
f 3187 3188 3170
f 3188 3189 3169
f 3189 3190 3168
f 3185 3172 3184
f 3186 3171 3185
f 3171 3186 3187
f 3184 3173 3183
f 3174 3183 3173
f 3285 3276 3329
f 3329 3330 3327
f 3330 3331 3326
f 3328 3285 3329
f 3332 3278 3324
f 3331 3332 3325
f 3278 3333 3323
f 3333 3334 3322
f 3334 3335 3321
f 3335 3336 3320
f 3279 3337 3318
f 3337 3338 3317
f 3336 3279 3319
f 3339 3340 3314
f 3340 3280 3313
f 3341 3342 3311
f 3342 3343 3310
f 3280 3341 3312
f 3338 3339 3316
f 3343 3344 3309
f 3285 3328 3277
f 3321 3322 3334
f 3344 3308 3309
f 3308 3344 3281
f 3281 3345 3307
f 3346 3347 3305
f 3347 3348 3304
f 3345 3346 3306
f 3349 3350 3302
f 3350 3351 3301
f 3352 3353 3298
f 3353 3282 3297
f 3351 3352 3299
f 3348 3349 3303
f 3354 3355 3295
f 3356 3357 3293
f 3357 3358 3292
f 3355 3356 3294
f 3359 3360 3290
f 3360 3361 3289
f 3286 3362 3283
f 3361 3362 3288
f 3358 3359 3291
f 3282 3354 3296
f 3286 3287 3362
f 3356 3293 3294
f 3286 3284 3287
f 3308 3281 3307
f 3436 3437 3363
f 3363 3439 3436
f 3439 3440 3434
f 3440 3441 3432
f 3441 3430 3431
f 3437 3436 3364
f 3439 3435 3436
f 3440 3433 3434
f 3441 3431 3432
f 3442 3430 3441
f 3442 3443 3428
f 3443 3444 3426
f 3445 3446 3422
f 3447 3448 3419
f 3446 3447 3420
f 3444 3445 3424
f 3449 3450 3415
f 3450 3451 3413
f 3452 3453 3409
f 3454 3455 3405
f 3453 3454 3407
f 3451 3452 3411
f 3448 3449 3417
f 3455 3365 3403
f 3442 3429 3430
f 3425 3426 3444
f 3427 3428 3443
f 3446 3421 3422
f 3447 3419 3420
f 3448 3417 3418
f 3423 3424 3445
f 3449 3415 3416
f 3411 3412 3451
f 3413 3414 3450
f 3453 3407 3408
f 3454 3405 3406
f 3455 3403 3404
f 3409 3410 3452
f 3402 3366 3365
f 3456 3402 3365
f 3456 3457 3400
f 3457 3458 3398
f 3458 3459 3396
f 3459 3395 3396
f 3456 3401 3402
f 3397 3398 3458
f 3399 3400 3457
f 3459 3460 3394
f 3461 3462 3390
f 3462 3463 3388
f 3464 3465 3385
f 3466 3467 3381
f 3465 3466 3383
f 3463 3464 3386
f 3468 3469 3377
f 3469 3470 3375
f 3471 3472 3371
f 3369 3472 3367
f 3470 3471 3373
f 3467 3468 3379
f 3460 3461 3392
f 3438 3369 3367
f 3460 3393 3394
f 3461 3391 3392
f 3462 3389 3390
f 3463 3387 3388
f 3383 3384 3465
f 3385 3386 3464
f 3467 3379 3380
f 3468 3377 3378
f 3469 3375 3376
f 3470 3373 3374
f 3438 3368 3369
f 3369 3370 3472
f 3371 3372 3471
f 3381 3382 3466
f 3518 3519 3548
f 3520 3521 3545
f 3520 3547 3519
f 3518 3548 3517
f 3515 3552 3514
f 3516 3517 3549
f 3550 3515 3516
f 3514 3552 3473
f 3521 3522 3544
f 3529 3538 3528
f 3531 3535 3530
f 3537 3529 3530
f 3539 3527 3528
f 3541 3524 3525
f 3527 3540 3526
f 3525 3526 3541
f 3543 3523 3524
f 3522 3523 3544
f 3473 3474 3513
f 3478 3509 3510
f 3508 3481 3507
f 3509 3480 3508
f 3510 3511 3477
f 3505 3506 3482
f 3485 3503 3504
f 3484 3504 3505
f 3506 3507 3481
f 3512 3476 3511
f 3500 3501 3488
f 3490 3498 3499
f 3489 3499 3500
f 3502 3487 3501
f 3497 3491 3496
f 3494 3495 3493
f 3495 3496 3493
f 3498 3491 3497
f 3503 3485 3502
f 3513 3476 3512
f 3535 3531 3532
f 3532 3534 3535
f 3536 3537 3530
f 3536 3530 3535
f 3529 3537 3538
f 3539 3540 3527
f 3542 3524 3541
f 3526 3540 3541
f 3538 3539 3528
f 3524 3542 3543
f 3544 3545 3521
f 3547 3520 3546
f 3520 3545 3546
f 3547 3548 3519
f 3550 3516 3549
f 3515 3551 3552
f 3550 3551 3515
f 3549 3517 3548
f 3523 3543 3544
f 3473 3552 3474
f 3487 3488 3501
f 3487 3502 3486
f 3485 3486 3502
f 3489 3500 3488
f 3492 3493 3496
f 3496 3491 3492
f 3491 3498 3490
f 3499 3489 3490
f 3485 3504 3484
f 3479 3509 3478
f 3510 3477 3478
f 3477 3511 3476
f 3509 3479 3480
f 3484 3505 3483
f 3482 3483 3505
f 3506 3481 3482
f 3480 3481 3508
f 3476 3513 3475
f 3513 3474 3475
f 3534 3532 3533
f 3608 3557 3556
f 3609 3558 3608
f 3610 3559 3609
f 3611 3560 3610
f 3612 3561 3560
f 3613 3562 3561
f 3614 3563 3613
f 3615 3564 3614
f 3616 3565 3615
f 3617 3566 3616
f 3618 3567 3617
f 3619 3568 3567
f 3620 3569 3568
f 3621 3570 3620
f 3622 3571 3570
f 3623 3572 3571
f 3624 3573 3572
f 3625 3574 3573
f 3626 3575 3625
f 3627 3576 3575
f 3628 3577 3576
f 3629 3578 3577
f 3630 3579 3578
f 3631 3580 3579
f 3632 3581 3580
f 3633 3582 3581
f 3634 3583 3633
f 3635 3584 3583
f 3636 3585 3635
f 3637 3586 3585
f 3638 3587 3637
f 3639 3588 3638
f 3640 3589 3588
f 3641 3590 3589
f 3642 3591 3590
f 3643 3592 3591
f 3644 3593 3643
f 3645 3594 3644
f 3646 3595 3645
f 3647 3596 3646
f 3648 3597 3647
f 3649 3598 3648
f 3650 3599 3649
f 3651 3600 3650
f 3652 3601 3651
f 3653 3602 3652
f 3654 3603 3653
f 3655 3604 3654
f 3656 3605 3655
f 3657 3606 3656
f 3659 3608 3607
f 3660 3609 3659
f 3661 3610 3660
f 3662 3611 3610
f 3663 3612 3662
f 3664 3613 3663
f 3665 3614 3613
f 3666 3615 3614
f 3667 3616 3666
f 3668 3617 3667
f 3669 3618 3617
f 3670 3619 3669
f 3671 3620 3619
f 3672 3621 3620
f 3673 3622 3672
f 3674 3623 3673
f 3675 3624 3674
f 3676 3625 3675
f 3677 3626 3625
f 3678 3627 3626
f 3679 3628 3627
f 3680 3629 3679
f 3681 3630 3629
f 3682 3631 3681
f 3683 3632 3682
f 3684 3633 3632
f 3685 3634 3684
f 3686 3635 3685
f 3687 3636 3686
f 3688 3637 3636
f 3689 3638 3637
f 3690 3639 3638
f 3691 3640 3639
f 3692 3641 3691
f 3693 3642 3692
f 3694 3643 3693
f 3695 3644 3643
f 3696 3645 3644
f 3697 3646 3645
f 3698 3647 3697
f 3699 3648 3698
f 3700 3649 3699
f 3701 3650 3649
f 3702 3651 3650
f 3703 3652 3651
f 3704 3653 3652
f 3705 3654 3653
f 3706 3655 3654
f 3707 3656 3655
f 3708 3657 3656
f 3710 3659 3709
f 3711 3660 3659
f 3712 3661 3660
f 3713 3662 3661
f 3714 3663 3713
f 3715 3664 3714
f 3716 3665 3715
f 3717 3666 3716
f 3718 3667 3717
f 3719 3668 3667
f 3720 3669 3719
f 3721 3670 3669
f 3722 3671 3670
f 3723 3672 3722
f 3724 3673 3723
f 3725 3674 3673
f 3726 3675 3674
f 3727 3676 3675
f 3728 3677 3727
f 3729 3678 3677
f 3730 3679 3678
f 3731 3680 3730
f 3732 3681 3731
f 3733 3682 3732
f 3734 3683 3733
f 3735 3684 3734
f 3736 3685 3735
f 3737 3686 3736
f 3738 3687 3737
f 3739 3688 3687
f 3740 3689 3739
f 3741 3690 3689
f 3742 3691 3690
f 3743 3692 3742
f 3744 3693 3692
f 3745 3694 3744
f 3746 3695 3694
f 3747 3696 3695
f 3748 3697 3696
f 3749 3698 3697
f 3750 3699 3698
f 3751 3700 3699
f 3752 3701 3700
f 3753 3702 3701
f 3754 3703 3702
f 3755 3704 3754
f 3756 3705 3755
f 3757 3706 3756
f 3758 3707 3757
f 3759 3708 3758
f 3762 3710 3709
f 3763 3711 3710
f 3764 3712 3763
f 3765 3713 3712
f 3766 3714 3713
f 3767 3715 3766
f 3768 3716 3767
f 3769 3717 3768
f 3770 3718 3717
f 3771 3719 3718
f 3772 3720 3771
f 3773 3721 3772
f 3774 3722 3773
f 3775 3723 3722
f 3776 3724 3775
f 3777 3725 3724
f 3778 3726 3777
f 3779 3727 3778
f 3780 3728 3779
f 3781 3729 3728
f 3782 3730 3729
f 3783 3731 3730
f 3784 3732 3731
f 3785 3733 3732
f 3786 3734 3733
f 3787 3735 3734
f 3788 3736 3735
f 3789 3737 3736
f 3790 3738 3789
f 3791 3739 3738
f 3792 3740 3791
f 3793 3741 3740
f 3794 3742 3793
f 3795 3743 3742
f 3796 3744 3743
f 3797 3745 3796
f 3798 3746 3745
f 3799 3747 3798
f 3800 3748 3799
f 3801 3749 3748
f 3802 3750 3749
f 3803 3751 3750
f 3804 3752 3751
f 3805 3753 3804
f 3806 3754 3753
f 3807 3755 3754
f 3808 3756 3807
f 3809 3757 3808
f 3810 3758 3757
f 3811 3759 3758
f 3813 3762 3812
f 3814 3763 3813
f 3815 3764 3814
f 3816 3765 3815
f 3817 3766 3816
f 3818 3767 3766
f 3819 3768 3767
f 3820 3769 3768
f 3821 3770 3769
f 3822 3771 3821
f 3823 3772 3822
f 3824 3773 3823
f 3825 3774 3824
f 3826 3775 3774
f 3827 3776 3826
f 3828 3777 3827
f 3829 3778 3828
f 3830 3779 3829
f 3831 3780 3830
f 3832 3781 3831
f 3833 3782 3781
f 3834 3783 3833
f 3835 3784 3834
f 3836 3785 3835
f 3837 3786 3836
f 3838 3787 3786
f 3839 3788 3838
f 3840 3789 3788
f 3841 3790 3789
f 3842 3791 3790
f 3843 3792 3791
f 3844 3793 3843
f 3845 3794 3793
f 3846 3795 3794
f 3847 3796 3846
f 3848 3797 3796
f 3849 3798 3797
f 3850 3799 3798
f 3851 3800 3850
f 3852 3801 3800
f 3853 3802 3852
f 3854 3803 3853
f 3855 3804 3854
f 3856 3805 3804
f 3857 3806 3805
f 3858 3807 3857
f 3859 3808 3858
f 3860 3809 3808
f 3861 3810 3860
f 3862 3811 3861
f 3864 3813 3812
f 3865 3814 3813
f 3866 3815 3814
f 3867 3816 3815
f 3868 3817 3816
f 3869 3818 3868
f 3870 3819 3869
f 3871 3820 3819
f 3872 3821 3871
f 3873 3822 3821
f 3874 3823 3822
f 3875 3824 3823
f 3876 3825 3824
f 3877 3826 3876
f 3878 3827 3877
f 3879 3828 3878
f 3880 3829 3879
f 3881 3830 3829
f 3882 3831 3830
f 3883 3832 3882
f 3884 3833 3832
f 3885 3834 3884
f 3886 3835 3834
f 3887 3836 3835
f 3888 3837 3887
f 3889 3838 3837
f 3890 3839 3889
f 3891 3840 3839
f 3892 3841 3891
f 3893 3842 3841
f 3894 3843 3842
f 3895 3844 3894
f 3896 3845 3895
f 3897 3846 3845
f 3898 3847 3846
f 3899 3848 3847
f 3900 3849 3899
f 3901 3850 3849
f 3902 3851 3850
f 3903 3852 3851
f 3904 3853 3852
f 3905 3854 3904
f 3906 3855 3905
f 3907 3856 3906
f 3908 3857 3856
f 3909 3858 3908
f 3910 3859 3909
f 3911 3860 3859
f 3912 3861 3860
f 3913 3862 3861
f 3975 4051 3553
f 3556 4050 4051
f 3557 4048 4049
f 4046 4047 3559
f 4047 4048 3558
f 4049 4050 3557
f 3560 4044 4045
f 3561 4042 4043
f 4043 4044 3560
f 4040 4041 3562
f 4038 4039 3564
f 4039 4040 3563
f 4041 4042 3561
f 4045 4046 3559
f 3566 4036 4037
f 4034 4035 3568
f 4035 4036 3567
f 4032 4033 3569
f 3571 4030 4031
f 4031 4032 3570
f 4033 4034 3569
f 4028 4029 3573
f 3574 4026 4027
f 4027 4028 3573
f 4024 4025 3576
f 3577 4022 4023
f 4023 4024 3576
f 4025 4026 3575
f 4029 4030 3572
f 4037 4038 3565
f 4050 3556 3557
f 3975 3976 3556
f 3557 3558 4048
f 3559 3560 4045
f 4043 3560 3561
f 3977 3607 3976
f 4036 3566 3567
f 3571 3572 4030
f 4020 4021 3578
f 4019 3580 4018
f 3579 4019 4020
f 3574 3575 4026
f 4022 3578 4021
f 4019 3579 3580
f 3577 3578 4022
f 3580 3581 4018
f 3975 3556 4051
f 4017 3554 3581
f 3583 4015 4016
f 4016 4017 3582
f 3584 4013 4014
f 4011 4012 3586
f 4012 4013 3585
f 4014 4015 3584
f 3587 4009 4010
f 4007 4008 3589
f 4008 4009 3588
f 3590 4005 4006
f 4003 4004 3592
f 4004 4005 3591
f 4006 4007 3589
f 4010 4011 3586
f 4001 4002 3593
f 3595 3999 4000
f 4000 4001 3594
f 3997 3998 3597
f 3995 3996 3599
f 3996 3997 3598
f 3998 3999 3596
f 3993 3994 3601
f 3602 3991 3992
f 3992 3993 3601
f 3603 3989 3990
f 3604 3987 3988
f 3988 3989 3603
f 3990 3991 3602
f 3994 3995 3600
f 4002 4003 3593
f 3582 3583 4016
f 3584 3585 4013
f 3587 3588 4009
f 3590 3591 4005
f 3595 3596 3999
f 3986 3605 3985
f 3606 3974 3984
f 3984 3974 3555
f 3985 3606 3984
f 3601 3602 3992
f 3602 3603 3990
f 3987 3605 3986
f 3973 3974 3606
f 3985 3605 3606
f 3604 3605 3987
f 3658 3977 3978
f 3978 3979 3709
f 3761 3709 3980
f 3981 3761 3980
f 3982 3812 3981
f 3863 3812 3982
f 3865 3864 3917
f 3867 3866 3918
f 3866 3865 3917
f 3864 3863 3916
f 3981 3812 3761
f 3869 3868 3921
f 3871 3870 3922
f 3870 3869 3921
f 3873 3872 3924
f 3875 3874 3926
f 3874 3873 3926
f 3872 3871 3923
f 3877 3876 3929
f 3879 3878 3931
f 3878 3877 3929
f 3881 3880 3932
f 3883 3882 3935
f 3882 3881 3933
f 3880 3879 3931
f 3876 3875 3927
f 3868 3867 3919
f 3983 3914 3915
f 3885 3884 3937
f 3886 3885 3937
f 3888 3887 3940
f 3887 3886 3938
f 3884 3883 3935
f 3890 3889 3942
f 3892 3891 3943
f 3891 3890 3942
f 3894 3893 3946
f 3896 3895 3948
f 3895 3894 3946
f 3893 3892 3945
f 3898 3897 3949
f 3900 3899 3951
f 3899 3898 3950
f 3902 3901 3953
f 3904 3903 3955
f 3903 3902 3955
f 3901 3900 3952
f 3897 3896 3949
f 3657 3708 3972
f 3759 3811 3970
f 3708 3759 3971
f 3970 3811 3969
f 3973 3657 3972
f 3906 3905 3958
f 3908 3907 3960
f 3907 3906 3959
f 3968 3969 3862
f 3969 3811 3862
f 3862 3913 3968
f 3909 3908 3960
f 3905 3904 3956
f 3911 3910 3962
f 3912 3911 3963
f 3913 3965 3967
f 3913 3912 3964
f 3961 3962 3910
f 3940 3941 3888
f 3977 3658 3607
f 4161 4060 4059
f 4061 4060 4159
f 4064 4063 4159
f 4159 4063 4062
f 4062 4061 4159
f 4053 4161 4054
f 4161 4055 4054
f 4058 4057 4161
f 4058 4161 4059
f 4055 4161 4056
f 4161 4057 4056
f 4064 4159 4065
f 4073 4072 4159
f 4073 4159 4074
f 4159 4077 4076
f 4076 4075 4159
f 4075 4074 4159
f 4078 4077 4159
f 4067 4066 4159
f 4068 4067 4159
f 4159 4071 4070
f 4068 4159 4069
f 4070 4069 4159
f 4159 4072 4071
f 4065 4159 4066
f 4159 4060 4161
f 4153 4161 4154
f 4153 4152 4161
f 4152 4151 4161
f 4151 4150 4161
f 4149 4161 4150
f 4161 4155 4154
f 4147 4156 4148
f 4156 4147 4146
f 4156 4145 4144
f 4161 4149 4148
f 4145 4156 4146
f 4143 4156 4144
f 4161 4052 4155
f 4156 4142 4141
f 4161 4148 4156
f 4156 4143 4142
f 4139 4156 4140
f 4141 4140 4156
f 4156 4139 4138
f 4138 4137 4156
f 4137 4136 4156
f 4136 4135 4156
f 4133 4156 4134
f 4156 4135 4134
f 4133 4132 4156
f 4132 4131 4156
f 4130 4156 4131
f 4161 4053 4052
f 4078 4159 4158
f 4079 4158 4080
f 4080 4158 4081
f 4083 4082 4158
f 4081 4158 4082
f 4158 4084 4083
f 4086 4085 4158
f 4084 4158 4085
f 4087 4086 4158
f 4088 4158 4089
f 4089 4158 4090
f 4158 4160 4096
f 4087 4158 4088
f 4158 4092 4091
f 4158 4093 4092
f 4094 4158 4095
f 4095 4158 4096
f 4094 4093 4158
f 4097 4096 4160
f 4099 4098 4160
f 4100 4099 4160
f 4101 4160 4102
f 4102 4160 4103
f 4101 4100 4160
f 4098 4097 4160
f 4091 4090 4158
f 4104 4103 4160
f 4123 4122 4157
f 4121 4157 4122
f 4124 4123 4157
f 4157 4120 4119
f 4120 4157 4121
f 4119 4118 4157
f 4118 4117 4157
f 4129 4128 4157
f 4157 4130 4129
f 4127 4157 4128
f 4126 4157 4127
f 4157 4126 4125
f 4157 4125 4124
f 4157 4156 4130
f 4160 4110 4109
f 4160 4111 4110
f 4107 4160 4108
f 4109 4108 4160
f 4160 4107 4106
f 4112 4111 4160
f 4117 4116 4157
f 4157 4116 4115
f 4157 4113 4112
f 4114 4157 4115
f 4114 4113 4157
f 4157 4112 4160
f 4106 4105 4160
f 4105 4104 4160
f 4079 4078 4158
f 4164 4162 4165
f 4166 4164 4163
f 4165 4163 4164
f 4171 4168 4167
f 4169 4171 4170
f 4167 4170 4171
f 4175 4172 4174
f 4176 4175 4173
f 4174 4173 4175
f 4179 4180 4177
f 4181 4179 4178
f 4177 4178 4179
f 4185 4182 4186
f 4183 4185 4184
f 4186 4184 4185
f 4190 4187 4189
f 4191 4190 4188
f 4189 4188 4190
f 4199 4198 4197
f 4199 4197 4196
f 4199 4201 4200
f 4199 4200 4192
f 4194 4199 4195
f 4196 4195 4199
f 4193 4199 4194
f 4199 4193 4203
f 4199 4203 4202
f 4202 4201 4199
f 4213 4214 4212
f 4213 4211 4210
f 4213 4210 4209
f 4211 4213 4212
f 4207 4213 4208
f 4209 4208 4213
f 4206 4213 4207
f 4213 4206 4205
f 4213 4205 4204
f 4216 4221 4220
f 4216 4219 4218
f 4216 4218 4217
f 4219 4216 4220
f 4216 4215 4225
f 4216 4225 4224
f 4216 4223 4222
f 4224 4223 4216
f 4221 4216 4222
f 4228 4229 4226
f 4228 4231 4230
f 4232 4231 4228
f 4229 4228 4230
f 4228 4234 4233
f 4228 4233 4232
f 4228 4227 4236
f 4228 4236 4235
f 4228 4235 4234
f 4244 4242 4241
f 4244 4241 4240
f 4246 4245 4244
f 4242 4244 4245
f 4247 4246 4244
f 4239 4244 4240
f 4244 4239 4238
f 4244 4238 4237
f 4244 4243 4248
f 4244 4248 4247
f 4255 4259 4256
f 4257 4256 4259
f 4259 4249 4258
f 4259 4258 4257
f 4259 4252 4251
f 4259 4251 4250
f 4259 4255 4254
f 4259 4254 4253
f 4259 4253 4252
f 4264 4261 4262
f 4266 4263 4264
f 4268 4265 4266
f 4270 4267 4268
f 4272 4269 4270
f 4274 4271 4272
f 4276 4273 4274
f 4278 4275 4276
f 4280 4277 4278
f 4282 4279 4280
f 4284 4281 4282
f 4286 4283 4284
f 4288 4285 4286
f 4290 4287 4288
f 4292 4289 4290
f 4294 4291 4292
f 4296 4293 4294
f 4298 4295 4296
f 4300 4297 4298
f 4302 4299 4300
f 4304 4301 4302
f 4306 4303 4304
f 4308 4305 4306
f 4310 4307 4308
f 4312 4309 4310
f 4314 4311 4312
f 4316 4313 4314
f 4318 4315 4316
f 4320 4317 4318
f 4322 4319 4320
f 4326 4262 4261
f 4325 4262 4326
f 4264 4332 4266
f 4268 4330 4270
f 4266 4331 4268
f 4262 4333 4264
f 4342 4274 4272
f 4276 4341 4340
f 4274 4342 4341
f 4280 4339 4282
f 4337 4286 4284
f 4336 4288 4286
f 4282 4338 4284
f 4278 4340 4339
f 4329 4272 4270
f 4333 4325 4324
f 4262 4325 4333
f 4272 4329 4342
f 4334 4292 4290
f 4336 4286 4337
f 4335 4290 4288
f 4294 4351 4296
f 4349 4300 4298
f 4350 4298 4296
f 4302 4348 4347
f 4306 4346 4308
f 4304 4347 4306
f 4300 4349 4348
f 4323 4322 4327
f 4343 4314 4312
f 4316 4356 4355
f 4318 4355 4354
f 4314 4343 4356
f 4344 4312 4310
f 4308 4345 4310
f 4351 4294 4334
f 4349 4298 4350
f 4343 4312 4344
f 4327 4322 4328
f 4328 4322 4353
f 4353 4322 4320
f 4328 4353 4352
f 2264 2212 2263
f 2214 2213 2264
f 2215 2214 2265
f 2267 2215 2266
f 2268 2216 2267
f 2269 2217 2268
f 2270 2218 2269
f 2271 2219 2270
f 2221 2220 2271
f 2273 2221 2272
f 2274 2222 2273
f 2224 2223 2274
f 2225 2224 2275
f 2226 2225 2276
f 2278 2226 2277
f 2279 2227 2278
f 2229 2228 2279
f 2230 2229 2280
f 2231 2230 2281
f 2232 2231 2282
f 2233 2232 2283
f 2234 2233 2284
f 2235 2234 2285
f 2236 2235 2286
f 2237 2236 2287
f 2238 2237 2288
f 2290 2238 2289
f 2240 2239 2290
f 2292 2240 2291
f 2293 2241 2292
f 2294 2242 2293
f 2295 2243 2294
f 2245 2244 2295
f 2246 2245 2296
f 2298 2246 2297
f 2299 2247 2298
f 2249 2248 2299
f 2301 2249 2300
f 2302 2250 2301
f 2252 2251 2302
f 2253 2252 2303
f 2254 2253 2304
f 2255 2254 2305
f 2256 2255 2306
f 2308 2256 2307
f 2309 2257 2308
f 2310 2258 2309
f 2311 2259 2310
f 2312 2260 2311
f 2313 2261 2312
f 2315 2263 2314
f 2316 2264 2315
f 2317 2265 2316
f 2267 2266 2317
f 2319 2267 2318
f 2269 2268 2319
f 2270 2269 2320
f 2322 2270 2321
f 2323 2271 2322
f 2273 2272 2323
f 2274 2273 2324
f 2275 2274 2325
f 2327 2275 2326
f 2328 2276 2327
f 2329 2277 2328
f 2279 2278 2329
f 2331 2279 2330
f 2332 2280 2331
f 2333 2281 2332
f 2334 2282 2333
f 2284 2283 2334
f 2336 2284 2335
f 2337 2285 2336
f 2287 2286 2337
f 2339 2287 2338
f 2340 2288 2339
f 2290 2289 2340
f 2291 2290 2341
f 2343 2291 2342
f 2293 2292 2343
f 2294 2293 2344
f 2295 2294 2345
f 2296 2295 2346
f 2348 2296 2347
f 2298 2297 2348
f 2299 2298 2349
f 2351 2299 2350
f 2352 2300 2351
f 2302 2301 2352
f 2303 2302 2353
f 2304 2303 2354
f 2356 2304 2355
f 2357 2305 2356
f 2358 2306 2357
f 2359 2307 2358
f 2309 2308 2359
f 2310 2309 2360
f 2311 2310 2361
f 2312 2311 2362
f 2313 2312 2363
f 2315 2314 2366
f 2316 2315 2367
f 2317 2316 2368
f 2370 2317 2369
f 2371 2318 2370
f 2372 2319 2371
f 2373 2320 2372
f 2322 2321 2373
f 2323 2322 2374
f 2376 2323 2375
f 2377 2324 2376
f 2326 2325 2377
f 2327 2326 2378
f 2380 2327 2379
f 2329 2328 2380
f 2382 2329 2381
f 2383 2330 2382
f 2332 2331 2383
f 2333 2332 2384
f 2334 2333 2385
f 2387 2334 2386
f 2388 2335 2387
f 2389 2336 2388
f 2338 2337 2389
f 2339 2338 2390
f 2392 2339 2391
f 2341 2340 2392
f 2394 2341 2393
f 2395 2342 2394
f 2344 2343 2395
f 2397 2344 2396
f 2346 2345 2397
f 2399 2346 2398
f 2400 2347 2399
f 2349 2348 2400
f 2402 2349 2401
f 2403 2350 2402
f 2352 2351 2403
f 2353 2352 2404
f 2406 2353 2405
f 2407 2354 2406
f 2408 2355 2407
f 2357 2356 2408
f 2358 2357 2409
f 2359 2358 2410
f 2360 2359 2411
f 2413 2360 2412
f 2414 2361 2413
f 2415 2362 2414
f 2416 2363 2415
f 2367 2366 2418
f 2420 2367 2419
f 2421 2368 2420
f 2370 2369 2421
f 2371 2370 2422
f 2372 2371 2423
f 2373 2372 2424
f 2374 2373 2425
f 2427 2374 2426
f 2428 2375 2427
f 2429 2376 2428
f 2430 2377 2429
f 2431 2378 2430
f 2432 2379 2431
f 2433 2380 2432
f 2382 2381 2433
f 2383 2382 2434
f 2436 2383 2435
f 2437 2384 2436
f 2386 2385 2437
f 2387 2386 2438
f 2440 2387 2439
f 2389 2388 2440
f 2442 2389 2441
f 2443 2390 2442
f 2444 2391 2443
f 2393 2392 2444
f 2446 2393 2445
f 2395 2394 2446
f 2448 2395 2447
f 2449 2396 2448
f 2450 2397 2449
f 2399 2398 2450
f 2452 2399 2451
f 2401 2400 2452
f 2454 2401 2453
f 2455 2402 2454
f 2404 2403 2455
f 2457 2404 2456
f 2406 2405 2457
f 2459 2406 2458
f 2408 2407 2459
f 2461 2408 2460
f 2462 2409 2461
f 2463 2410 2462
f 2464 2411 2463
f 2465 2412 2464
f 2414 2413 2465
f 2415 2414 2466
f 2416 2415 2467
f 2470 2418 2469
f 2471 2419 2470
f 2472 2420 2471
f 2473 2421 2472
f 2423 2422 2473
f 2424 2423 2474
f 2425 2424 2475
f 2477 2425 2476
f 2478 2426 2477
f 2428 2427 2478
f 2429 2428 2479
f 2430 2429 2480
f 2431 2430 2481
f 2483 2431 2482
f 2484 2432 2483
f 2485 2433 2484
f 2486 2434 2485
f 2436 2435 2486
f 2488 2436 2487
f 2489 2437 2488
f 2490 2438 2489
f 2491 2439 2490
f 2441 2440 2491
f 2442 2441 2492
f 2443 2442 2493
f 2495 2443 2494
f 2445 2444 2495
f 2497 2445 2496
f 2447 2446 2497
f 2448 2447 2498
f 2449 2448 2499
f 2450 2449 2500
f 2451 2450 2501
f 2503 2451 2502
f 2504 2452 2503
f 2505 2453 2504
f 2455 2454 2505
f 2507 2455 2506
f 2508 2456 2507
f 2458 2457 2508
f 2510 2458 2509
f 2460 2459 2510
f 2512 2460 2511
f 2462 2461 2512
f 2514 2462 2513
f 2515 2463 2514
f 2516 2464 2515
f 2466 2465 2516
f 2518 2466 2517
f 2519 2467 2518
f 2521 2469 2520
f 2522 2470 2521
f 2472 2471 2522
f 2473 2472 2523
f 2474 2473 2524
f 2526 2474 2525
f 2527 2475 2526
f 2528 2476 2527
f 2478 2477 2528
f 2530 2478 2529
f 2531 2479 2530
f 2532 2480 2531
f 2482 2481 2532
f 2483 2482 2533
f 2535 2483 2534
f 2536 2484 2535
f 2486 2485 2536
f 2487 2486 2537
f 2488 2487 2538
f 2489 2488 2539
f 2541 2489 2540
f 2542 2490 2541
f 2543 2491 2542
f 2493 2492 2543
f 2494 2493 2544
f 2546 2494 2545
f 2547 2495 2546
f 2548 2496 2547
f 2549 2497 2548
f 2499 2498 2549
f 2551 2499 2550
f 2552 2500 2551
f 2553 2501 2552
f 2554 2502 2553
f 2555 2503 2554
f 2505 2504 2555
f 2557 2505 2556
f 2507 2506 2557
f 2508 2507 2558
f 2509 2508 2559
f 2561 2509 2560
f 2511 2510 2561
f 2563 2511 2562
f 2564 2512 2563
f 2565 2513 2564
f 2566 2514 2565
f 2567 2515 2566
f 2568 2516 2567
f 2569 2517 2568
f 2570 2518 2569
f 2703 2214 2215
f 2696 2218 2219
f 2694 2220 2221
f 2695 2219 2220
f 2697 2217 2218
f 2691 2223 2224
f 2688 2225 2226
f 2687 2226 2227
f 2690 2224 2225
f 2685 2228 2229
f 2683 2229 2230
f 2681 2231 2232
f 2679 2232 2233
f 2693 2221 2222
f 2625 2263 2212
f 2676 2234 2235
f 2237 2210 2674
f 2673 2237 2238
f 2668 2241 2242
f 2671 2239 2240
f 2664 2244 2245
f 2660 2247 2248
f 2662 2245 2246
f 2666 2242 2243
f 2657 2249 2250
f 2656 2250 2251
f 2654 2252 2253
f 2652 2254 2255
f 2653 2253 2254
f 2650 2256 2257
f 2644 2259 2260
f 2651 2255 2256
f 2659 2248 2249
f 2638 2262 2313
f 2627 2366 2314
f 2366 2365 2628
f 2520 2630 2631
f 2522 2573 2574
f 2523 2575 2576
f 2523 2574 2575
f 2521 2572 2573
f 2525 2577 2578
f 2527 2579 2580
f 2527 2578 2579
f 2530 2581 2582
f 2531 2583 2584
f 2530 2582 2583
f 2529 2580 2581
f 2533 2585 2586
f 2536 2587 2588
f 2535 2586 2587
f 2537 2589 2590
f 2540 2591 2592
f 2539 2590 2591
f 2536 2588 2589
f 2532 2584 2585
f 2524 2576 2577
f 2631 2572 2520
f 2542 2593 2594
f 2542 2594 2595
f 2545 2596 2597
f 2544 2595 2596
f 2541 2592 2593
f 2546 2598 2599
f 2548 2600 2601
f 2548 2599 2600
f 2551 2602 2603
f 2553 2604 2605
f 2551 2603 2604
f 2550 2601 2602
f 2555 2606 2607
f 2556 2608 2609
f 2556 2607 2608
f 2558 2610 2611
f 2560 2612 2613
f 2559 2611 2612
f 2558 2609 2610
f 2553 2605 2606
f 2364 2636 2637
f 2416 2635 2417
f 2416 2417 2636
f 2563 2614 2615
f 2565 2616 2617
f 2564 2615 2616
f 2570 2632 2633
f 2565 2617 2618
f 2562 2613 2614
f 2568 2619 2620
f 2569 2620 2621
f 2622 2623 2632
f 2570 2621 2622
f 2618 2567 2566
f 2598 2546 2545
f 2713 2779 2780
f 2717 2777 2778
f 2721 2774 2775
f 2725 2772 2773
f 2729 2769 2770
f 2768 2732 2733
f 2736 2765 2766
f 2740 2762 2763
f 2744 2760 2761
f 2748 2757 2758
f 2752 2755 2756
f 2756 2750 2751
f 2832 2830 2831
f 2833 2829 2830
f 2835 2827 2828
f 2834 2828 2829
f 2836 2826 2827
f 2837 2825 2826
f 2839 2823 2824
f 2840 2822 2823
f 2841 2820 2821
f 2842 2819 2820
f 2784 2821 2822
f 2843 2817 2818
f 2844 2816 2817
f 2845 2814 2815
f 2846 2813 2814
f 2785 2815 2816
f 2843 2818 2819
f 2847 2812 2813
f 2849 2809 2810
f 2851 2807 2808
f 2852 2806 2807
f 2850 2808 2809
f 2854 2804 2805
f 2855 2803 2804
f 2856 2801 2802
f 2857 2800 2801
f 2855 2802 2803
f 2853 2805 2806
f 2858 2798 2799
f 2861 2795 2796
f 2862 2794 2795
f 2859 2797 2798
f 2864 2792 2793
f 2865 2791 2792
f 2866 2790 2791
f 2863 2793 2794
f 2787 2799 2800
f 2875 2975 2976
f 2876 2973 2974
f 2878 2969 2970
f 2879 2967 2968
f 2881 2963 2964
f 2883 2959 2960
f 2882 2961 2962
f 2880 2965 2966
f 2885 2955 2956
f 2886 2953 2954
f 2888 2949 2950
f 2890 2945 2946
f 2889 2947 2948
f 2887 2951 2952
f 2884 2957 2958
f 2891 2872 2944
f 2892 2941 2942
f 2893 2939 2940
f 2894 2937 2938
f 2895 2935 2936
f 2897 2931 2932
f 2898 2929 2930
f 2901 2925 2926
f 2903 2921 2922
f 2902 2923 2924
f 2899 2927 2928
f 2905 2917 2918
f 2906 2915 2916
f 2908 2911 2912
f 2907 2913 2914
f 2904 2919 2920
f 2896 2933 2934
f 3051 3050 2985
f 3049 3048 2989
f 3050 3049 2987
f 3052 3051 2983
f 2995 3059 2997
f 2993 3060 2995
f 3058 3057 3001
f 3057 3056 3003
f 2997 3058 2999
f 3053 3009 3054
f 3054 3007 3055
f 3070 3069 3015
f 3021 3066 3023
f 3065 3064 3027
f 3066 3065 3025
f 3019 3067 3021
f 3035 3074 3037
f 3037 3073 3039
f 3033 3075 3035
f 3064 3063 3029
f 3013 3011 3053
f 3072 3039 3073
f 3083 3148 3149
f 3087 3146 3147
f 3091 3143 3144
f 3095 3141 3142
f 3099 3138 3139
f 3137 3102 3103
f 3106 3134 3135
f 3110 3131 3132
f 3114 3129 3130
f 3118 3126 3127
f 3122 3124 3125
f 3125 3120 3121
f 3329 3327 3328
f 3330 3326 3327
f 3332 3324 3325
f 3331 3325 3326
f 3278 3323 3324
f 3333 3322 3323
f 3335 3320 3321
f 3336 3319 3320
f 3337 3317 3318
f 3338 3316 3317
f 3279 3318 3319
f 3339 3314 3315
f 3340 3313 3314
f 3341 3311 3312
f 3342 3310 3311
f 3280 3312 3313
f 3339 3315 3316
f 3343 3309 3310
f 3345 3306 3307
f 3347 3304 3305
f 3348 3303 3304
f 3346 3305 3306
f 3350 3301 3302
f 3351 3300 3301
f 3352 3298 3299
f 3353 3297 3298
f 3351 3299 3300
f 3349 3302 3303
f 3354 3295 3296
f 3357 3292 3293
f 3358 3291 3292
f 3355 3294 3295
f 3360 3289 3290
f 3361 3288 3289
f 3362 3287 3288
f 3359 3290 3291
f 3282 3296 3297
f 3439 3434 3435
f 3440 3432 3433
f 3442 3428 3429
f 3443 3426 3427
f 3445 3422 3423
f 3448 3418 3419
f 3446 3420 3421
f 3444 3424 3425
f 3450 3414 3415
f 3451 3412 3413
f 3453 3408 3409
f 3455 3404 3405
f 3454 3406 3407
f 3452 3410 3411
f 3449 3416 3417
f 3365 3366 3403
f 3456 3400 3401
f 3457 3398 3399
f 3458 3396 3397
f 3459 3394 3395
f 3461 3390 3391
f 3462 3388 3389
f 3465 3384 3385
f 3467 3380 3381
f 3466 3382 3383
f 3463 3386 3387
f 3469 3376 3377
f 3470 3374 3375
f 3472 3370 3371
f 3471 3372 3373
f 3468 3378 3379
f 3460 3392 3393
f 3608 3556 3607
f 3558 3557 3608
f 3559 3558 3609
f 3560 3559 3610
f 3612 3560 3611
f 3613 3561 3612
f 3563 3562 3613
f 3564 3563 3614
f 3565 3564 3615
f 3566 3565 3616
f 3567 3566 3617
f 3619 3567 3618
f 3620 3568 3619
f 3570 3569 3620
f 3622 3570 3621
f 3623 3571 3622
f 3624 3572 3623
f 3625 3573 3624
f 3575 3574 3625
f 3627 3575 3626
f 3628 3576 3627
f 3629 3577 3628
f 3630 3578 3629
f 3631 3579 3630
f 3632 3580 3631
f 3633 3581 3632
f 3583 3582 3633
f 3635 3583 3634
f 3585 3584 3635
f 3637 3585 3636
f 3587 3586 3637
f 3588 3587 3638
f 3640 3588 3639
f 3641 3589 3640
f 3642 3590 3641
f 3643 3591 3642
f 3593 3592 3643
f 3594 3593 3644
f 3595 3594 3645
f 3596 3595 3646
f 3597 3596 3647
f 3598 3597 3648
f 3599 3598 3649
f 3600 3599 3650
f 3601 3600 3651
f 3602 3601 3652
f 3603 3602 3653
f 3604 3603 3654
f 3605 3604 3655
f 3606 3605 3656
f 3659 3607 3658
f 3609 3608 3659
f 3610 3609 3660
f 3662 3610 3661
f 3612 3611 3662
f 3613 3612 3663
f 3665 3613 3664
f 3666 3614 3665
f 3616 3615 3666
f 3617 3616 3667
f 3669 3617 3668
f 3619 3618 3669
f 3671 3619 3670
f 3672 3620 3671
f 3622 3621 3672
f 3623 3622 3673
f 3624 3623 3674
f 3625 3624 3675
f 3677 3625 3676
f 3678 3626 3677
f 3679 3627 3678
f 3629 3628 3679
f 3681 3629 3680
f 3631 3630 3681
f 3632 3631 3682
f 3684 3632 3683
f 3634 3633 3684
f 3635 3634 3685
f 3636 3635 3686
f 3688 3636 3687
f 3689 3637 3688
f 3690 3638 3689
f 3691 3639 3690
f 3641 3640 3691
f 3642 3641 3692
f 3643 3642 3693
f 3695 3643 3694
f 3696 3644 3695
f 3697 3645 3696
f 3647 3646 3697
f 3648 3647 3698
f 3649 3648 3699
f 3701 3649 3700
f 3702 3650 3701
f 3703 3651 3702
f 3704 3652 3703
f 3705 3653 3704
f 3706 3654 3705
f 3707 3655 3706
f 3708 3656 3707
f 3659 3658 3709
f 3711 3659 3710
f 3712 3660 3711
f 3713 3661 3712
f 3663 3662 3713
f 3664 3663 3714
f 3665 3664 3715
f 3666 3665 3716
f 3667 3666 3717
f 3719 3667 3718
f 3669 3668 3719
f 3721 3669 3720
f 3722 3670 3721
f 3672 3671 3722
f 3673 3672 3723
f 3725 3673 3724
f 3726 3674 3725
f 3727 3675 3726
f 3677 3676 3727
f 3729 3677 3728
f 3730 3678 3729
f 3680 3679 3730
f 3681 3680 3731
f 3682 3681 3732
f 3683 3682 3733
f 3684 3683 3734
f 3685 3684 3735
f 3686 3685 3736
f 3687 3686 3737
f 3739 3687 3738
f 3689 3688 3739
f 3741 3689 3740
f 3742 3690 3741
f 3692 3691 3742
f 3744 3692 3743
f 3694 3693 3744
f 3746 3694 3745
f 3747 3695 3746
f 3748 3696 3747
f 3749 3697 3748
f 3750 3698 3749
f 3751 3699 3750
f 3752 3700 3751
f 3753 3701 3752
f 3754 3702 3753
f 3704 3703 3754
f 3705 3704 3755
f 3706 3705 3756
f 3707 3706 3757
f 3708 3707 3758
f 3762 3709 3761
f 3763 3710 3762
f 3712 3711 3763
f 3765 3712 3764
f 3766 3713 3765
f 3715 3714 3766
f 3716 3715 3767
f 3717 3716 3768
f 3770 3717 3769
f 3771 3718 3770
f 3720 3719 3771
f 3721 3720 3772
f 3722 3721 3773
f 3775 3722 3774
f 3724 3723 3775
f 3777 3724 3776
f 3726 3725 3777
f 3727 3726 3778
f 3728 3727 3779
f 3781 3728 3780
f 3782 3729 3781
f 3783 3730 3782
f 3784 3731 3783
f 3785 3732 3784
f 3786 3733 3785
f 3787 3734 3786
f 3788 3735 3787
f 3789 3736 3788
f 3738 3737 3789
f 3791 3738 3790
f 3740 3739 3791
f 3793 3740 3792
f 3742 3741 3793
f 3795 3742 3794
f 3796 3743 3795
f 3745 3744 3796
f 3798 3745 3797
f 3747 3746 3798
f 3748 3747 3799
f 3801 3748 3800
f 3802 3749 3801
f 3803 3750 3802
f 3804 3751 3803
f 3753 3752 3804
f 3806 3753 3805
f 3807 3754 3806
f 3756 3755 3807
f 3757 3756 3808
f 3810 3757 3809
f 3811 3758 3810
f 3762 3761 3812
f 3763 3762 3813
f 3764 3763 3814
f 3765 3764 3815
f 3766 3765 3816
f 3818 3766 3817
f 3819 3767 3818
f 3820 3768 3819
f 3821 3769 3820
f 3771 3770 3821
f 3772 3771 3822
f 3773 3772 3823
f 3774 3773 3824
f 3826 3774 3825
f 3776 3775 3826
f 3777 3776 3827
f 3778 3777 3828
f 3779 3778 3829
f 3780 3779 3830
f 3781 3780 3831
f 3833 3781 3832
f 3783 3782 3833
f 3784 3783 3834
f 3785 3784 3835
f 3786 3785 3836
f 3838 3786 3837
f 3788 3787 3838
f 3840 3788 3839
f 3841 3789 3840
f 3842 3790 3841
f 3843 3791 3842
f 3793 3792 3843
f 3845 3793 3844
f 3846 3794 3845
f 3796 3795 3846
f 3848 3796 3847
f 3849 3797 3848
f 3850 3798 3849
f 3800 3799 3850
f 3852 3800 3851
f 3802 3801 3852
f 3803 3802 3853
f 3804 3803 3854
f 3856 3804 3855
f 3857 3805 3856
f 3807 3806 3857
f 3808 3807 3858
f 3860 3808 3859
f 3810 3809 3860
f 3811 3810 3861
f 3864 3812 3863
f 3865 3813 3864
f 3866 3814 3865
f 3867 3815 3866
f 3868 3816 3867
f 3818 3817 3868
f 3819 3818 3869
f 3871 3819 3870
f 3821 3820 3871
f 3873 3821 3872
f 3874 3822 3873
f 3875 3823 3874
f 3876 3824 3875
f 3826 3825 3876
f 3827 3826 3877
f 3828 3827 3878
f 3829 3828 3879
f 3881 3829 3880
f 3882 3830 3881
f 3832 3831 3882
f 3884 3832 3883
f 3834 3833 3884
f 3886 3834 3885
f 3887 3835 3886
f 3837 3836 3887
f 3889 3837 3888
f 3839 3838 3889
f 3891 3839 3890
f 3841 3840 3891
f 3893 3841 3892
f 3894 3842 3893
f 3844 3843 3894
f 3845 3844 3895
f 3897 3845 3896
f 3898 3846 3897
f 3899 3847 3898
f 3849 3848 3899
f 3901 3849 3900
f 3902 3850 3901
f 3903 3851 3902
f 3904 3852 3903
f 3854 3853 3904
f 3855 3854 3905
f 3856 3855 3906
f 3908 3856 3907
f 3858 3857 3908
f 3859 3858 3909
f 3911 3859 3910
f 3912 3860 3911
f 3913 3861 3912
f 4047 3558 3559
f 4040 3562 3563
f 4038 3564 3565
f 4039 3563 3564
f 4041 3561 3562
f 4035 3567 3568
f 4032 3569 3570
f 4031 3570 3571
f 4034 3568 3569
f 4029 3572 3573
f 4027 3573 3574
f 4025 3575 3576
f 4023 3576 3577
f 4037 3565 3566
f 3976 3607 3556
f 4020 3578 3579
f 3581 3554 4018
f 4017 3581 3582
f 4012 3585 3586
f 4015 3583 3584
f 4008 3588 3589
f 4004 3591 3592
f 4006 3589 3590
f 4010 3586 3587
f 4001 3593 3594
f 4000 3594 3595
f 3998 3596 3597
f 3996 3598 3599
f 3997 3597 3598
f 3994 3600 3601
f 3988 3603 3604
f 3995 3599 3600
f 4003 3592 3593
f 3973 3606 3657
f 3978 3709 3658
f 3709 3979 3980
f 3863 3982 3983
f 3864 3916 3917
f 3867 3918 3919
f 3866 3917 3918
f 3863 3915 3916
f 3868 3920 3921
f 3871 3922 3923
f 3870 3921 3922
f 3873 3924 3925
f 3875 3926 3927
f 3873 3925 3926
f 3872 3923 3924
f 3876 3928 3929
f 3878 3930 3931
f 3878 3929 3930
f 3881 3932 3933
f 3882 3934 3935
f 3882 3933 3934
f 3880 3931 3932
f 3876 3927 3928
f 3868 3919 3920
f 3983 3915 3863
f 3884 3936 3937
f 3886 3937 3938
f 3887 3939 3940
f 3887 3938 3939
f 3884 3935 3936
f 3889 3941 3942
f 3892 3943 3944
f 3891 3942 3943
f 3893 3945 3946
f 3895 3947 3948
f 3895 3946 3947
f 3892 3944 3945
f 3898 3949 3950
f 3900 3951 3952
f 3899 3950 3951
f 3902 3953 3954
f 3904 3955 3956
f 3902 3954 3955
f 3901 3952 3953
f 3896 3948 3949
f 3708 3971 3972
f 3759 3970 3760
f 3759 3760 3971
f 3905 3957 3958
f 3907 3959 3960
f 3906 3958 3959
f 3913 3967 3968
f 3909 3960 3961
f 3905 3956 3957
f 3911 3962 3963
f 3912 3963 3964
f 3965 3966 3967
f 3913 3964 3965
f 3961 3910 3909
f 3941 3889 3888
f 4332 4331 4266
f 4330 4329 4270
f 4331 4330 4268
f 4333 4332 4264
f 4276 4340 4278
f 4274 4341 4276
f 4339 4338 4282
f 4338 4337 4284
f 4278 4339 4280
f 4334 4290 4335
f 4335 4288 4336
f 4351 4350 4296
f 4302 4347 4304
f 4346 4345 4308
f 4347 4346 4306
f 4300 4348 4302
f 4316 4355 4318
f 4318 4354 4320
f 4314 4356 4316
f 4345 4344 4310
f 4294 4292 4334
f 4353 4320 4354
f 4358 4360 4359
f 4362 4364 4363
f 4366 4368 4367
f 4370 4372 4371
f 4376 4373 4375
f 4380 4379 4377
f 4358 4359 4357
f 4362 4363 4361
f 4366 4367 4365
f 4370 4371 4369
f 4373 4374 4375
f 4379 4378 4377
f 4425 4381 4389
f 4425 4389 4390
f 4426 4425 4390
f 4427 4426 4392
f 4391 4392 4426
f 4425 4426 4422
f 4382 4381 4425
f 4383 4393 4427
f 4394 4395 4429
f 4393 4394 4428
f 4395 4396 4430
f 4396 4384 4431
f 4426 4427 4420
f 4424 4382 4425
f 4423 4424 4425
f 4421 4422 4426
f 4419 4420 4427
f 4428 4429 4417
f 4430 4431 4415
f 4429 4430 4416
f 4430 4415 4416
f 4419 4428 4418
f 4428 4419 4427
f 4384 4397 4431
f 4432 4397 4398
f 4433 4398 4399
f 4432 4433 4413
f 4433 4432 4398
f 4434 4435 4400
f 4435 4433 4399
f 4433 4435 4412
f 4431 4432 4414
f 4386 4401 4434
f 4402 4403 4437
f 4401 4402 4436
f 4404 4438 4403
f 4387 4438 4404
f 4435 4434 4410
f 4413 4414 4432
f 4409 4410 4434
f 4408 4409 4436
f 4407 4408 4436
f 4403 4438 4437
f 4437 4438 4406
f 4438 4388 4405
f 4405 4406 4438
f 4388 4438 4387
f 4461 4443 4439
f 4444 4478 4477
f 4445 4477 4476
f 4443 4479 4478
f 4447 4475 4474
f 4449 4473 4472
f 4450 4472 4471
f 4448 4474 4473
f 4446 4476 4475
f 4479 4461 4440
f 4443 4461 4479
f 4451 4471 4470
f 4452 4470 4469
f 4455 4454 4468
f 4455 4467 4466
f 4454 4453 4469
f 4457 4465 4464
f 4460 4459 4463
f 4480 4441 4460
f 4459 4458 4464
f 4456 4466 4465
f 4480 4462 4442
f 4460 4462 4480
f 4503 4485 4481
f 4486 4520 4519
f 4488 4487 4519
f 4485 4521 4520
f 4489 4517 4516
f 4492 4491 4515
f 4492 4514 4513
f 4490 4516 4515
f 4489 4488 4518
f 4521 4503 4482
f 4485 4503 4521
f 4493 4513 4512
f 4494 4512 4511
f 4497 4496 4510
f 4498 4497 4509
f 4495 4511 4510
f 4500 4499 4507
f 4502 4501 4505
f 4522 4483 4502
f 4501 4500 4506
f 4499 4498 4508
f 4522 4504 4484
f 4502 4504 4522
f 4545 4527 4523
f 4528 4562 4561
f 4529 4561 4560
f 4527 4563 4562
f 4532 4531 4559
f 4533 4557 4556
f 4534 4556 4555
f 4532 4558 4557
f 4531 4530 4560
f 4563 4545 4524
f 4527 4545 4563
f 4535 4555 4554
f 4536 4554 4553
f 4538 4552 4551
f 4539 4551 4550
f 4537 4553 4552
f 4541 4549 4548
f 4544 4543 4547
f 4564 4525 4544
f 4542 4548 4547
f 4540 4550 4549
f 4564 4546 4526
f 4544 4546 4564
f 4587 4569 4565
f 4570 4604 4603
f 4572 4571 4603
f 4569 4605 4604
f 4573 4601 4600
f 4576 4575 4599
f 4576 4598 4597
f 4574 4600 4599
f 4573 4572 4602
f 4605 4587 4566
f 4569 4587 4605
f 4577 4597 4596
f 4578 4596 4595
f 4581 4580 4594
f 4582 4581 4593
f 4580 4579 4595
f 4584 4583 4591
f 4585 4589 4588
f 4606 4567 4586
f 4584 4590 4589
f 4583 4582 4592
f 4606 4588 4568
f 4586 4588 4606
f 4648 4607 4611
f 4612 4613 4646
f 4613 4614 4644
f 4611 4612 4647
f 4615 4616 4643
f 4618 4640 4641
f 4618 4619 4639
f 4616 4617 4642
f 4614 4615 4643
f 4647 4608 4648
f 4611 4647 4648
f 4638 4639 4619
f 4621 4637 4638
f 4622 4623 4635
f 4623 4624 4634
f 4621 4622 4636
f 4625 4626 4633
f 4627 4628 4630
f 4629 4628 4609
f 4626 4627 4632
f 4624 4625 4634
f 4629 4610 4630
f 4628 4629 4630
f 4690 4649 4653
f 4654 4655 4687
f 4655 4656 4686
f 4653 4654 4688
f 4657 4658 4684
f 4659 4660 4683
f 4660 4661 4681
f 4658 4659 4683
f 4656 4657 4686
f 4689 4650 4690
f 4653 4689 4690
f 4661 4662 4680
f 4663 4679 4680
f 4664 4665 4678
f 4665 4666 4677
f 4663 4664 4678
f 4668 4674 4667
f 4669 4670 4673
f 4671 4670 4651
f 4668 4669 4674
f 4666 4667 4675
f 4671 4652 4672
f 4670 4671 4672
f 4713 4695 4691
f 4696 4730 4729
f 4697 4729 4728
f 4695 4731 4730
f 4699 4727 4726
f 4701 4725 4724
f 4702 4724 4723
f 4700 4726 4725
f 4698 4728 4727
f 4731 4713 4692
f 4695 4713 4731
f 4703 4723 4722
f 4704 4722 4721
f 4706 4720 4719
f 4707 4719 4718
f 4705 4721 4720
f 4709 4717 4716
f 4711 4715 4714
f 4732 4693 4712
f 4710 4716 4715
f 4708 4718 4717
f 4732 4714 4694
f 4712 4714 4732
f 4755 4737 4733
f 4738 4772 4771
f 4739 4771 4770
f 4737 4773 4772
f 4741 4769 4768
f 4743 4767 4766
f 4744 4766 4765
f 4742 4768 4767
f 4740 4770 4769
f 4773 4755 4734
f 4737 4755 4773
f 4745 4765 4764
f 4746 4764 4763
f 4748 4762 4761
f 4749 4761 4760
f 4747 4763 4762
f 4751 4759 4758
f 4753 4757 4756
f 4774 4735 4754
f 4752 4758 4757
f 4750 4760 4759
f 4774 4756 4736
f 4754 4756 4774
f 4814 4775 4778
f 4779 4780 4811
f 4780 4781 4810
f 4778 4779 4812
f 4782 4783 4808
f 4784 4785 4806
f 4785 4786 4805
f 4783 4784 4807
f 4781 4782 4809
f 4812 4813 4814
f 4778 4812 4814
f 4786 4787 4804
f 4787 4788 4803
f 4789 4790 4801
f 4790 4791 4800
f 4788 4789 4802
f 4792 4793 4798
f 4794 4797 4793
f 4796 4795 4776
f 4816 4794 4795
f 4791 4792 4799
f 4795 4796 4815
f 4817 4797 4794
f 4816 4795 4815
f 4794 4816 4817
f 4777 4815 4796
f 4857 4818 4821
f 4821 4822 4859
f 4857 4821 4860
f 4822 4823 4856
f 4823 4824 4855
f 4825 4826 4853
f 4826 4827 4852
f 4824 4825 4854
f 4827 4828 4851
f 4858 4859 4822
f 4819 4857 4860
f 4860 4821 4859
f 4856 4858 4822
f 4850 4851 4828
f 4829 4830 4849
f 4831 4832 4847
f 4832 4833 4846
f 4830 4831 4848
f 4834 4835 4844
f 4835 4836 4843
f 4837 4838 4841
f 4839 4838 4820
f 4836 4837 4842
f 4833 4834 4845
f 4839 4840 4841
f 4838 4839 4841
f 4905 4861 4886
f 4886 4887 4884
f 4905 4886 4885
f 4887 4888 4883
f 4888 4889 4882
f 4889 4890 4881
f 4891 4892 4878
f 4892 4893 4877
f 4890 4891 4880
f 4893 4894 4876
f 4905 4885 4862
f 4888 4882 4883
f 4876 4894 4863
f 4895 4896 4875
f 4897 4898 4873
f 4898 4899 4871
f 4896 4897 4874
f 4900 4901 4869
f 4901 4902 4868
f 4904 4903 4864
f 4902 4903 4867
f 4899 4900 4870
f 4903 4904 4866
f 4895 4875 4863
f 4901 4868 4869
f 4904 4865 4866
f 4894 4895 4863
f 4928 4910 4906
f 4911 4945 4944
f 4912 4944 4943
f 4910 4946 4945
f 4914 4942 4941
f 4916 4940 4939
f 4917 4939 4938
f 4915 4941 4940
f 4913 4943 4942
f 4946 4928 4907
f 4910 4928 4946
f 4937 4919 4918
f 4919 4937 4936
f 4921 4935 4934
f 4922 4934 4933
f 4920 4936 4935
f 4924 4932 4931
f 4926 4930 4929
f 4947 4908 4927
f 4925 4931 4930
f 4923 4933 4932
f 4947 4929 4909
f 4927 4929 4947
f 4970 4952 4948
f 4953 4987 4986
f 4955 4954 4986
f 4952 4988 4987
f 4956 4984 4983
f 4959 4958 4982
f 4959 4981 4980
f 4958 4957 4983
f 4955 4985 4984
f 4988 4970 4949
f 4952 4970 4988
f 4960 4980 4979
f 4961 4979 4978
f 4963 4977 4976
f 4964 4976 4975
f 4962 4978 4977
f 4967 4966 4974
f 4968 4972 4971
f 4989 4950 4969
f 4967 4973 4972
f 4966 4965 4975
f 4989 4971 4951
f 4969 4971 4989
f 5012 4994 4990
f 4995 5029 5028
f 4997 4996 5028
f 4994 5030 5029
f 4998 5026 5025
f 5001 5000 5024
f 5002 5001 5023
f 4999 5025 5024
f 4997 5027 5026
f 5030 5012 4991
f 4994 5012 5030
f 5022 5021 5003
f 5004 5003 5021
f 5006 5005 5019
f 5007 5006 5018
f 5005 5004 5020
f 5009 5008 5016
f 5010 5014 5013
f 5031 4992 5011
f 5010 5009 5015
f 5008 5007 5017
f 5031 5013 4993
f 5011 5013 5031
f 5054 5036 5032
f 5037 5071 5070
f 5038 5070 5069
f 5036 5072 5071
f 5040 5068 5067
f 5042 5066 5065
f 5043 5065 5064
f 5041 5067 5066
f 5039 5069 5068
f 5072 5054 5033
f 5036 5054 5072
f 5063 5045 5044
f 5045 5063 5062
f 5047 5061 5060
f 5048 5060 5059
f 5046 5062 5061
f 5050 5058 5057
f 5052 5056 5055
f 5073 5034 5053
f 5051 5057 5056
f 5049 5059 5058
f 5073 5055 5035
f 5053 5055 5073
f 5096 5078 5074
f 5079 5113 5112
f 5081 5080 5112
f 5078 5114 5113
f 5082 5110 5109
f 5085 5084 5108
f 5086 5085 5107
f 5083 5109 5108
f 5081 5111 5110
f 5114 5096 5075
f 5078 5096 5114
f 5106 5105 5087
f 5088 5087 5105
f 5090 5089 5103
f 5091 5090 5102
f 5089 5088 5104
f 5093 5092 5100
f 5094 5098 5097
f 5115 5076 5095
f 5094 5093 5099
f 5092 5091 5101
f 5115 5097 5077
f 5095 5097 5115
f 5138 5120 5116
f 5121 5155 5154
f 5123 5122 5154
f 5120 5156 5155
f 5124 5152 5151
f 5127 5126 5150
f 5127 5149 5148
f 5126 5125 5151
f 5123 5153 5152
f 5156 5138 5117
f 5120 5138 5156
f 5128 5148 5147
f 5129 5147 5146
f 5131 5145 5144
f 5132 5144 5143
f 5130 5146 5145
f 5135 5134 5142
f 5136 5140 5139
f 5157 5118 5137
f 5135 5141 5140
f 5134 5133 5143
f 5157 5139 5119
f 5137 5139 5157
f 5196 5195 5158
f 5194 5158 5195
f 5158 5194 5193
f 5158 5193 5192
f 5192 5191 5158
f 5158 5200 5199
f 5158 5198 5197
f 5158 5197 5196
f 5198 5158 5199
f 5159 5200 5158
f 5158 5191 5190
f 5189 5188 5172
f 5188 5187 5173
f 5189 5158 5190
f 5186 5185 5175
f 5177 5184 5183
f 5178 5183 5182
f 5184 5176 5185
f 5174 5187 5186
f 5172 5158 5189
f 5159 5203 5202
f 5159 5206 5205
f 5159 5205 5204
f 5159 5204 5203
f 5208 5207 5159
f 5206 5159 5207
f 5159 5210 5209
f 5159 5209 5208
f 5211 5210 5159
f 5200 5159 5202
f 5223 5217 5216
f 5180 5181 5219
f 5221 5219 5218
f 5222 5218 5217
f 5159 5212 5211
f 5214 5213 5226
f 5213 5212 5227
f 5227 5212 5159
f 5225 5215 5214
f 5216 5215 5224
f 5181 5180 5182
f 5186 5175 5174
f 5188 5173 5172
f 5171 5158 5172
f 5173 5187 5174
f 5182 5180 5179
f 5183 5178 5177
f 5184 5177 5176
f 5178 5182 5179
f 5185 5176 5175
f 5201 5170 5169
f 5167 5201 5168
f 5169 5168 5201
f 5166 5201 5167
f 5170 5158 5171
f 5201 5166 5165
f 5201 5164 5163
f 5201 5163 5162
f 5164 5201 5165
f 5162 5161 5201
f 5158 5170 5201
f 5219 5221 5220
f 5216 5224 5223
f 5217 5223 5222
f 5218 5222 5221
f 5214 5226 5225
f 5159 5160 5229
f 5228 5159 5229
f 5213 5227 5226
f 5215 5225 5224
f 5160 5235 5234
f 5160 5161 5237
f 5160 5237 5236
f 5160 5236 5235
f 5160 5231 5230
f 5160 5233 5232
f 5234 5233 5160
f 5231 5160 5232
f 5229 5160 5230
f 5160 5201 5161
f 5227 5159 5228
f 5219 5220 5180
f 5243 5244 5238
f 5246 5245 5278
f 5247 5246 5277
f 5244 5279 5278
f 5249 5248 5275
f 5251 5250 5273
f 5251 5272 5271
f 5250 5249 5274
f 5248 5247 5276
f 5279 5243 5239
f 5244 5243 5279
f 5252 5271 5270
f 5254 5253 5270
f 5255 5268 5267
f 5256 5267 5266
f 5255 5254 5269
f 5259 5258 5265
f 5260 5263 5262
f 5242 5240 5261
f 5259 5264 5263
f 5257 5266 5265
f 5242 5262 5241
f 5261 5262 5242
f 5285 5286 5280
f 5287 5320 5319
f 5289 5288 5319
f 5286 5321 5320
f 5290 5317 5316
f 5293 5292 5315
f 5294 5293 5314
f 5291 5316 5315
f 5289 5318 5317
f 5321 5285 5281
f 5286 5285 5321
f 5313 5312 5295
f 5296 5295 5312
f 5297 5310 5309
f 5298 5309 5308
f 5297 5296 5311
f 5301 5300 5307
f 5303 5302 5305
f 5284 5282 5303
f 5302 5301 5306
f 5299 5308 5307
f 5284 5304 5283
f 5303 5304 5284
f 5384 5359 5383
f 5358 5359 5384
f 5358 5384 5385
f 5361 5381 5382
f 5382 5360 5361
f 5383 5360 5382
f 5360 5383 5359
f 5362 5381 5361
f 5357 5385 5386
f 5388 5355 5387
f 5353 5389 5390
f 5354 5388 5389
f 5389 5353 5354
f 5357 5358 5385
f 5387 5355 5356
f 5388 5354 5355
f 5357 5386 5356
f 5356 5386 5387
f 5362 5341 5342
f 5340 5341 5363
f 5341 5362 5363
f 5362 5342 5381
f 5364 5340 5363
f 5339 5340 5364
f 5337 5338 5366
f 5365 5338 5339
f 5337 5367 5336
f 5339 5364 5365
f 5366 5367 5337
f 5335 5368 5369
f 5336 5368 5335
f 5367 5368 5336
f 5334 5335 5369
f 5371 5333 5370
f 5334 5370 5333
f 5332 5333 5371
f 5334 5369 5370
f 5365 5366 5338
f 5352 5353 5390
f 5391 5351 5352
f 5390 5391 5352
f 5392 5351 5391
f 5393 5350 5392
f 5392 5350 5351
f 5349 5394 5348
f 5348 5395 5347
f 5349 5350 5393
f 5393 5394 5349
f 5347 5395 5396
f 5397 5346 5396
f 5347 5396 5346
f 5398 5345 5397
f 5345 5346 5397
f 5343 5344 5399
f 5398 5344 5345
f 5322 5343 5399
f 5398 5399 5344
f 5394 5395 5348
f 5330 5373 5374
f 5376 5328 5375
f 5328 5329 5375
f 5329 5374 5375
f 5331 5332 5372
f 5372 5332 5371
f 5372 5373 5331
f 5331 5373 5330
f 5330 5374 5329
f 5327 5376 5377
f 5379 5325 5378
f 5380 5343 5323
f 5322 5323 5343
f 5324 5379 5380
f 5380 5323 5324
f 5328 5376 5327
f 5326 5378 5325
f 5327 5377 5326
f 5379 5324 5325
f 5326 5377 5378
f 5405 5406 5400
f 5407 5440 5439
f 5408 5439 5438
f 5406 5441 5440
f 5410 5437 5436
f 5412 5435 5434
f 5413 5434 5433
f 5411 5436 5435
f 5409 5438 5437
f 5441 5405 5401
f 5406 5405 5441
f 5414 5433 5432
f 5415 5432 5431
f 5417 5430 5429
f 5418 5429 5428
f 5416 5431 5430
f 5420 5427 5426
f 5422 5425 5424
f 5404 5402 5423
f 5421 5426 5425
f 5419 5428 5427
f 5404 5424 5403
f 5423 5424 5404
f 5482 5460 5461
f 5461 5481 5482
f 5481 5461 5480
f 5470 5460 5482
f 5460 5470 5471
f 5472 5459 5471
f 5459 5460 5471
f 5503 5459 5472
f 5461 5474 5475
f 5461 5469 5473
f 5473 5474 5461
f 5461 5479 5480
f 5461 5477 5478
f 5461 5476 5477
f 5478 5479 5461
f 5461 5475 5476
f 5469 5461 5468
f 5458 5504 5505
f 5458 5506 5507
f 5458 5505 5506
f 5459 5503 5458
f 5458 5509 5510
f 5458 5508 5509
f 5458 5507 5508
f 5511 5458 5510
f 5504 5458 5503
f 5496 5511 5512
f 5446 5444 5445
f 5495 5512 5444
f 5444 5446 5493
f 5512 5495 5496
f 5444 5494 5495
f 5444 5493 5494
f 5497 5458 5511
f 5496 5497 5511
f 5467 5468 5465
f 5465 5468 5442
f 5449 5450 5451
f 5451 5452 5454
f 5492 5449 5451
f 5451 5491 5492
f 5462 5463 5464
f 5464 5442 5462
f 5455 5456 5457
f 5443 5455 5457
f 5443 5451 5454
f 5442 5464 5465
f 5442 5468 5461
f 5454 5455 5443
f 5458 5497 5498
f 5458 5499 5500
f 5458 5498 5499
f 5458 5501 5502
f 5443 5448 5483
f 5458 5448 5443
f 5447 5448 5458
f 5458 5500 5501
f 5488 5489 5451
f 5490 5491 5451
f 5489 5490 5451
f 5443 5484 5485
f 5486 5487 5451
f 5451 5487 5488
f 5485 5486 5443
f 5483 5484 5443
f 5451 5443 5486
f 5502 5447 5458
f 5552 5513 5551
f 5550 5551 5513
f 5513 5549 5550
f 5513 5548 5549
f 5548 5513 5547
f 5513 5555 5556
f 5513 5553 5554
f 5513 5552 5553
f 5554 5555 5513
f 5514 5513 5556
f 5513 5546 5547
f 5545 5528 5544
f 5544 5529 5543
f 5545 5546 5513
f 5542 5531 5541
f 5533 5539 5540
f 5534 5538 5539
f 5540 5541 5532
f 5530 5542 5543
f 5528 5545 5513
f 5514 5557 5558
f 5514 5560 5561
f 5514 5559 5560
f 5514 5558 5559
f 5563 5514 5562
f 5561 5562 5514
f 5514 5564 5565
f 5514 5563 5564
f 5566 5514 5565
f 5556 5557 5514
f 5578 5571 5572
f 5536 5574 5537
f 5576 5573 5574
f 5577 5572 5573
f 5514 5566 5567
f 5569 5581 5568
f 5568 5582 5567
f 5582 5514 5567
f 5580 5569 5570
f 5571 5579 5570
f 5537 5538 5536
f 5542 5530 5531
f 5544 5528 5529
f 5527 5528 5513
f 5529 5530 5543
f 5538 5535 5536
f 5539 5533 5534
f 5540 5532 5533
f 5534 5535 5538
f 5541 5531 5532
f 5515 5525 5526
f 5523 5524 5515
f 5525 5515 5524
f 5522 5523 5515
f 5526 5527 5513
f 5515 5521 5522
f 5515 5519 5520
f 5515 5518 5519
f 5520 5521 5515
f 5518 5515 5517
f 5513 5515 5526
f 5574 5575 5576
f 5571 5578 5579
f 5572 5577 5578
f 5573 5576 5577
f 5569 5580 5581
f 5514 5584 5516
f 5583 5584 5514
f 5568 5581 5582
f 5570 5579 5580
f 5516 5589 5590
f 5516 5592 5517
f 5516 5591 5592
f 5516 5590 5591
f 5516 5585 5586
f 5516 5587 5588
f 5589 5516 5588
f 5586 5587 5516
f 5584 5585 5516
f 5516 5517 5515
f 5582 5583 5514
f 5574 5536 5575
f 5594 5593 5595
f 5598 5600 5599
f 5619 5644 5618
f 5617 5618 5644
f 5644 5616 5617
f 5644 5615 5616
f 5615 5644 5614
f 5644 5622 5623
f 5644 5620 5621
f 5644 5619 5620
f 5621 5622 5644
f 5601 5644 5623
f 5644 5613 5614
f 5644 5611 5612
f 5644 5610 5611
f 5612 5613 5644
f 5609 5639 5608
f 5607 5640 5606
f 5641 5605 5606
f 5640 5607 5608
f 5609 5610 5644
f 5609 5644 5638
f 5601 5645 5646
f 5601 5648 5649
f 5601 5647 5648
f 5601 5646 5647
f 5651 5601 5650
f 5649 5650 5601
f 5601 5652 5653
f 5601 5651 5652
f 5654 5601 5653
f 5623 5645 5601
f 5659 5666 5658
f 5663 5662 5604
f 5664 5661 5662
f 5660 5665 5659
f 5601 5654 5655
f 5601 5657 5658
f 5601 5656 5657
f 5601 5655 5656
f 5601 5658 5667
f 5661 5665 5660
f 5605 5642 5643
f 5602 5637 5638
f 5602 5635 5636
f 5602 5634 5635
f 5636 5637 5602
f 5640 5641 5606
f 5639 5640 5608
f 5641 5642 5605
f 5638 5639 5609
f 5602 5632 5633
f 5630 5631 5602
f 5632 5602 5631
f 5629 5630 5602
f 5602 5633 5634
f 5602 5628 5629
f 5602 5626 5627
f 5602 5625 5626
f 5627 5628 5602
f 5625 5602 5624
f 5602 5638 5644
f 5662 5663 5664
f 5601 5667 5603
f 5666 5667 5658
f 5665 5666 5659
f 5603 5668 5669
f 5603 5671 5672
f 5603 5670 5671
f 5603 5669 5670
f 5603 5667 5668
f 5603 5677 5678
f 5603 5680 5624
f 5603 5679 5680
f 5603 5678 5679
f 5603 5673 5674
f 5603 5675 5676
f 5677 5603 5676
f 5674 5675 5603
f 5672 5673 5603
f 5603 5624 5602
f 5664 5665 5661
f 5604 5643 5663
f 5684 5683 5682
f 5686 5685 5687
f 5697 5693 5696
f 5689 5696 5694
f 5696 5693 5694
f 5695 5689 5694
f 5690 5697 5698
f 5691 5693 5690
f 5693 5691 5692
f 5690 5693 5697
f 5703 5705 5707
f 5707 5706 5701
f 5706 5699 5700
f 5705 5703 5704
f 5701 5708 5702
f 5706 5700 5701
f 5708 5701 5700
f 5703 5707 5701
f 5710 5711 5712
f 5714 5713 5715
f 5755 5754 5717
f 5753 5717 5754
f 5717 5753 5752
f 5717 5752 5751
f 5751 5750 5717
f 5717 5759 5758
f 5717 5757 5756
f 5717 5756 5755
f 5757 5717 5758
f 5718 5759 5717
f 5717 5750 5749
f 5717 5748 5747
f 5717 5747 5746
f 5748 5717 5749
f 5745 5744 5735
f 5743 5742 5736
f 5737 5742 5741
f 5736 5744 5743
f 5745 5717 5746
f 5745 5734 5717
f 5718 5761 5760
f 5718 5764 5763
f 5718 5763 5762
f 5718 5762 5761
f 5766 5765 5718
f 5764 5718 5765
f 5718 5768 5767
f 5718 5767 5766
f 5769 5768 5718
f 5759 5718 5760
f 5774 5773 5782
f 5778 5740 5777
f 5779 5777 5776
f 5775 5774 5780
f 5718 5770 5769
f 5718 5773 5772
f 5718 5772 5771
f 5718 5771 5770
f 5718 5782 5773
f 5776 5775 5780
f 5741 5740 5739
f 5796 5734 5733
f 5796 5732 5731
f 5796 5731 5730
f 5732 5796 5733
f 5736 5742 5737
f 5735 5744 5736
f 5737 5741 5738
f 5734 5745 5735
f 5796 5729 5728
f 5726 5796 5727
f 5728 5727 5796
f 5725 5796 5726
f 5796 5730 5729
f 5796 5725 5724
f 5796 5723 5722
f 5796 5722 5721
f 5723 5796 5724
f 5721 5720 5796
f 5796 5717 5734
f 5777 5779 5778
f 5718 5719 5782
f 5781 5774 5782
f 5780 5774 5781
f 5719 5784 5783
f 5719 5787 5786
f 5719 5786 5785
f 5719 5785 5784
f 5719 5783 5782
f 5719 5793 5792
f 5719 5720 5795
f 5719 5795 5794
f 5719 5794 5793
f 5719 5789 5788
f 5719 5791 5790
f 5792 5791 5719
f 5789 5719 5790
f 5787 5719 5788
f 5719 5796 5720
f 5779 5776 5780
f 5740 5778 5739
f 5797 5800 5798
f 5802 5804 5803
f 5823 5816 5822
f 5821 5822 5816
f 5824 5816 5823
f 5816 5825 5812
f 5816 5824 5825
f 5813 5816 5812
f 5816 5817 5818
f 5816 5811 5817
f 5816 5820 5821
f 5816 5819 5820
f 5816 5818 5819
f 5816 5806 5811
f 5805 5826 5827
f 5805 5813 5826
f 5829 5805 5828
f 5827 5828 5805
f 5830 5805 5829
f 5816 5813 5805
f 5805 5831 5832
f 5805 5830 5831
f 5805 5834 5814
f 5805 5833 5834
f 5805 5832 5833
f 5814 5815 5807
f 5806 5852 5810
f 5806 5851 5852
f 5806 5849 5850
f 5806 5848 5849
f 5850 5851 5806
f 5846 5847 5806
f 5848 5806 5847
f 5845 5846 5806
f 5806 5844 5845
f 5806 5809 5844
f 5809 5806 5807
f 5807 5838 5839
f 5807 5837 5838
f 5807 5835 5836
f 5807 5815 5835
f 5836 5837 5807
f 5807 5843 5808
f 5807 5842 5843
f 5807 5840 5841
f 5842 5807 5841
f 5839 5840 5807
f 5807 5808 5809
f 5887 5888 5862
f 5853 5887 5862
f 5853 5886 5887
f 5886 5853 5885
f 5891 5862 5890
f 5889 5862 5888
f 5862 5889 5890
f 5892 5862 5891
f 5853 5859 5884
f 5858 5869 5913
f 5869 5858 5859
f 5869 5910 5911
f 5869 5909 5910
f 5911 5912 5869
f 5912 5913 5869
f 5853 5884 5885
f 5853 5869 5859
f 5867 5868 5866
f 5853 5866 5868
f 5866 5853 5865
f 5875 5854 5873
f 5876 5854 5875
f 5873 5874 5875
f 5864 5865 5863
f 5861 5862 5860
f 5893 5860 5862
f 5865 5853 5862
f 5878 5876 5877
f 5876 5878 5879
f 5854 5876 5879
f 5862 5863 5865
f 5862 5892 5893
f 5872 5854 5879
f 5922 5923 5907
f 5855 5905 5906
f 5906 5907 5923
f 5855 5857 5904
f 5857 5855 5856
f 5905 5855 5904
f 5855 5906 5923
f 5922 5907 5908
f 5869 5921 5922
f 5920 5921 5869
f 5869 5922 5908
f 5869 5915 5916
f 5869 5919 5920
f 5869 5917 5918
f 5869 5916 5917
f 5918 5919 5869
f 5914 5869 5870
f 5869 5908 5909
f 5872 5898 5899
f 5872 5900 5901
f 5872 5899 5900
f 5872 5880 5894
f 5872 5896 5897
f 5872 5895 5896
f 5872 5894 5895
f 5897 5898 5872
f 5869 5914 5915
f 5882 5883 5870
f 5914 5870 5883
f 5872 5902 5903
f 5903 5871 5872
f 5882 5871 5881
f 5881 5871 5903
f 5901 5902 5872
f 5870 5871 5882
f 5925 5927 5926
f 5933 5934 5928
f 5936 5935 5968
f 5937 5936 5967
f 5934 5969 5968
f 5939 5938 5965
f 5941 5940 5963
f 5941 5962 5961
f 5940 5939 5964
f 5938 5937 5966
f 5969 5933 5929
f 5934 5933 5969
f 5942 5961 5960
f 5944 5943 5960
f 5945 5958 5957
f 5946 5957 5956
f 5945 5944 5959
f 5949 5948 5955
f 5950 5953 5952
f 5932 5930 5951
f 5949 5954 5953
f 5947 5956 5955
f 5932 5952 5931
f 5951 5952 5932
f 5975 5976 5970
f 5977 6010 6009
f 5979 5978 6009
f 5976 6011 6010
f 5980 6007 6006
f 5983 5982 6005
f 5984 5983 6004
f 5981 6006 6005
f 5979 6008 6007
f 6011 5975 5971
f 5976 5975 6011
f 6003 6002 5985
f 5986 5985 6002
f 5987 6000 5999
f 5988 5999 5998
f 5987 5986 6001
f 5991 5990 5997
f 5993 5992 5995
f 5974 5972 5993
f 5992 5991 5996
f 5989 5998 5997
f 5974 5994 5973
f 5993 5994 5974
f 6013 6015 6014
f 6017 6019 6018
f 6021 6023 6022
f 6027 6060 6061
f 6027 6028 6059
f 6028 6029 6058
f 6062 6024 6025
f 6062 6026 6061
f 6027 6061 6026
f 6025 6026 6062
f 6063 6024 6062
f 6057 6029 6030
f 6032 6056 6031
f 6054 6055 6033
f 6032 6033 6055
f 6034 6054 6033
f 6055 6056 6032
f 6059 6060 6027
f 6057 6058 6029
f 6056 6057 6030
f 6059 6028 6058
f 6031 6056 6030
f 6099 6024 6064
f 6063 6064 6024
f 6098 6099 6064
f 6065 6098 6064
f 6097 6098 6065
f 6097 6066 6096
f 6095 6096 6067
f 6094 6095 6069
f 6097 6065 6066
f 6067 6068 6095
f 6094 6070 6093
f 6069 6070 6094
f 6068 6069 6095
f 6071 6092 6093
f 6092 6072 6091
f 6090 6091 6072
f 6071 6072 6092
f 6071 6093 6070
f 6066 6067 6096
f 6034 6052 6053
f 6054 6034 6053
f 6035 6052 6034
f 6036 6051 6035
f 6035 6051 6052
f 6050 6038 6049
f 6049 6039 6048
f 6037 6050 6051
f 6051 6036 6037
f 6049 6038 6039
f 6047 6048 6040
f 6039 6040 6048
f 6046 6040 6041
f 6046 6047 6040
f 6043 6044 6045
f 6041 6045 6046
f 6042 6043 6045
f 6041 6042 6045
f 6037 6038 6050
f 6087 6088 6075
f 6077 6086 6076
f 6076 6087 6075
f 6072 6073 6090
f 6089 6090 6073
f 6089 6074 6088
f 6075 6088 6074
f 6073 6074 6089
f 6086 6077 6078
f 6080 6084 6079
f 6081 6044 6082
f 6043 6082 6044
f 6083 6080 6081
f 6081 6082 6083
f 6087 6076 6086
f 6085 6079 6084
f 6085 6086 6078
f 6083 6084 6080
f 6085 6078 6079
f 6105 6106 6100
f 6107 6140 6139
f 6108 6139 6138
f 6106 6141 6140
f 6110 6137 6136
f 6112 6135 6134
f 6113 6134 6133
f 6111 6136 6135
f 6109 6138 6137
f 6141 6105 6101
f 6106 6105 6141
f 6114 6133 6132
f 6115 6132 6131
f 6117 6130 6129
f 6118 6129 6128
f 6116 6131 6130
f 6120 6127 6126
f 6122 6125 6124
f 6104 6102 6123
f 6121 6126 6125
f 6119 6128 6127
f 6104 6124 6103
f 6123 6124 6104
f 6147 6142 6149
f 6149 6150 6185
f 6147 6149 6186
f 6150 6151 6184
f 6151 6152 6183
f 6152 6153 6182
f 6154 6155 6179
f 6155 6156 6178
f 6153 6154 6181
f 6156 6157 6177
f 6147 6186 6143
f 6151 6183 6184
f 6177 6157 6144
f 6158 6159 6176
f 6160 6161 6174
f 6161 6162 6172
f 6159 6160 6175
f 6163 6164 6170
f 6164 6165 6169
f 6148 6166 6145
f 6165 6166 6168
f 6162 6163 6171
f 6166 6148 6167
f 6158 6176 6144
f 6164 6169 6170
f 6148 6146 6167
f 6157 6158 6144
f 6299 6187 6298
f 6297 6298 6187
f 6320 6187 6299
f 6262 6318 6299
f 6263 6316 6262
f 6300 6358 6296
f 6207 6208 6300
f 6359 6294 6295
f 6300 6296 6297
f 6296 6358 6295
f 6187 6300 6297
f 6317 6318 6262
f 6316 6317 6262
f 6319 6320 6299
f 6316 6263 6315
f 6318 6319 6299
f 6313 6314 6265
f 6314 6264 6265
f 6266 6267 6312
f 6313 6265 6266
f 6267 6268 6311
f 6315 6264 6314
f 6263 6264 6315
f 6357 6300 6208
f 6321 6187 6320
f 6300 6206 6207
f 6300 6205 6206
f 6359 6360 6294
f 6358 6359 6295
f 6300 6200 6201
f 6300 6199 6200
f 6300 6203 6204
f 6300 6202 6203
f 6300 6201 6202
f 6204 6205 6300
f 6361 6293 6360
f 6361 6362 6293
f 6362 6292 6293
f 6269 6310 6268
f 6360 6293 6294
f 6292 6364 6291
f 6363 6364 6292
f 6272 6261 6271
f 6291 6364 6338
f 6363 6292 6362
f 6270 6309 6269
f 6365 6338 6364
f 6358 6300 6357
f 6199 6300 6301
f 6271 6261 6270
f 6187 6322 6323
f 6188 6245 6246
f 6187 6323 6308
f 6266 6312 6313
f 6257 6225 6256
f 6311 6312 6267
f 6321 6322 6187
f 6188 6248 6249
f 6188 6247 6248
f 6251 6188 6250
f 6249 6250 6188
f 6307 6188 6251
f 6246 6247 6188
f 6227 6307 6255
f 6307 6254 6255
f 6307 6252 6253
f 6254 6307 6253
f 6251 6252 6307
f 6256 6226 6255
f 6224 6257 6258
f 6269 6309 6310
f 6261 6309 6270
f 6225 6257 6224
f 6259 6260 6220
f 6256 6225 6226
f 6272 6260 6261
f 6259 6220 6221
f 6260 6219 6220
f 6223 6224 6258
f 6222 6223 6258
f 6259 6221 6222
f 6260 6218 6219
f 6227 6228 6307
f 6226 6227 6255
f 6307 6340 6341
f 6307 6339 6340
f 6228 6339 6307
f 6307 6343 6344
f 6307 6342 6343
f 6307 6346 6347
f 6307 6345 6346
f 6307 6344 6345
f 6307 6341 6342
f 6259 6222 6258
f 6310 6311 6268
f 6306 6307 6348
f 6301 6197 6198
f 6301 6195 6196
f 6301 6194 6195
f 6196 6197 6301
f 6301 6192 6193
f 6301 6191 6192
f 6301 6189 6190
f 6374 6333 6373
f 6190 6191 6301
f 6193 6194 6301
f 6370 6336 6369
f 6369 6337 6368
f 6337 6338 6367
f 6338 6366 6367
f 6337 6367 6368
f 6372 6335 6371
f 6373 6334 6372
f 6338 6229 6291
f 6288 6230 6231
f 6290 6291 6229
f 6370 6371 6336
f 6230 6289 6229
f 6189 6301 6374
f 6365 6366 6338
f 6331 6301 6330
f 6329 6330 6301
f 6332 6301 6331
f 6333 6334 6373
f 6301 6332 6333
f 6372 6334 6335
f 6328 6329 6302
f 6301 6302 6329
f 6327 6328 6302
f 6302 6326 6327
f 6302 6325 6326
f 6325 6302 6324
f 6336 6337 6369
f 6335 6336 6371
f 6285 6233 6234
f 6286 6232 6233
f 6302 6303 6324
f 6305 6243 6244
f 6305 6242 6243
f 6244 6304 6305
f 6301 6333 6374
f 6301 6198 6199
f 6287 6231 6232
f 6272 6273 6217
f 6217 6260 6272
f 6217 6218 6260
f 6217 6273 6216
f 6288 6289 6230
f 6275 6213 6274
f 6215 6273 6274
f 6273 6215 6216
f 6214 6215 6274
f 6214 6274 6213
f 6290 6229 6289
f 6306 6351 6352
f 6306 6349 6350
f 6306 6348 6349
f 6350 6351 6306
f 6212 6276 6211
f 6211 6306 6210
f 6306 6354 6355
f 6306 6353 6354
f 6275 6212 6213
f 6306 6352 6353
f 6287 6232 6286
f 6231 6287 6288
f 6286 6233 6285
f 6284 6285 6234
f 6235 6283 6284
f 6283 6235 6236
f 6240 6280 6239
f 6238 6281 6237
f 6237 6282 6236
f 6281 6238 6239
f 6282 6283 6236
f 6241 6280 6240
f 6277 6306 6211
f 6276 6277 6211
f 6306 6356 6209
f 6306 6209 6210
f 6355 6356 6306
f 6306 6277 6278
f 6212 6275 6276
f 6281 6282 6237
f 6280 6281 6239
f 6305 6278 6279
f 6280 6305 6279
f 6306 6278 6305
f 6241 6305 6280
f 6305 6241 6242
f 6235 6284 6234
f 6379 6375 6381
f 6382 6383 6413
f 6383 6384 6412
f 6381 6382 6414
f 6385 6386 6410
f 6387 6388 6408
f 6388 6389 6407
f 6386 6387 6409
f 6384 6385 6411
f 6414 6378 6379
f 6381 6414 6379
f 6389 6390 6406
f 6390 6391 6405
f 6392 6393 6403
f 6393 6394 6402
f 6391 6392 6404
f 6395 6396 6400
f 6397 6399 6396
f 6380 6398 6376
f 6416 6397 6398
f 6394 6395 6401
f 6398 6380 6415
f 6417 6399 6397
f 6416 6398 6415
f 6397 6416 6417
f 6377 6415 6380
f 6440 6446 6439
f 6438 6439 6428
f 6442 6440 6441
f 6444 6445 6446
f 6444 6442 6443
f 6440 6444 6446
f 6444 6440 6442
f 6446 6428 6439
f 6436 6428 6434
f 6435 6436 6434
f 6432 6433 6434
f 6436 6437 6438
f 6429 6431 6432
f 6430 6431 6429
f 6429 6432 6434
f 6429 6434 6428
f 6436 6438 6428
f 6428 6446 6447
f 6448 6453 6447
f 6448 6449 6450
f 6450 6451 6448
f 6453 6451 6452
f 6447 6454 6418
f 6454 6447 6453
f 6453 6448 6451
f 6455 6418 6454
f 6426 6423 6424
f 6426 6421 6423
f 6425 6426 6424
f 6427 6421 6426
f 6420 6418 6419
f 6422 6423 6421
f 6421 6427 6420
f 6418 6420 6427
f 6418 6427 6447
f 6428 6447 6427
f 6463 6474 6456
f 6462 6482 6463
f 6474 6463 6482
f 6482 6475 6474
f 6482 6476 6475
f 6477 6476 6483
f 6483 6476 6482
f 6477 6483 6484
f 6473 6462 6457
f 6482 6462 6473
f 6482 6473 6472
f 6483 6470 6484
f 6483 6471 6470
f 6472 6471 6483
f 6472 6483 6482
f 6458 6484 6478
f 6478 6485 6479
f 6485 6468 6467
f 6486 6480 6479
f 6484 6469 6468
f 6480 6486 6487
f 6481 6460 6459
f 6460 6481 6487
f 6466 6486 6467
f 6465 6461 6487
f 6460 6487 6461
f 6461 6465 6464
f 6465 6487 6466
f 6493 6505 6488
f 6492 6514 6493
f 6505 6493 6514
f 6514 6506 6505
f 6515 6507 6506
f 6516 6509 6508
f 6507 6515 6508
f 6514 6515 6506
f 6514 6503 6515
f 6504 6492 6491
f 6514 6492 6504
f 6514 6504 6503
f 6502 6501 6515
f 6500 6516 6501
f 6499 6517 6516
f 6517 6510 6516
f 6518 6511 6517
f 6512 6518 6519
f 6513 6494 6489
f 6512 6511 6518
f 6513 6519 6494
f 6498 6518 6517
f 6518 6498 6497
f 6518 6497 6519
f 6496 6495 6519
f 6494 6519 6495
f 6495 6496 6490
f 6521 6520 6522
f 6524 6526 6525
f 6532 6528 6535
f 6571 6536 6537
f 6537 6538 6570
f 6572 6535 6536
f 6568 6539 6540
f 6540 6541 6567
f 6542 6543 6565
f 6543 6544 6565
f 6541 6542 6566
f 6569 6538 6539
f 6536 6571 6572
f 6571 6537 6570
f 6535 6572 6573
f 6529 6532 6573
f 6573 6532 6535
f 6568 6569 6539
f 6544 6530 6564
f 6563 6530 6545
f 6546 6547 6561
f 6547 6548 6560
f 6562 6545 6546
f 6549 6550 6559
f 6550 6551 6558
f 6556 6552 6553
f 6553 6554 6555
f 6557 6551 6552
f 6548 6549 6560
f 6562 6563 6545
f 6556 6557 6552
f 6555 6554 6533
f 6533 6534 6555
f 6531 6533 6554
f 6595 6596 6597
f 6597 6594 6595
f 6594 6597 6598
f 6584 6594 6603
f 6601 6599 6600
f 6594 6599 6603
f 6594 6598 6599
f 6603 6599 6601
f 6591 6592 6593
f 6589 6590 6588
f 6590 6591 6587
f 6591 6593 6594
f 6587 6588 6590
f 6586 6587 6585
f 6585 6587 6591
f 6591 6584 6585
f 6591 6594 6584
f 6603 6601 6602
f 6604 6610 6603
f 6604 6605 6606
f 6606 6608 6604
f 6604 6608 6610
f 6575 6584 6610
f 6609 6610 6608
f 6608 6606 6607
f 6611 6575 6610
f 6582 6579 6580
f 6582 6578 6579
f 6581 6582 6580
f 6582 6583 6584
f 6576 6582 6584
f 6577 6578 6576
f 6576 6578 6582
f 6575 6576 6584
f 6575 6611 6574
f 6610 6584 6603
f 6735 6693 6734
f 6734 6693 6733
f 6736 6693 6735
f 6693 6739 6740
f 6738 6693 6737
f 6739 6693 6738
f 6693 6736 6737
f 6694 6693 6740
f 6669 6694 6668
f 6693 6669 6670
f 6694 6669 6693
f 6693 6732 6733
f 6671 6693 6670
f 6668 6714 6667
f 6667 6715 6666
f 6666 6716 6665
f 6714 6715 6667
f 6668 6694 6714
f 6694 6631 6714
f 6631 6694 6630
f 6694 6627 6628
f 6694 6629 6630
f 6715 6716 6666
f 6694 6628 6629
f 6694 6622 6623
f 6694 6625 6626
f 6694 6624 6625
f 6694 6623 6624
f 6626 6627 6694
f 6665 6717 6664
f 6719 6663 6664
f 6717 6718 6664
f 6718 6719 6664
f 6717 6665 6716
f 6720 6721 6663
f 6662 6721 6722
f 6721 6662 6663
f 6719 6720 6663
f 6622 6694 6695
f 6692 6671 6672
f 6673 6750 6692
f 6672 6673 6692
f 6673 6674 6750
f 6693 6671 6692
f 6675 6650 6674
f 6676 6677 6648
f 6650 6651 6750
f 6649 6675 6676
f 6650 6750 6674
f 6696 6750 6651
f 6758 6759 6692
f 6692 6757 6758
f 6757 6692 6756
f 6692 6755 6756
f 6755 6692 6754
f 6753 6754 6692
f 6692 6752 6753
f 6692 6751 6752
f 6751 6692 6750
f 6750 6696 6697
f 6645 6646 6678
f 6647 6648 6677
f 6678 6646 6647
f 6645 6678 6679
f 6676 6648 6649
f 6643 6680 6642
f 6680 6681 6642
f 6644 6645 6679
f 6643 6644 6679
f 6643 6679 6680
f 6649 6650 6675
f 6750 6698 6699
f 6750 6697 6698
f 6750 6700 6701
f 6750 6703 6704
f 6750 6702 6703
f 6750 6701 6702
f 6750 6699 6700
f 6677 6678 6647
f 6691 6750 6704
f 6723 6662 6722
f 6695 6620 6621
f 6695 6618 6619
f 6619 6620 6695
f 6695 6616 6617
f 6695 6614 6615
f 6730 6657 6729
f 6615 6616 6695
f 6617 6618 6695
f 6725 6660 6724
f 6661 6723 6724
f 6724 6660 6661
f 6660 6725 6726
f 6658 6659 6728
f 6660 6726 6659
f 6727 6659 6726
f 6728 6659 6727
f 6729 6658 6728
f 6723 6661 6662
f 6695 6741 6690
f 6742 6743 6690
f 6742 6690 6741
f 6744 6690 6743
f 6746 6690 6745
f 6748 6690 6747
f 6690 6746 6747
f 6690 6744 6745
f 6748 6749 6690
f 6612 6613 6695
f 6729 6657 6658
f 6656 6657 6730
f 6656 6730 6731
f 6731 6612 6695
f 6656 6731 6655
f 6655 6731 6695
f 6654 6655 6695
f 6690 6653 6654
f 6653 6690 6652
f 6654 6695 6690
f 6614 6695 6613
f 6695 6621 6622
f 6640 6641 6681
f 6681 6641 6642
f 6640 6682 6639
f 6639 6682 6638
f 6681 6682 6640
f 6638 6683 6637
f 6683 6636 6637
f 6636 6684 6635
f 6634 6635 6685
f 6682 6683 6638
f 6691 6708 6709
f 6691 6706 6707
f 6691 6705 6706
f 6707 6708 6691
f 6634 6686 6633
f 6691 6711 6712
f 6691 6710 6711
f 6691 6709 6710
f 6636 6683 6684
f 6686 6687 6633
f 6685 6635 6684
f 6634 6685 6686
f 6632 6691 6713
f 6687 6691 6633
f 6760 6689 6652
f 6688 6691 6687
f 6689 6760 6688
f 6632 6633 6691
f 6760 6652 6690
f 6691 6688 6760
f 6760 6766 6767
f 6769 6760 6768
f 6767 6768 6760
f 6760 6769 6691
f 6760 6762 6763
f 6760 6764 6765
f 6764 6760 6763
f 6760 6765 6766
f 6760 6761 6762
f 6712 6713 6691
f 6704 6705 6691
f 6775 6776 6772
f 6771 6773 6777
f 6774 6777 6776
f 6778 6779 6785
f 6784 6783 6782
f 6783 6784 6781
f 6791 6792 6788
f 6787 6789 6793
f 6790 6793 6792
f 6794 6795 6799
f 6800 6799 6798
f 6801 6798 6797
f 6810 6802 6811
f 6809 6810 6829
f 6811 6829 6810
f 6829 6811 6812
f 6829 6812 6813
f 6814 6830 6813
f 6830 6829 6813
f 6814 6815 6830
f 6828 6803 6809
f 6829 6828 6809
f 6829 6827 6828
f 6830 6831 6825
f 6830 6825 6826
f 6827 6830 6826
f 6827 6829 6830
f 6831 6815 6816
f 6816 6817 6832
f 6833 6832 6818
f 6831 6832 6824
f 6820 6834 6819
f 6820 6805 6807
f 6819 6833 6818
f 6820 6807 6834
f 6832 6833 6823
f 6823 6833 6822
f 6821 6834 6808
f 6807 6808 6834
f 6821 6822 6834
f 6808 6806 6821
f 6834 6833 6819
f 6843 6835 6844
f 6842 6843 6862
f 6844 6862 6843
f 6862 6844 6845
f 6862 6845 6846
f 6847 6863 6846
f 6863 6862 6846
f 6847 6848 6863
f 6861 6836 6842
f 6862 6861 6842
f 6862 6860 6861
f 6863 6864 6858
f 6863 6858 6859
f 6860 6863 6859
f 6860 6862 6863
f 6864 6848 6849
f 6849 6850 6865
f 6866 6865 6851
f 6864 6865 6857
f 6853 6867 6852
f 6853 6838 6840
f 6852 6866 6851
f 6853 6840 6867
f 6865 6866 6856
f 6856 6866 6855
f 6854 6867 6841
f 6840 6841 6867
f 6854 6855 6867
f 6841 6839 6854
f 6867 6866 6852
f 6876 6868 6877
f 6875 6876 6895
f 6877 6895 6876
f 6895 6877 6878
f 6895 6878 6879
f 6880 6896 6879
f 6896 6895 6879
f 6880 6881 6896
f 6894 6869 6875
f 6895 6894 6875
f 6895 6893 6894
f 6896 6897 6891
f 6896 6891 6892
f 6893 6896 6892
f 6893 6895 6896
f 6897 6881 6882
f 6882 6883 6898
f 6899 6898 6884
f 6897 6898 6890
f 6886 6900 6885
f 6886 6871 6873
f 6885 6899 6884
f 6886 6873 6900
f 6898 6899 6889
f 6889 6899 6888
f 6887 6900 6874
f 6873 6874 6900
f 6887 6888 6900
f 6874 6872 6887
f 6900 6899 6885
f 6907 6901 6910
f 6906 6907 6928
f 6910 6928 6907
f 6928 6910 6911
f 6928 6911 6912
f 6913 6929 6912
f 6929 6928 6912
f 6913 6914 6929
f 6927 6902 6906
f 6928 6927 6906
f 6928 6926 6927
f 6929 6930 6924
f 6929 6924 6925
f 6926 6929 6925
f 6926 6928 6929
f 6930 6914 6915
f 6915 6916 6931
f 6932 6931 6917
f 6930 6931 6923
f 6919 6933 6918
f 6919 6904 6908
f 6918 6932 6917
f 6919 6908 6933
f 6931 6932 6922
f 6922 6932 6921
f 6920 6933 6909
f 6908 6909 6933
f 6933 6920 6921
f 6909 6905 6920
f 6932 6933 6921
f 6933 6932 6918
f 6939 6940 6934
f 6941 6974 6973
f 6942 6973 6972
f 6940 6975 6974
f 6944 6971 6970
f 6946 6969 6968
f 6947 6968 6967
f 6945 6970 6969
f 6943 6972 6971
f 6975 6939 6935
f 6940 6939 6975
f 6966 6949 6948
f 6949 6966 6965
f 6951 6964 6963
f 6952 6963 6962
f 6950 6965 6964
f 6954 6961 6960
f 6956 6959 6958
f 6938 6936 6957
f 6955 6960 6959
f 6953 6962 6961
f 6938 6958 6937
f 6957 6958 6938
f 6981 6982 6976
f 6983 7016 7015
f 6984 7015 7014
f 6982 7017 7016
f 6986 7013 7012
f 6988 7011 7010
f 6989 7010 7009
f 6987 7012 7011
f 6985 7014 7013
f 7017 6981 6977
f 6982 6981 7017
f 7008 6991 6990
f 6991 7008 7007
f 6993 7006 7005
f 6994 7005 7004
f 6992 7007 7006
f 6996 7003 7002
f 6998 7001 7000
f 6980 6978 6999
f 6997 7002 7001
f 6995 7004 7003
f 6980 7000 6979
f 6999 7000 6980
f 7019 7021 7018
f 7024 7021 7019
f 7024 7023 7022
f 7024 7019 7020
f 7022 7021 7024
f 7032 7029 7027
f 7026 7028 7030
f 7031 7030 7029
f 7037 7036 7039
f 7035 7039 7033
f 7039 7035 7038
f 7038 7035 7034
f 7037 7039 7038
f 7060 7059 7050
f 7061 7060 7043
f 7043 7063 7062
f 7061 7043 7062
f 7050 7059 7058
f 7045 7055 7042
f 7056 7055 7053
f 7058 7057 7052
f 7056 7053 7057
f 7040 7041 7045
f 7043 7060 7044
f 7047 7046 7044
f 7048 7047 7044
f 7048 7044 7049
f 7058 7051 7050
f 7052 7057 7053
f 7053 7055 7054
f 7055 7045 7054
f 7052 7051 7058
f 7069 7072 7064
f 7068 7090 7069
f 7072 7069 7090
f 7090 7073 7072
f 7090 7074 7073
f 7075 7074 7091
f 7091 7074 7090
f 7092 7076 7075
f 7089 7068 7065
f 7090 7068 7089
f 7090 7089 7088
f 7086 7091 7087
f 7090 7088 7087
f 7085 7092 7086
f 7090 7087 7091
f 7077 7094 7078
f 7092 7085 7084
f 7094 7077 7092
f 7080 7079 7095
f 7080 7070 7066
f 7079 7078 7093
f 7080 7095 7070
f 7083 7093 7094
f 7093 7083 7082
f 7093 7082 7095
f 7081 7071 7095
f 7070 7095 7071
f 7071 7081 7067
f 7095 7079 7093
f 7101 7104 7096
f 7100 7122 7101
f 7104 7101 7122
f 7122 7105 7104
f 7122 7106 7105
f 7107 7106 7123
f 7123 7106 7122
f 7107 7123 7124
f 7121 7100 7097
f 7122 7100 7121
f 7122 7121 7120
f 7123 7118 7124
f 7123 7119 7118
f 7122 7120 7119
f 7122 7119 7123
f 7108 7124 7109
f 7109 7125 7110
f 7125 7116 7115
f 7126 7111 7110
f 7124 7117 7116
f 7111 7126 7127
f 7112 7102 7098
f 7102 7112 7127
f 7114 7126 7115
f 7113 7103 7127
f 7102 7127 7103
f 7103 7113 7099
f 7114 7113 7127
f 7127 7126 7114
f 7129 7128 7134
f 7132 7134 7133
f 7132 7131 7134
f 7129 7134 7131
f 7129 7131 7130
f 7140 7141 7137
f 7136 7138 7142
f 7139 7142 7141
f 7143 7148 7145
f 7149 7145 7148
f 7148 7147 7149
f 7149 7147 7146
f 7144 7145 7149
f 7172 7171 7157
f 7156 7173 7172
f 7160 7170 7169
f 7158 7171 7170
f 7155 7173 7156
f 7167 7154 7168
f 7168 7154 7153
f 7165 7154 7166
f 7167 7166 7154
f 7169 7168 7160
f 7155 7152 7151
f 7159 7158 7170
f 7157 7171 7158
f 7157 7156 7172
f 7152 7155 7156
f 7159 7170 7160
f 7164 7163 7153
f 7162 7153 7163
f 7162 7161 7153
f 7161 7168 7153
f 7168 7161 7160
f 7179 7182 7174
f 7178 7200 7179
f 7182 7179 7200
f 7200 7183 7182
f 7200 7184 7183
f 7185 7184 7201
f 7201 7184 7200
f 7185 7201 7202
f 7199 7178 7175
f 7200 7178 7199
f 7200 7199 7198
f 7201 7196 7202
f 7201 7197 7196
f 7200 7198 7197
f 7200 7197 7201
f 7186 7202 7187
f 7187 7203 7188
f 7203 7194 7193
f 7204 7189 7188
f 7202 7195 7194
f 7189 7204 7205
f 7190 7180 7176
f 7180 7190 7205
f 7192 7204 7193
f 7191 7181 7205
f 7180 7205 7181
f 7181 7191 7177
f 7191 7205 7192
f 7211 7214 7206
f 7210 7232 7211
f 7214 7211 7232
f 7232 7215 7214
f 7232 7216 7215
f 7217 7216 7233
f 7233 7216 7232
f 7234 7218 7217
f 7231 7210 7207
f 7232 7210 7231
f 7232 7231 7230
f 7228 7233 7229
f 7232 7230 7229
f 7227 7234 7228
f 7232 7229 7233
f 7219 7236 7220
f 7234 7227 7226
f 7236 7219 7234
f 7222 7221 7237
f 7222 7212 7208
f 7221 7220 7235
f 7222 7237 7212
f 7225 7235 7236
f 7235 7225 7224
f 7235 7224 7237
f 7223 7213 7237
f 7212 7237 7213
f 7213 7223 7209
f 7237 7221 7235
f 7242 7238 7262
f 7263 7264 7260
f 7264 7265 7259
f 7262 7263 7260
f 7266 7267 7256
f 7268 7269 7255
f 7269 7270 7253
f 7267 7268 7255
f 7265 7266 7258
f 7261 7239 7242
f 7262 7261 7242
f 7252 7253 7270
f 7271 7272 7252
f 7273 7274 7250
f 7275 7248 7249
f 7272 7273 7250
f 7277 7246 7276
f 7278 7279 7245
f 7243 7279 7240
f 7277 7278 7245
f 7276 7247 7275
f 7243 7241 7244
f 7279 7243 7244
f 7285 7280 7307
f 7325 7307 7308
f 7306 7285 7325
f 7325 7285 7307
f 7326 7325 7308
f 7310 7326 7309
f 7325 7326 7304
f 7310 7311 7327
f 7328 7327 7311
f 7312 7313 7328
f 7313 7314 7329
f 7314 7315 7330
f 7326 7327 7302
f 7306 7281 7285
f 7305 7306 7325
f 7303 7304 7326
f 7301 7302 7327
f 7328 7329 7299
f 7330 7331 7297
f 7329 7330 7298
f 7330 7297 7298
f 7301 7328 7300
f 7328 7301 7327
f 7331 7315 7316
f 7332 7316 7317
f 7317 7318 7333
f 7332 7333 7295
f 7334 7333 7318
f 7319 7320 7334
f 7333 7334 7294
f 7331 7332 7296
f 7320 7321 7335
f 7337 7336 7322
f 7336 7321 7322
f 7335 7336 7291
f 7323 7324 7338
f 7283 7286 7324
f 7334 7335 7292
f 7295 7296 7332
f 7291 7292 7335
f 7289 7290 7336
f 7337 7338 7288
f 7324 7286 7338
f 7286 7287 7338
f 7286 7284 7287
f 7287 7288 7338
f 7316 7332 7331
f 7344 7345 7339
f 7346 7379 7378
f 7347 7378 7377
f 7345 7380 7379
f 7349 7376 7375
f 7352 7351 7374
f 7352 7373 7372
f 7350 7375 7374
f 7348 7377 7376
f 7380 7344 7340
f 7345 7344 7380
f 7353 7372 7371
f 7355 7354 7371
f 7356 7369 7368
f 7357 7368 7367
f 7356 7355 7370
f 7360 7359 7366
f 7362 7361 7364
f 7343 7341 7362
f 7361 7360 7365
f 7359 7358 7367
f 7343 7363 7342
f 7362 7363 7343
f 7383 7384 7417
f 7384 7385 7416
f 7385 7386 7416
f 7419 7381 7382
f 7382 7418 7419
f 7383 7417 7418
f 7383 7418 7382
f 7420 7381 7419
f 7414 7386 7387
f 7389 7413 7388
f 7411 7412 7390
f 7389 7390 7412
f 7391 7411 7390
f 7412 7413 7389
f 7416 7417 7384
f 7414 7415 7386
f 7413 7414 7387
f 7416 7386 7415
f 7388 7413 7387
f 7456 7381 7421
f 7420 7421 7381
f 7456 7421 7422
f 7455 7456 7422
f 7454 7455 7422
f 7452 7453 7424
f 7454 7423 7453
f 7426 7451 7452
f 7454 7422 7423
f 7424 7425 7452
f 7451 7427 7450
f 7426 7427 7451
f 7425 7426 7452
f 7449 7450 7427
f 7449 7429 7448
f 7447 7448 7429
f 7428 7429 7449
f 7449 7427 7428
f 7423 7424 7453
f 7391 7409 7410
f 7411 7391 7410
f 7392 7409 7391
f 7393 7409 7392
f 7393 7408 7409
f 7407 7395 7406
f 7406 7396 7405
f 7394 7407 7408
f 7408 7393 7394
f 7406 7395 7396
f 7404 7405 7397
f 7405 7396 7397
f 7397 7398 7404
f 7403 7404 7398
f 7401 7402 7399
f 7398 7402 7403
f 7400 7401 7399
f 7398 7399 7402
f 7394 7395 7407
f 7444 7445 7432
f 7434 7443 7433
f 7433 7444 7432
f 7429 7430 7447
f 7446 7447 7430
f 7446 7431 7445
f 7432 7445 7431
f 7430 7431 7446
f 7442 7434 7435
f 7437 7441 7436
f 7438 7401 7439
f 7400 7439 7401
f 7440 7437 7438
f 7438 7439 7440
f 7444 7433 7443
f 7442 7436 7441
f 7443 7434 7442
f 7437 7440 7441
f 7442 7435 7436
f 7462 7463 7457
f 7464 7497 7496
f 7465 7496 7495
f 7463 7498 7497
f 7467 7494 7493
f 7469 7492 7491
f 7470 7491 7490
f 7468 7493 7492
f 7466 7495 7494
f 7498 7462 7458
f 7463 7462 7498
f 7471 7490 7489
f 7473 7472 7489
f 7474 7487 7486
f 7475 7486 7485
f 7473 7488 7487
f 7478 7477 7484
f 7480 7479 7482
f 7461 7459 7480
f 7479 7478 7483
f 7477 7476 7485
f 7461 7481 7460
f 7480 7481 7461
f 7501 7502 7535
f 7502 7503 7534
f 7503 7504 7534
f 7537 7499 7500
f 7500 7536 7537
f 7501 7535 7536
f 7501 7536 7500
f 7538 7499 7537
f 7532 7504 7505
f 7507 7531 7506
f 7530 7507 7529
f 7508 7529 7507
f 7509 7529 7508
f 7530 7531 7507
f 7534 7535 7502
f 7532 7533 7504
f 7531 7532 7505
f 7534 7504 7533
f 7506 7531 7505
f 7574 7499 7539
f 7538 7539 7499
f 7574 7539 7540
f 7573 7574 7540
f 7572 7573 7540
f 7570 7571 7543
f 7572 7542 7571
f 7544 7569 7570
f 7572 7540 7541
f 7542 7543 7571
f 7569 7545 7568
f 7544 7545 7569
f 7543 7544 7570
f 7546 7567 7568
f 7566 7546 7547
f 7548 7566 7547
f 7567 7546 7566
f 7546 7568 7545
f 7541 7542 7572
f 7509 7527 7528
f 7529 7509 7528
f 7510 7527 7509
f 7511 7527 7510
f 7511 7526 7527
f 7525 7513 7524
f 7524 7514 7523
f 7512 7525 7526
f 7526 7511 7512
f 7524 7513 7514
f 7522 7523 7515
f 7515 7523 7514
f 7515 7516 7522
f 7521 7522 7516
f 7519 7520 7517
f 7516 7520 7521
f 7518 7519 7517
f 7516 7517 7520
f 7512 7513 7525
f 7562 7563 7550
f 7552 7561 7551
f 7551 7562 7550
f 7566 7548 7565
f 7549 7565 7548
f 7564 7549 7563
f 7550 7563 7549
f 7565 7549 7564
f 7560 7552 7553
f 7555 7558 7554
f 7556 7519 7557
f 7518 7557 7519
f 7558 7555 7556
f 7556 7557 7558
f 7562 7551 7561
f 7553 7559 7560
f 7561 7552 7560
f 7554 7558 7559
f 7553 7554 7559
f 7577 7611 7578
f 7578 7610 7579
f 7579 7610 7580
f 7613 7576 7575
f 7576 7613 7612
f 7577 7612 7611
f 7577 7576 7612
f 7614 7613 7575
f 7608 7581 7580
f 7583 7582 7607
f 7605 7584 7606
f 7583 7606 7584
f 7585 7584 7605
f 7606 7583 7607
f 7610 7578 7611
f 7608 7580 7609
f 7607 7581 7608
f 7610 7609 7580
f 7582 7581 7607
f 7650 7615 7575
f 7614 7575 7615
f 7650 7616 7615
f 7649 7616 7650
f 7617 7649 7648
f 7647 7617 7648
f 7647 7646 7618
f 7645 7620 7646
f 7617 7616 7649
f 7618 7646 7619
f 7645 7644 7621
f 7620 7645 7621
f 7619 7646 7620
f 7643 7621 7644
f 7642 7623 7622
f 7641 7624 7623
f 7643 7642 7622
f 7643 7622 7621
f 7617 7647 7618
f 7585 7604 7603
f 7605 7604 7585
f 7586 7585 7603
f 7587 7586 7603
f 7587 7603 7602
f 7601 7600 7589
f 7600 7599 7589
f 7588 7602 7601
f 7602 7588 7587
f 7599 7590 7589
f 7591 7590 7598
f 7599 7598 7590
f 7598 7592 7591
f 7597 7592 7598
f 7595 7593 7596
f 7597 7596 7593
f 7594 7593 7595
f 7597 7593 7592
f 7588 7601 7589
f 7638 7626 7639
f 7628 7627 7637
f 7627 7626 7638
f 7640 7624 7641
f 7640 7639 7625
f 7626 7625 7639
f 7624 7640 7625
f 7636 7629 7628
f 7631 7630 7635
f 7632 7633 7595
f 7594 7595 7633
f 7631 7633 7632
f 7633 7631 7634
f 7638 7637 7627
f 7636 7635 7630
f 7637 7636 7628
f 7631 7635 7634
f 7636 7630 7629
f 7656 7657 7651
f 7658 7691 7690
f 7659 7690 7689
f 7657 7692 7691
f 7661 7688 7687
f 7663 7686 7685
f 7665 7664 7685
f 7662 7687 7686
f 7661 7660 7689
f 7692 7656 7652
f 7657 7656 7692
f 7665 7684 7683
f 7666 7683 7682
f 7669 7668 7681
f 7670 7669 7680
f 7667 7682 7681
f 7672 7671 7678
f 7673 7676 7675
f 7655 7653 7674
f 7673 7672 7677
f 7671 7670 7679
f 7655 7675 7654
f 7674 7675 7655
f 7695 7729 7696
f 7696 7728 7697
f 7697 7728 7698
f 7731 7694 7693
f 7694 7731 7730
f 7695 7730 7729
f 7695 7694 7730
f 7732 7731 7693
f 7726 7699 7698
f 7701 7700 7725
f 7724 7723 7701
f 7702 7701 7723
f 7703 7702 7723
f 7724 7701 7725
f 7728 7696 7729
f 7726 7698 7727
f 7725 7699 7726
f 7728 7727 7698
f 7700 7699 7725
f 7768 7733 7693
f 7732 7693 7733
f 7768 7734 7733
f 7767 7734 7768
f 7766 7734 7767
f 7765 7736 7766
f 7764 7737 7765
f 7764 7763 7738
f 7766 7735 7734
f 7736 7765 7737
f 7763 7762 7739
f 7738 7763 7739
f 7737 7764 7738
f 7761 7739 7762
f 7760 7741 7740
f 7759 7741 7760
f 7761 7760 7740
f 7761 7740 7739
f 7735 7766 7736
f 7704 7703 7722
f 7723 7722 7703
f 7721 7704 7722
f 7705 7704 7721
f 7705 7721 7720
f 7719 7718 7707
f 7718 7717 7708
f 7706 7720 7719
f 7720 7706 7705
f 7718 7708 7707
f 7716 7709 7717
f 7708 7717 7709
f 7716 7710 7709
f 7715 7710 7716
f 7713 7711 7714
f 7715 7714 7711
f 7712 7711 7713
f 7715 7711 7710
f 7706 7719 7707
f 7756 7744 7757
f 7746 7745 7755
f 7745 7744 7756
f 7741 7759 7742
f 7758 7742 7759
f 7758 7757 7743
f 7744 7743 7757
f 7742 7758 7743
f 7755 7747 7746
f 7749 7748 7752
f 7750 7751 7713
f 7712 7713 7751
f 7752 7750 7749
f 7750 7752 7751
f 7756 7755 7745
f 7747 7754 7753
f 7754 7747 7755
f 7752 7748 7753
f 7747 7753 7748
f 7774 7775 7769
f 7776 7809 7808
f 7777 7808 7807
f 7775 7810 7809
f 7779 7806 7805
f 7781 7804 7803
f 7783 7782 7803
f 7780 7805 7804
f 7779 7778 7807
f 7810 7774 7770
f 7775 7774 7810
f 7783 7802 7801
f 7784 7801 7800
f 7787 7786 7799
f 7788 7787 7798
f 7786 7785 7800
f 7790 7789 7796
f 7792 7791 7794
f 7773 7771 7792
f 7791 7790 7795
f 7789 7788 7797
f 7773 7793 7772
f 7792 7793 7773
f 7813 7811 7812
f 7817 7818 7815
f 7821 7819 7820
f 7824 7826 7825
f 7827 7830 7828
f 7833 7831 7834
f 7836 7835 7837
f 7841 7842 7840
f 7845 7846 7843
f 7850 7847 7849
f 7854 7852 7853
f 7855 7858 7857
f 7859 7860 7861
f 7863 7865 7866
f 7867 7870 7869
f 7872 7871 7873
f 7877 7878 7876
f 7879 7882 7881
f 7883 7885 7886
f 7889 7887 7888
f 7893 7896 7891
f 7894 7895 7896
f 7892 7895 7894
f 7893 7894 7896
f 7899 7902 7897
f 7899 7901 7902
f 7898 7901 7900
f 7899 7900 7901
f 7919 7908 7903
f 7918 7930 7919
f 7908 7919 7930
f 7930 7909 7908
f 7930 7910 7909
f 7911 7910 7931
f 7931 7910 7930
f 7932 7905 7911
f 7929 7918 7904
f 7930 7918 7929
f 7930 7929 7928
f 7926 7931 7927
f 7930 7928 7927
f 7925 7932 7931
f 7930 7927 7931
f 7912 7934 7913
f 7932 7924 7934
f 7934 7912 7932
f 7914 7933 7935
f 7915 7916 7906
f 7914 7913 7933
f 7915 7935 7916
f 7934 7923 7922
f 7922 7921 7933
f 7920 7917 7935
f 7916 7935 7917
f 7935 7921 7920
f 7917 7920 7907
f 7933 7921 7935
f 7925 7924 7932
f 7950 7940 7936
f 7949 7963 7950
f 7940 7950 7963
f 7963 7941 7940
f 7964 7942 7941
f 7965 7944 7943
f 7942 7964 7943
f 7963 7964 7941
f 7963 7959 7958
f 7960 7949 7937
f 7963 7949 7960
f 7963 7960 7959
f 7958 7957 7964
f 7956 7965 7964
f 7956 7955 7965
f 7966 7945 7965
f 7967 7946 7966
f 7965 7955 7966
f 7947 7967 7968
f 7948 7961 7938
f 7947 7946 7967
f 7948 7968 7961
f 7966 7954 7953
f 7953 7952 7967
f 7951 7962 7968
f 7961 7968 7962
f 7968 7952 7951
f 7962 7951 7939
f 7967 7952 7968
f 7974 7977 7976
f 7971 7975 7969
f 7975 7971 7976
f 7973 7970 7972
f 7973 7977 7974
f 7974 7976 7971
f 7973 7972 7977
f 7985 7978 7980
f 7979 7984 7983
f 7984 7985 7982
f 7989 7986 7994
f 7991 7993 7987
f 7993 7990 7994
f 7994 7990 7989
f 7987 7988 7992
f 7987 7992 7991
f 7993 7991 7990
f 8008 7997 7995
f 8007 8022 8008
f 7997 8008 8022
f 8022 7998 7997
f 8022 7999 7998
f 8000 7999 8023
f 8023 7999 8022
f 8024 8001 8000
f 8018 8007 8006
f 8022 8007 8018
f 8022 8018 8017
f 8015 8023 8016
f 8022 8017 8016
f 8023 8015 8014
f 8024 8023 8014
f 8022 8016 8023
f 8002 8026 8003
f 8024 8013 8026
f 8026 8002 8024
f 8004 8025 8027
f 8005 8020 8019
f 8004 8003 8025
f 8005 8027 8020
f 8026 8012 8011
f 8011 8010 8025
f 8009 8021 8027
f 8020 8027 8021
f 8027 8010 8009
f 8021 8009 7996
f 8025 8010 8027
f 8014 8013 8024
f 8044 8033 8028
f 8043 8055 8044
f 8033 8044 8055
f 8055 8034 8033
f 8056 8035 8055
f 8036 8035 8056
f 8057 8030 8036
f 8054 8043 8029
f 8055 8043 8054
f 8055 8054 8053
f 8051 8056 8052
f 8055 8053 8052
f 8056 8051 8050
f 8057 8056 8050
f 8055 8052 8056
f 8037 8059 8038
f 8057 8049 8059
f 8059 8037 8057
f 8040 8039 8060
f 8040 8041 8031
f 8039 8038 8058
f 8040 8060 8041
f 8059 8048 8047
f 8047 8046 8058
f 8045 8042 8060
f 8041 8060 8042
f 8060 8046 8045
f 8042 8045 8032
f 8058 8046 8060
f 8060 8039 8058
f 8050 8049 8057
f 8065 8064 8061
f 8062 8065 8061
f 8064 8065 8066
f 8064 8066 8063
f 8069 8067 8072
f 8070 8072 8071
f 8068 8070 8071
f 8069 8072 8070
f 8075 8073 8074
f 8078 8080 8079
f 8083 8084 8081
f 8088 8087 8086
f 8091 8092 8090
f 8093 8096 8094
f 8099 8100 8098
f 8102 8104 8103
f 8106 8108 8107
f 8111 8112 8109
f 8115 8116 8113
f 8117 8120 8119
f 8124 8122 8123
f 8126 8128 8127
f 8130 8129 8131
f 8134 8136 8135
f 8138 8140 8139
f 8143 8144 8142
f 8146 8147 8148
f 8152 8150 8151
f 8155 8158 8153
f 8155 8157 8158
f 8154 8157 8156
f 8155 8156 8157
f 8163 8159 8162
f 8160 8159 8163
f 8162 8164 8163
f 8162 8161 8164
f 8178 8167 8165
f 8177 8192 8178
f 8167 8178 8192
f 8192 8168 8167
f 8193 8169 8168
f 8194 8171 8170
f 8169 8193 8170
f 8192 8193 8168
f 8192 8187 8186
f 8188 8177 8176
f 8192 8177 8188
f 8192 8188 8187
f 8186 8185 8193
f 8184 8194 8193
f 8184 8183 8194
f 8195 8172 8194
f 8196 8173 8195
f 8194 8183 8195
f 8174 8196 8197
f 8175 8190 8189
f 8174 8173 8196
f 8175 8197 8190
f 8195 8182 8181
f 8181 8180 8196
f 8179 8191 8197
f 8190 8197 8191
f 8197 8180 8179
f 8191 8179 8166
f 8196 8180 8197
f 8214 8202 8201
f 8213 8225 8214
f 8202 8214 8225
f 8225 8203 8202
f 8225 8204 8203
f 8205 8204 8226
f 8226 8204 8225
f 8227 8206 8205
f 8224 8213 8198
f 8225 8213 8224
f 8225 8224 8223
f 8221 8226 8222
f 8225 8223 8222
f 8226 8221 8220
f 8227 8226 8220
f 8225 8222 8226
f 8207 8229 8208
f 8227 8219 8229
f 8229 8207 8227
f 8210 8209 8230
f 8210 8211 8199
f 8209 8208 8228
f 8210 8230 8211
f 8229 8218 8217
f 8217 8216 8228
f 8215 8212 8230
f 8211 8230 8212
f 8230 8216 8215
f 8212 8215 8200
f 8228 8216 8230
f 8230 8209 8228
f 8220 8219 8227
f 8238 8231 8233
f 8232 8237 8236
f 8237 8238 8235
f 8244 8247 8246
f 8241 8245 8239
f 8245 8241 8246
f 8243 8240 8242
f 8243 8247 8244
f 8244 8246 8241
f 8243 8242 8247
f 8262 8252 8248
f 8261 8275 8262
f 8252 8262 8275
f 8275 8253 8252
f 8276 8254 8275
f 8255 8254 8276
f 8277 8256 8255
f 8272 8261 8249
f 8275 8261 8272
f 8275 8272 8271
f 8269 8276 8270
f 8275 8271 8270
f 8268 8277 8276
f 8275 8270 8276
f 8257 8279 8258
f 8277 8267 8279
f 8279 8257 8277
f 8260 8259 8280
f 8260 8273 8250
f 8259 8258 8278
f 8260 8280 8273
f 8279 8266 8265
f 8265 8264 8278
f 8263 8274 8280
f 8273 8280 8274
f 8280 8264 8263
f 8274 8263 8251
f 8278 8264 8280
f 8280 8259 8278
f 8268 8267 8277
f 8284 8281 8289
f 8286 8288 8282
f 8288 8285 8289
f 8289 8285 8284
f 8282 8283 8287
f 8282 8287 8286
f 8288 8286 8285
f 8295 8293 8290
f 8291 8294 8290
f 8290 8294 8295
f 8293 8295 8292
f 8312 8299 8296
f 8311 8323 8312
f 8299 8312 8323
f 8323 8300 8299
f 8323 8301 8300
f 8302 8301 8324
f 8324 8301 8323
f 8325 8303 8302
f 8322 8311 8297
f 8323 8311 8322
f 8323 8322 8321
f 8319 8324 8320
f 8323 8321 8320
f 8318 8325 8324
f 8323 8320 8324
f 8326 8305 8304
f 8325 8317 8326
f 8326 8304 8325
f 8327 8305 8326
f 8307 8306 8328
f 8307 8309 8308
f 8306 8305 8327
f 8307 8328 8309
f 8326 8316 8315
f 8315 8314 8327
f 8313 8310 8328
f 8309 8328 8310
f 8328 8314 8313
f 8310 8313 8298
f 8327 8314 8328
f 8328 8306 8327
f 8318 8317 8325
f 8332 8334 8329
f 8331 8333 8334
f 8330 8333 8331
f 8332 8331 8334
f 8335 8363 8362
f 8364 8365 8360
f 8365 8366 8359
f 8363 8364 8361
f 8337 8367 8357
f 8367 8368 8356
f 8369 8370 8354
f 8370 8338 8353
f 8368 8369 8355
f 8366 8337 8358
f 8337 8357 8358
f 8352 8339 8338
f 8372 8373 8350
f 8371 8372 8351
f 8373 8374 8349
f 8374 8340 8348
f 8340 8375 8347
f 8376 8377 8345
f 8377 8378 8344
f 8375 8376 8346
f 8378 8341 8343
f 8347 8348 8340
f 8380 8382 8381
f 8384 8383 8385
f 8401 8402 8403
f 8403 8412 8401
f 8404 8412 8403
f 8406 8413 8405
f 8405 8412 8404
f 8414 8413 8406
f 8387 8401 8399
f 8412 8399 8401
f 8412 8398 8399
f 8398 8412 8397
f 8396 8397 8413
f 8412 8413 8397
f 8395 8396 8413
f 8413 8412 8405
f 8408 8409 8416
f 8414 8416 8394
f 8416 8414 8408
f 8411 8417 8410
f 8411 8388 8400
f 8410 8415 8409
f 8411 8400 8417
f 8416 8415 8392
f 8392 8415 8391
f 8390 8391 8417
f 8415 8417 8391
f 8400 8390 8417
f 8390 8400 8389
f 8417 8415 8410
f 8395 8414 8394
f 8423 8418 8420
f 8419 8423 8422
f 8427 8424 8428
f 8426 8427 8429
f 8445 8430 8446
f 8446 8455 8445
f 8447 8455 8446
f 8449 8456 8448
f 8448 8455 8447
f 8457 8456 8449
f 8431 8445 8442
f 8455 8442 8445
f 8455 8441 8442
f 8441 8455 8440
f 8439 8440 8456
f 8455 8456 8440
f 8438 8439 8456
f 8456 8455 8448
f 8458 8451 8452
f 8457 8458 8437
f 8458 8457 8451
f 8459 8458 8452
f 8453 8454 8460
f 8454 8443 8444
f 8453 8459 8452
f 8454 8444 8460
f 8458 8459 8435
f 8435 8459 8434
f 8433 8434 8460
f 8459 8460 8434
f 8444 8433 8460
f 8433 8444 8432
f 8438 8457 8437
f 8474 8475 8476
f 8476 8486 8474
f 8477 8486 8476
f 8479 8487 8478
f 8478 8486 8477
f 8488 8487 8479
f 8461 8474 8473
f 8486 8473 8474
f 8486 8472 8473
f 8472 8486 8471
f 8470 8471 8487
f 8486 8487 8471
f 8469 8470 8487
f 8487 8486 8478
f 8489 8481 8482
f 8488 8489 8468
f 8489 8488 8481
f 8490 8489 8482
f 8484 8491 8483
f 8484 8462 8485
f 8483 8490 8482
f 8484 8485 8491
f 8489 8490 8466
f 8466 8490 8465
f 8464 8465 8491
f 8490 8491 8465
f 8485 8464 8491
f 8464 8485 8463
f 8491 8490 8483
f 8469 8488 8468
f 8497 8492 8494
f 8496 8497 8495
f 8501 8498 8502
f 8499 8501 8503
f 8518 8519 8520
f 8520 8529 8518
f 8521 8529 8520
f 8523 8530 8522
f 8522 8529 8521
f 8531 8530 8523
f 8517 8518 8515
f 8529 8515 8518
f 8529 8514 8515
f 8514 8529 8513
f 8512 8513 8530
f 8529 8530 8513
f 8511 8512 8530
f 8530 8529 8522
f 8532 8525 8526
f 8531 8532 8510
f 8532 8531 8525
f 8533 8532 8526
f 8527 8528 8534
f 8528 8504 8516
f 8527 8533 8526
f 8528 8516 8534
f 8532 8533 8508
f 8508 8533 8507
f 8506 8507 8534
f 8533 8534 8507
f 8516 8506 8534
f 8506 8516 8505
f 8511 8531 8510
f 4426 4390 4391
f 4427 4392 4383
f 4425 4422 4423
f 4393 4428 4427
f 4394 4429 4428
f 4395 4430 4429
f 4396 4431 4430
f 4426 4420 4421
f 4428 4417 4418
f 4431 4385 4415
f 4429 4416 4417
f 4397 4432 4431
f 4433 4412 4413
f 4434 4400 4386
f 4435 4399 4400
f 4435 4411 4412
f 4431 4414 4385
f 4401 4436 4434
f 4402 4437 4436
f 4435 4410 4411
f 4409 4434 4436
f 4407 4436 4437
f 4437 4406 4407
f 4444 4477 4445
f 4445 4476 4446
f 4443 4478 4444
f 4447 4474 4448
f 4449 4472 4450
f 4450 4471 4451
f 4448 4473 4449
f 4446 4475 4447
f 4451 4470 4452
f 4452 4469 4453
f 4455 4468 4467
f 4455 4466 4456
f 4454 4469 4468
f 4457 4464 4458
f 4460 4463 4462
f 4459 4464 4463
f 4456 4465 4457
f 4486 4519 4487
f 4488 4519 4518
f 4485 4520 4486
f 4489 4516 4490
f 4492 4515 4514
f 4492 4513 4493
f 4490 4515 4491
f 4489 4518 4517
f 4493 4512 4494
f 4494 4511 4495
f 4497 4510 4509
f 4498 4509 4508
f 4495 4510 4496
f 4500 4507 4506
f 4502 4505 4504
f 4501 4506 4505
f 4499 4508 4507
f 4528 4561 4529
f 4529 4560 4530
f 4527 4562 4528
f 4532 4559 4558
f 4533 4556 4534
f 4534 4555 4535
f 4532 4557 4533
f 4531 4560 4559
f 4535 4554 4536
f 4536 4553 4537
f 4538 4551 4539
f 4539 4550 4540
f 4537 4552 4538
f 4541 4548 4542
f 4544 4547 4546
f 4542 4547 4543
f 4540 4549 4541
f 4570 4603 4571
f 4572 4603 4602
f 4569 4604 4570
f 4573 4600 4574
f 4576 4599 4598
f 4576 4597 4577
f 4574 4599 4575
f 4573 4602 4601
f 4577 4596 4578
f 4578 4595 4579
f 4581 4594 4593
f 4582 4593 4592
f 4580 4595 4594
f 4584 4591 4590
f 4585 4588 4586
f 4584 4589 4585
f 4583 4592 4591
f 4613 4645 4646
f 4613 4644 4645
f 4612 4646 4647
f 4616 4642 4643
f 4618 4641 4617
f 4618 4639 4640
f 4617 4641 4642
f 4614 4643 4644
f 4638 4619 4620
f 4621 4638 4620
f 4622 4635 4636
f 4623 4634 4635
f 4621 4636 4637
f 4626 4632 4633
f 4627 4630 4631
f 4627 4631 4632
f 4625 4633 4634
f 4654 4687 4688
f 4655 4686 4687
f 4653 4688 4689
f 4657 4684 4685
f 4660 4682 4683
f 4660 4681 4682
f 4658 4683 4684
f 4657 4685 4686
f 4661 4680 4681
f 4663 4680 4662
f 4665 4677 4678
f 4666 4676 4677
f 4663 4678 4679
f 4674 4675 4667
f 4670 4672 4673
f 4669 4673 4674
f 4666 4675 4676
f 4696 4729 4697
f 4697 4728 4698
f 4695 4730 4696
f 4699 4726 4700
f 4701 4724 4702
f 4702 4723 4703
f 4700 4725 4701
f 4698 4727 4699
f 4703 4722 4704
f 4704 4721 4705
f 4706 4719 4707
f 4707 4718 4708
f 4705 4720 4706
f 4709 4716 4710
f 4711 4714 4712
f 4710 4715 4711
f 4708 4717 4709
f 4738 4771 4739
f 4739 4770 4740
f 4737 4772 4738
f 4741 4768 4742
f 4743 4766 4744
f 4744 4765 4745
f 4742 4767 4743
f 4740 4769 4741
f 4745 4764 4746
f 4746 4763 4747
f 4748 4761 4749
f 4749 4760 4750
f 4747 4762 4748
f 4751 4758 4752
f 4753 4756 4754
f 4752 4757 4753
f 4750 4759 4751
f 4780 4810 4811
f 4781 4809 4810
f 4779 4811 4812
f 4783 4807 4808
f 4785 4805 4806
f 4786 4804 4805
f 4784 4806 4807
f 4782 4808 4809
f 4787 4803 4804
f 4788 4802 4803
f 4790 4800 4801
f 4791 4799 4800
f 4789 4801 4802
f 4793 4797 4798
f 4792 4798 4799
f 4823 4855 4856
f 4825 4853 4854
f 4826 4852 4853
f 4824 4854 4855
f 4827 4851 4852
f 4850 4828 4829
f 4829 4849 4850
f 4831 4847 4848
f 4832 4846 4847
f 4830 4848 4849
f 4834 4844 4845
f 4835 4843 4844
f 4837 4841 4842
f 4836 4842 4843
f 4833 4845 4846
f 4886 4884 4885
f 4887 4883 4884
f 4889 4881 4882
f 4890 4880 4881
f 4891 4878 4879
f 4892 4877 4878
f 4891 4879 4880
f 4893 4876 4877
f 4896 4874 4875
f 4898 4872 4873
f 4898 4871 4872
f 4897 4873 4874
f 4900 4869 4870
f 4902 4867 4868
f 4903 4866 4867
f 4899 4870 4871
f 4911 4944 4912
f 4912 4943 4913
f 4910 4945 4911
f 4914 4941 4915
f 4916 4939 4917
f 4917 4938 4918
f 4915 4940 4916
f 4913 4942 4914
f 4937 4918 4938
f 4919 4936 4920
f 4921 4934 4922
f 4922 4933 4923
f 4920 4935 4921
f 4924 4931 4925
f 4926 4929 4927
f 4925 4930 4926
f 4923 4932 4924
f 4953 4986 4954
f 4955 4986 4985
f 4952 4987 4953
f 4956 4983 4957
f 4959 4982 4981
f 4959 4980 4960
f 4958 4983 4982
f 4955 4984 4956
f 4960 4979 4961
f 4961 4978 4962
f 4963 4976 4964
f 4964 4975 4965
f 4962 4977 4963
f 4967 4974 4973
f 4968 4971 4969
f 4967 4972 4968
f 4966 4975 4974
f 4995 5028 4996
f 4997 5028 5027
f 4994 5029 4995
f 4998 5025 4999
f 5001 5024 5023
f 5002 5023 5022
f 4999 5024 5000
f 4997 5026 4998
f 5022 5003 5002
f 5004 5021 5020
f 5006 5019 5018
f 5007 5018 5017
f 5005 5020 5019
f 5009 5016 5015
f 5010 5013 5011
f 5010 5015 5014
f 5008 5017 5016
f 5037 5070 5038
f 5038 5069 5039
f 5036 5071 5037
f 5040 5067 5041
f 5042 5065 5043
f 5043 5064 5044
f 5041 5066 5042
f 5039 5068 5040
f 5063 5044 5064
f 5045 5062 5046
f 5047 5060 5048
f 5048 5059 5049
f 5046 5061 5047
f 5050 5057 5051
f 5052 5055 5053
f 5051 5056 5052
f 5049 5058 5050
f 5079 5112 5080
f 5081 5112 5111
f 5078 5113 5079
f 5082 5109 5083
f 5085 5108 5107
f 5086 5107 5106
f 5083 5108 5084
f 5081 5110 5082
f 5106 5087 5086
f 5088 5105 5104
f 5090 5103 5102
f 5091 5102 5101
f 5089 5104 5103
f 5093 5100 5099
f 5094 5097 5095
f 5094 5099 5098
f 5092 5101 5100
f 5121 5154 5122
f 5123 5154 5153
f 5120 5155 5121
f 5124 5151 5125
f 5127 5150 5149
f 5127 5148 5128
f 5126 5151 5150
f 5123 5152 5124
f 5128 5147 5129
f 5129 5146 5130
f 5131 5144 5132
f 5132 5143 5133
f 5130 5145 5131
f 5135 5142 5141
f 5136 5139 5137
f 5135 5140 5136
f 5134 5143 5142
f 5246 5278 5277
f 5247 5277 5276
f 5244 5278 5245
f 5249 5275 5274
f 5251 5273 5272
f 5251 5271 5252
f 5250 5274 5273
f 5248 5276 5275
f 5252 5270 5253
f 5254 5270 5269
f 5255 5267 5256
f 5256 5266 5257
f 5255 5269 5268
f 5259 5265 5264
f 5260 5262 5261
f 5259 5263 5260
f 5257 5265 5258
f 5287 5319 5288
f 5289 5319 5318
f 5286 5320 5287
f 5290 5316 5291
f 5293 5315 5314
f 5294 5314 5313
f 5291 5315 5292
f 5289 5317 5290
f 5313 5295 5294
f 5296 5312 5311
f 5297 5309 5298
f 5298 5308 5299
f 5297 5311 5310
f 5301 5307 5306
f 5303 5305 5304
f 5302 5306 5305
f 5299 5307 5300
f 5407 5439 5408
f 5408 5438 5409
f 5406 5440 5407
f 5410 5436 5411
f 5412 5434 5413
f 5413 5433 5414
f 5411 5435 5412
f 5409 5437 5410
f 5414 5432 5415
f 5415 5431 5416
f 5417 5429 5418
f 5418 5428 5419
f 5416 5430 5417
f 5420 5426 5421
f 5422 5424 5423
f 5421 5425 5422
f 5419 5427 5420
f 5467 5465 5466
f 5452 5453 5454
f 5594 5595 5596
f 5598 5599 5597
f 5605 5643 5604
f 5684 5682 5681
f 5686 5687 5688
f 5710 5712 5709
f 5714 5715 5716
f 5741 5739 5738
f 5797 5798 5799
f 5802 5803 5801
f 5806 5810 5811
f 5814 5807 5805
f 5872 5879 5880
f 5925 5926 5924
f 5936 5968 5967
f 5937 5967 5966
f 5934 5968 5935
f 5939 5965 5964
f 5941 5963 5962
f 5941 5961 5942
f 5940 5964 5963
f 5938 5966 5965
f 5942 5960 5943
f 5944 5960 5959
f 5945 5957 5946
f 5946 5956 5947
f 5945 5959 5958
f 5949 5955 5954
f 5950 5952 5951
f 5949 5953 5950
f 5947 5955 5948
f 5977 6009 5978
f 5979 6009 6008
f 5976 6010 5977
f 5980 6006 5981
f 5983 6005 6004
f 5984 6004 6003
f 5981 6005 5982
f 5979 6007 5980
f 6003 5985 5984
f 5986 6002 6001
f 5987 5999 5988
f 5988 5998 5989
f 5987 6001 6000
f 5991 5997 5996
f 5993 5995 5994
f 5992 5996 5995
f 5989 5997 5990
f 6013 6014 6012
f 6017 6018 6016
f 6021 6022 6020
f 6107 6139 6108
f 6108 6138 6109
f 6106 6140 6107
f 6110 6136 6111
f 6112 6134 6113
f 6113 6133 6114
f 6111 6135 6112
f 6109 6137 6110
f 6114 6132 6115
f 6115 6131 6116
f 6117 6129 6118
f 6118 6128 6119
f 6116 6130 6117
f 6120 6126 6121
f 6122 6124 6123
f 6121 6125 6122
f 6119 6127 6120
f 6149 6185 6186
f 6150 6184 6185
f 6152 6182 6183
f 6153 6181 6182
f 6154 6179 6180
f 6155 6178 6179
f 6154 6180 6181
f 6156 6177 6178
f 6159 6175 6176
f 6161 6173 6174
f 6161 6172 6173
f 6160 6174 6175
f 6163 6170 6171
f 6165 6168 6169
f 6166 6167 6168
f 6162 6171 6172
f 6307 6347 6348
f 6383 6412 6413
f 6384 6411 6412
f 6382 6413 6414
f 6386 6409 6410
f 6388 6407 6408
f 6389 6406 6407
f 6387 6408 6409
f 6385 6410 6411
f 6390 6405 6406
f 6391 6404 6405
f 6393 6402 6403
f 6394 6401 6402
f 6392 6403 6404
f 6396 6399 6400
f 6395 6400 6401
f 6477 6484 6458
f 6470 6469 6484
f 6484 6485 6478
f 6485 6486 6479
f 6485 6467 6486
f 6484 6468 6485
f 6480 6487 6481
f 6487 6486 6466
f 6516 6508 6515
f 6503 6502 6515
f 6516 6515 6501
f 6499 6516 6500
f 6510 6509 6516
f 6511 6510 6517
f 6512 6519 6513
f 6498 6517 6499
f 6497 6496 6519
f 6521 6522 6523
f 6524 6525 6527
f 6538 6569 6570
f 6540 6567 6568
f 6542 6565 6566
f 6544 6564 6565
f 6541 6566 6567
f 6530 6563 6564
f 6546 6561 6562
f 6547 6560 6561
f 6550 6558 6559
f 6551 6557 6558
f 6553 6555 6556
f 6549 6559 6560
f 6775 6772 6770
f 6771 6777 6774
f 6774 6776 6775
f 6778 6785 6782
f 6784 6782 6785
f 6783 6781 6780
f 6791 6788 6786
f 6787 6793 6790
f 6790 6792 6791
f 6794 6799 6800
f 6800 6798 6801
f 6801 6797 6796
f 6815 6831 6830
f 6831 6804 6825
f 6816 6832 6831
f 6832 6817 6818
f 6831 6824 6804
f 6832 6823 6824
f 6822 6833 6834
f 6848 6864 6863
f 6864 6837 6858
f 6849 6865 6864
f 6865 6850 6851
f 6864 6857 6837
f 6865 6856 6857
f 6855 6866 6867
f 6881 6897 6896
f 6897 6870 6891
f 6882 6898 6897
f 6898 6883 6884
f 6897 6890 6870
f 6898 6889 6890
f 6888 6899 6900
f 6914 6930 6929
f 6930 6903 6924
f 6915 6931 6930
f 6931 6916 6917
f 6930 6923 6903
f 6931 6922 6923
f 6941 6973 6942
f 6942 6972 6943
f 6940 6974 6941
f 6944 6970 6945
f 6946 6968 6947
f 6947 6967 6948
f 6945 6969 6946
f 6943 6971 6944
f 6966 6948 6967
f 6949 6965 6950
f 6951 6963 6952
f 6952 6962 6953
f 6950 6964 6951
f 6954 6960 6955
f 6956 6958 6957
f 6955 6959 6956
f 6953 6961 6954
f 6983 7015 6984
f 6984 7014 6985
f 6982 7016 6983
f 6986 7012 6987
f 6988 7010 6989
f 6989 7009 6990
f 6987 7011 6988
f 6985 7013 6986
f 7008 6990 7009
f 6991 7007 6992
f 6993 7005 6994
f 6994 7004 6995
f 6992 7006 6993
f 6996 7002 6997
f 6998 7000 6999
f 6997 7001 6998
f 6995 7003 6996
f 7032 7027 7025
f 7026 7030 7031
f 7031 7029 7032
f 7060 7050 7049
f 7040 7045 7042
f 7060 7049 7044
f 7092 7075 7091
f 7092 7091 7086
f 7094 7093 7078
f 7092 7084 7094
f 7077 7076 7092
f 7083 7094 7084
f 7082 7081 7095
f 7107 7124 7108
f 7118 7117 7124
f 7124 7125 7109
f 7125 7126 7110
f 7125 7115 7126
f 7124 7116 7125
f 7111 7127 7112
f 7140 7137 7135
f 7136 7142 7139
f 7139 7141 7140
f 7155 7151 7150
f 7185 7202 7186
f 7196 7195 7202
f 7202 7203 7187
f 7203 7204 7188
f 7203 7193 7204
f 7202 7194 7203
f 7189 7205 7190
f 7205 7204 7192
f 7234 7217 7233
f 7234 7233 7228
f 7236 7235 7220
f 7234 7226 7236
f 7219 7218 7234
f 7225 7236 7226
f 7224 7223 7237
f 7264 7259 7260
f 7265 7258 7259
f 7262 7260 7261
f 7266 7256 7257
f 7269 7254 7255
f 7269 7253 7254
f 7267 7255 7256
f 7266 7257 7258
f 7252 7270 7271
f 7272 7251 7252
f 7274 7249 7250
f 7275 7249 7274
f 7272 7250 7251
f 7246 7247 7276
f 7279 7244 7245
f 7277 7245 7246
f 7247 7248 7275
f 7326 7308 7309
f 7325 7304 7305
f 7310 7327 7326
f 7328 7311 7312
f 7313 7329 7328
f 7314 7330 7329
f 7315 7331 7330
f 7326 7302 7303
f 7328 7299 7300
f 7331 7282 7297
f 7329 7298 7299
f 7317 7333 7332
f 7333 7294 7295
f 7334 7318 7319
f 7320 7335 7334
f 7334 7293 7294
f 7331 7296 7282
f 7321 7336 7335
f 7337 7322 7323
f 7336 7290 7291
f 7323 7338 7337
f 7334 7292 7293
f 7289 7336 7337
f 7337 7288 7289
f 7346 7378 7347
f 7347 7377 7348
f 7345 7379 7346
f 7349 7375 7350
f 7352 7374 7373
f 7352 7372 7353
f 7350 7374 7351
f 7348 7376 7349
f 7353 7371 7354
f 7355 7371 7370
f 7356 7368 7357
f 7357 7367 7358
f 7356 7370 7369
f 7360 7366 7365
f 7362 7364 7363
f 7361 7365 7364
f 7359 7367 7366
f 7464 7496 7465
f 7465 7495 7466
f 7463 7497 7464
f 7467 7493 7468
f 7469 7491 7470
f 7470 7490 7471
f 7468 7492 7469
f 7466 7494 7467
f 7471 7489 7472
f 7473 7489 7488
f 7474 7486 7475
f 7475 7485 7476
f 7473 7487 7474
f 7478 7484 7483
f 7480 7482 7481
f 7479 7483 7482
f 7477 7485 7484
f 7641 7623 7642
f 7658 7690 7659
f 7659 7689 7660
f 7657 7691 7658
f 7661 7687 7662
f 7663 7685 7664
f 7665 7685 7684
f 7662 7686 7663
f 7661 7689 7688
f 7665 7683 7666
f 7666 7682 7667
f 7669 7681 7680
f 7670 7680 7679
f 7667 7681 7668
f 7672 7678 7677
f 7673 7675 7674
f 7673 7677 7676
f 7671 7679 7678
f 7776 7808 7777
f 7777 7807 7778
f 7775 7809 7776
f 7779 7805 7780
f 7781 7803 7782
f 7783 7803 7802
f 7780 7804 7781
f 7779 7807 7806
f 7783 7801 7784
f 7784 7800 7785
f 7787 7799 7798
f 7788 7798 7797
f 7786 7800 7799
f 7790 7796 7795
f 7792 7794 7793
f 7791 7795 7794
f 7789 7797 7796
f 7813 7812 7814
f 7818 7816 7815
f 7821 7820 7822
f 7824 7825 7823
f 7827 7828 7829
f 7831 7832 7834
f 7836 7837 7838
f 7841 7840 7839
f 7846 7844 7843
f 7850 7849 7848
f 7854 7853 7851
f 7855 7857 7856
f 7859 7861 7862
f 7865 7864 7866
f 7870 7868 7869
f 7872 7873 7874
f 7877 7876 7875
f 7882 7880 7881
f 7885 7884 7886
f 7889 7888 7890
f 7932 7911 7931
f 7925 7931 7926
f 7934 7933 7913
f 7924 7923 7934
f 7912 7905 7932
f 7914 7935 7915
f 7934 7922 7933
f 7965 7943 7964
f 7963 7958 7964
f 7956 7964 7957
f 7945 7944 7965
f 7946 7945 7966
f 7955 7954 7966
f 7947 7968 7948
f 7966 7953 7967
f 7985 7980 7982
f 7979 7983 7981
f 7984 7982 7983
f 8024 8000 8023
f 8026 8025 8003
f 8013 8012 8026
f 8002 8001 8024
f 8004 8027 8005
f 8026 8011 8025
f 8035 8034 8055
f 8057 8036 8056
f 8059 8058 8038
f 8049 8048 8059
f 8037 8030 8057
f 8059 8047 8058
f 8075 8074 8076
f 8078 8079 8077
f 8084 8082 8081
f 8088 8086 8085
f 8091 8090 8089
f 8096 8095 8094
f 8099 8098 8097
f 8102 8103 8101
f 8108 8105 8107
f 8112 8110 8109
f 8115 8113 8114
f 8120 8118 8119
f 8124 8123 8121
f 8126 8127 8125
f 8130 8131 8132
f 8134 8135 8133
f 8138 8139 8137
f 8143 8142 8141
f 8147 8145 8148
f 8152 8151 8149
f 8194 8170 8193
f 8192 8186 8193
f 8184 8193 8185
f 8172 8171 8194
f 8173 8172 8195
f 8183 8182 8195
f 8174 8197 8175
f 8195 8181 8196
f 8227 8205 8226
f 8229 8228 8208
f 8219 8218 8229
f 8207 8206 8227
f 8229 8217 8228
f 8238 8233 8235
f 8232 8236 8234
f 8237 8235 8236
f 8254 8253 8275
f 8277 8255 8276
f 8268 8276 8269
f 8279 8278 8258
f 8267 8266 8279
f 8257 8256 8277
f 8279 8265 8278
f 8325 8302 8324
f 8318 8324 8319
f 8317 8316 8326
f 8304 8303 8325
f 8326 8315 8327
f 8335 8362 8336
f 8364 8360 8361
f 8365 8359 8360
f 8363 8361 8362
f 8367 8356 8357
f 8368 8355 8356
f 8370 8353 8354
f 8338 8339 8353
f 8369 8354 8355
f 8366 8358 8359
f 8352 8338 8371
f 8372 8350 8351
f 8371 8351 8352
f 8373 8349 8350
f 8374 8348 8349
f 8375 8346 8347
f 8377 8344 8345
f 8378 8343 8344
f 8376 8345 8346
f 8341 8342 8343
f 8380 8381 8379
f 8384 8385 8386
f 8414 8406 8407
f 8395 8413 8414
f 8409 8415 8416
f 8416 8393 8394
f 8414 8407 8408
f 8416 8392 8393
f 8423 8420 8422
f 8419 8422 8421
f 8427 8428 8429
f 8426 8429 8425
f 8457 8449 8450
f 8438 8456 8457
f 8458 8436 8437
f 8457 8450 8451
f 8453 8460 8459
f 8458 8435 8436
f 8488 8479 8480
f 8469 8487 8488
f 8489 8467 8468
f 8488 8480 8481
f 8489 8466 8467
f 8497 8494 8495
f 8496 8495 8493
f 8501 8502 8503
f 8499 8503 8500
f 8531 8523 8524
f 8511 8530 8531
f 8532 8509 8510
f 8531 8524 8525
f 8527 8534 8533
f 8532 8508 8509
f 8563 8552 8564
f 8563 8562 8553
f 8561 8554 8562
f 8561 8560 8555
f 8565 8564 8551
f 8571 8570 8548
f 8549 8570 8569
f 8550 8568 8567
f 8549 8569 8568
f 8550 8567 8566
f 8565 8551 8566
f 8571 8548 8572
f 8537 8559 8538
f 8556 8559 8537
f 8537 8535 8556
f 8560 8559 8556
f 8560 8556 8555
f 8554 8561 8555
f 8553 8562 8554
f 8551 8564 8552
f 8549 8568 8550
f 8551 8550 8566
f 8553 8552 8563
f 8549 8548 8570
f 8548 8573 8572
f 8574 8573 8547
f 8574 8547 8575
f 8577 8576 8546
f 8547 8576 8575
f 8577 8546 8578
f 8580 8579 8545
f 8581 8580 8544
f 8543 8583 8582
f 8583 8542 8584
f 8582 8581 8544
f 8578 8545 8579
f 8585 8584 8541
f 8546 8576 8547
f 8545 8578 8546
f 8543 8582 8544
f 8541 8584 8542
f 8543 8542 8583
f 8545 8544 8580
f 8587 8586 8539
f 8557 8587 8558
f 8539 8586 8540
f 8539 8536 8558
f 8539 8558 8587
f 8585 8541 8540
f 8540 8586 8585
f 8548 8547 8573
f 8610 8613 8612
f 8592 8612 8588
f 8607 8616 8615
f 8608 8615 8614
f 8609 8614 8613
f 8605 8619 8618
f 8606 8618 8617
f 8604 8621 8620
f 8603 8623 8622
f 8603 8622 8621
f 8604 8620 8619
f 8606 8617 8616
f 8589 8610 8592
f 8610 8612 8592
f 8609 8613 8610
f 8608 8614 8609
f 8615 8608 8607
f 8605 8618 8606
f 8616 8607 8606
f 8625 8624 8602
f 8604 8619 8605
f 8602 8623 8603
f 8604 8603 8621
f 8602 8626 8625
f 8624 8623 8602
f 8598 8634 8633
f 8599 8633 8632
f 8600 8631 8630
f 8600 8630 8629
f 8631 8599 8632
f 8611 8590 8640
f 8593 8640 8639
f 8597 8636 8635
f 8595 8638 8637
f 8596 8637 8636
f 8638 8594 8639
f 8597 8635 8634
f 8601 8628 8627
f 8601 8627 8626
f 8629 8628 8601
f 8599 8631 8600
f 8601 8600 8629
f 8633 8599 8598
f 8602 8601 8626
f 8634 8598 8597
f 8597 8596 8636
f 8596 8595 8637
f 8594 8638 8595
f 8611 8593 8591
f 8594 8593 8639
f 8593 8611 8640
f 8663 8645 8641
f 8646 8680 8679
f 8648 8647 8679
f 8645 8681 8680
f 8649 8677 8676
f 8651 8675 8674
f 8652 8674 8673
f 8650 8676 8675
f 8648 8678 8677
f 8681 8663 8642
f 8645 8663 8681
f 8653 8673 8672
f 8655 8654 8672
f 8656 8670 8669
f 8657 8669 8668
f 8656 8655 8671
f 8659 8667 8666
f 8661 8665 8664
f 8682 8643 8662
f 8660 8666 8665
f 8658 8668 8667
f 8682 8664 8644
f 8662 8664 8682
f 8705 8687 8683
f 8688 8722 8721
f 8689 8721 8720
f 8687 8723 8722
f 8691 8719 8718
f 8694 8693 8717
f 8695 8694 8716
f 8693 8692 8718
f 8690 8720 8719
f 8723 8705 8684
f 8687 8705 8723
f 8695 8715 8714
f 8696 8714 8713
f 8698 8712 8711
f 8699 8711 8710
f 8697 8713 8712
f 8701 8709 8708
f 8703 8707 8706
f 8724 8685 8704
f 8702 8708 8707
f 8701 8700 8710
f 8724 8706 8686
f 8704 8706 8724
f 8726 8725 8728
f 8729 8730 8727
f 8734 8735 8733
f 8736 8733 8735
f 8736 8731 8732
f 8755 8754 8737
f 8753 8737 8754
f 8756 8755 8737
f 8737 8747 8757
f 8737 8757 8756
f 8747 8737 8738
f 8737 8750 8749
f 8737 8749 8742
f 8737 8753 8752
f 8737 8752 8751
f 8737 8751 8750
f 8737 8742 8741
f 8738 8777 8776
f 8738 8776 8748
f 8779 8778 8738
f 8777 8738 8778
f 8780 8779 8738
f 8738 8782 8781
f 8738 8781 8780
f 8738 8745 8784
f 8738 8784 8783
f 8738 8783 8782
f 8740 8746 8745
f 8739 8741 8766
f 8739 8766 8765
f 8739 8764 8763
f 8739 8763 8762
f 8764 8739 8765
f 8760 8739 8761
f 8762 8761 8739
f 8759 8739 8760
f 8739 8759 8758
f 8739 8758 8744
f 8739 8744 8743
f 8740 8771 8770
f 8740 8770 8769
f 8740 8768 8767
f 8740 8767 8746
f 8768 8740 8769
f 8740 8743 8775
f 8740 8775 8774
f 8740 8773 8772
f 8774 8773 8740
f 8771 8740 8772
f 8792 8793 8849
f 8849 8793 8794
f 8851 8789 8849
f 8795 8849 8794
f 8849 8797 8798
f 8849 8795 8796
f 8796 8797 8849
f 8799 8849 8798
f 8788 8851 8787
f 8786 8851 8785
f 8851 8786 8787
f 8849 8791 8792
f 8849 8789 8790
f 8790 8791 8849
f 8789 8851 8788
f 8850 8851 8849
f 8849 8800 8801
f 8799 8800 8849
f 8849 8801 8802
f 8849 8803 8804
f 8849 8805 8806
f 8849 8804 8805
f 8849 8802 8803
f 8849 8807 8808
f 8848 8849 8809
f 8849 8808 8809
f 8811 8848 8810
f 8848 8814 8815
f 8848 8813 8814
f 8848 8812 8813
f 8810 8848 8809
f 8849 8806 8807
f 8812 8848 8811
f 8851 8843 8844
f 8785 8851 8844
f 8846 8842 8851
f 8842 8843 8851
f 8842 8846 8841
f 8840 8846 8839
f 8846 8840 8841
f 8846 8851 8845
f 8846 8837 8838
f 8835 8836 8846
f 8837 8846 8836
f 8846 8838 8839
f 8846 8834 8835
f 8846 8832 8833
f 8846 8831 8832
f 8833 8834 8846
f 8831 8846 8830
f 8819 8847 8818
f 8821 8847 8820
f 8820 8847 8819
f 8848 8816 8817
f 8817 8818 8848
f 8818 8847 8848
f 8815 8816 8848
f 8847 8821 8822
f 8847 8827 8828
f 8847 8829 8830
f 8847 8828 8829
f 8847 8823 8824
f 8847 8825 8826
f 8827 8847 8826
f 8824 8825 8847
f 8822 8823 8847
f 8847 8830 8846
f 8864 8852 8863
f 8862 8863 8852
f 8852 8861 8862
f 8861 8852 8860
f 8852 8866 8867
f 8852 8864 8865
f 8865 8866 8852
f 8868 8852 8867
f 8916 8859 8852
f 8854 8855 8916
f 8916 8855 8856
f 8857 8916 8856
f 8859 8860 8852
f 8916 8857 8858
f 8858 8859 8916
f 8915 8916 8852
f 8852 8869 8853
f 8853 8870 8871
f 8853 8869 8870
f 8873 8853 8872
f 8871 8872 8853
f 8853 8873 8874
f 8875 8853 8874
f 8868 8869 8852
f 8876 8877 8853
f 8853 8878 8914
f 8877 8878 8853
f 8878 8879 8914
f 8880 8914 8879
f 8914 8881 8882
f 8914 8880 8881
f 8883 8914 8882
f 8875 8876 8853
f 8913 8854 8916
f 8911 8912 8916
f 8913 8916 8912
f 8910 8916 8909
f 8917 8907 8908
f 8917 8909 8916
f 8916 8910 8911
f 8918 8905 8906
f 8906 8917 8918
f 8917 8906 8907
f 8904 8905 8918
f 8918 8903 8904
f 8918 8901 8902
f 8918 8900 8901
f 8902 8903 8918
f 8900 8918 8899
f 8909 8917 8908
f 8888 8889 8914
f 8914 8890 8918
f 8889 8890 8914
f 8914 8883 8884
f 8914 8885 8886
f 8914 8884 8885
f 8886 8887 8914
f 8918 8896 8897
f 8918 8898 8899
f 8918 8897 8898
f 8918 8891 8892
f 8918 8894 8895
f 8918 8893 8894
f 8918 8892 8893
f 8895 8896 8918
f 8918 8890 8891
f 8888 8914 8887
f 8924 8925 8919
f 8927 8926 8959
f 8927 8958 8957
f 8925 8960 8959
f 8929 8956 8955
f 8932 8931 8954
f 8932 8953 8952
f 8931 8930 8955
f 8928 8957 8956
f 8960 8924 8920
f 8925 8924 8960
f 8933 8952 8951
f 8935 8934 8951
f 8937 8936 8949
f 8937 8948 8947
f 8936 8935 8950
f 8940 8939 8946
f 8942 8941 8944
f 8923 8921 8942
f 8941 8940 8945
f 8938 8947 8946
f 8923 8943 8922
f 8942 8943 8923
f 8966 8967 8961
f 8968 9001 9000
f 8969 9000 8999
f 8967 9002 9001
f 8971 8998 8997
f 8973 8996 8995
f 8974 8995 8994
f 8973 8972 8997
f 8970 8999 8998
f 9002 8966 8962
f 8967 8966 9002
f 8975 8994 8993
f 8976 8993 8992
f 8978 8991 8990
f 8979 8990 8989
f 8978 8977 8992
f 8982 8981 8988
f 8983 8986 8985
f 8965 8963 8984
f 8982 8987 8986
f 8980 8989 8988
f 8965 8985 8964
f 8984 8985 8965
f 9006 9005 9004
f 9017 9055 9018
f 9017 9016 9056
f 9015 9057 9016
f 9015 9014 9058
f 9019 9018 9054
f 9025 9024 9051
f 9052 9024 9023
f 9053 9022 9021
f 9052 9023 9022
f 9053 9021 9020
f 9019 9054 9020
f 9025 9051 9026
f 9011 9013 9012
f 9059 9013 9011
f 9011 9007 9059
f 9014 9013 9059
f 9014 9059 9058
f 9057 9015 9058
f 9056 9016 9057
f 9054 9018 9055
f 9052 9022 9053
f 9054 9053 9020
f 9056 9055 9017
f 9052 9051 9024
f 9051 9027 9026
f 9028 9027 9050
f 9028 9050 9029
f 9031 9030 9049
f 9050 9030 9029
f 9031 9049 9032
f 9034 9033 9048
f 9035 9034 9047
f 9046 9037 9036
f 9037 9045 9038
f 9036 9035 9047
f 9032 9048 9033
f 9039 9038 9044
f 9049 9030 9050
f 9048 9032 9049
f 9046 9036 9047
f 9044 9038 9045
f 9046 9045 9037
f 9048 9047 9034
f 9041 9040 9042
f 9009 9041 9010
f 9042 9040 9043
f 9042 9008 9010
f 9042 9010 9041
f 9039 9044 9043
f 9043 9040 9039
f 9051 9050 9027
f 9061 9060 9063
f 9067 9064 9066
f 9120 9075 9074
f 9073 9074 9068
f 9117 9078 9077
f 9118 9077 9076
f 9119 9076 9075
f 9115 9081 9080
f 9116 9080 9079
f 9114 9083 9082
f 9113 9085 9084
f 9113 9084 9083
f 9114 9082 9081
f 9116 9079 9078
f 9069 9120 9073
f 9120 9074 9073
f 9119 9075 9120
f 9118 9076 9119
f 9077 9118 9117
f 9115 9080 9116
f 9078 9117 9116
f 9087 9086 9112
f 9114 9081 9115
f 9112 9085 9113
f 9114 9113 9083
f 9112 9088 9087
f 9086 9085 9112
f 9108 9096 9095
f 9109 9095 9094
f 9110 9093 9092
f 9110 9092 9091
f 9093 9109 9094
f 9072 9070 9102
f 9103 9102 9101
f 9107 9098 9097
f 9105 9100 9099
f 9106 9099 9098
f 9100 9104 9101
f 9107 9097 9096
f 9111 9090 9089
f 9111 9089 9088
f 9091 9090 9111
f 9109 9093 9110
f 9111 9110 9091
f 9095 9109 9108
f 9112 9111 9088
f 9096 9108 9107
f 9107 9106 9098
f 9106 9105 9099
f 9104 9100 9105
f 9072 9103 9071
f 9104 9103 9101
f 9103 9072 9102
f 9122 9124 9121
f 9128 9162 9161
f 9129 9128 9161
f 9160 9130 9129
f 9126 9125 9164
f 9163 9162 9127
f 9128 9127 9162
f 9126 9163 9127
f 9163 9126 9164
f 9158 9131 9130
f 9133 9132 9157
f 9155 9134 9156
f 9133 9156 9134
f 9154 9134 9155
f 9156 9133 9157
f 9160 9129 9161
f 9158 9130 9159
f 9157 9131 9158
f 9160 9159 9130
f 9132 9131 9157
f 9200 9165 9125
f 9164 9125 9165
f 9199 9165 9200
f 9166 9165 9199
f 9198 9166 9199
f 9196 9168 9197
f 9198 9197 9167
f 9170 9196 9195
f 9198 9167 9166
f 9168 9196 9169
f 9195 9194 9171
f 9170 9195 9171
f 9169 9196 9170
f 9193 9171 9194
f 9192 9173 9172
f 9191 9173 9192
f 9193 9192 9172
f 9193 9172 9171
f 9167 9197 9168
f 9135 9154 9153
f 9134 9154 9135
f 9136 9135 9153
f 9137 9136 9152
f 9136 9153 9152
f 9151 9150 9139
f 9150 9149 9139
f 9138 9152 9151
f 9152 9138 9137
f 9149 9140 9139
f 9140 9148 9141
f 9140 9149 9148
f 9142 9141 9147
f 9147 9141 9148
f 9145 9143 9146
f 9142 9147 9146
f 9144 9143 9145
f 9142 9146 9143
f 9138 9151 9139
f 9188 9176 9189
f 9178 9177 9187
f 9177 9176 9188
f 9173 9191 9174
f 9175 9174 9191
f 9175 9190 9176
f 9189 9176 9190
f 9191 9190 9175
f 9187 9179 9178
f 9181 9180 9185
f 9183 9144 9182
f 9145 9182 9144
f 9184 9182 9181
f 9182 9184 9183
f 9188 9187 9177
f 9186 9179 9187
f 9186 9185 9180
f 9185 9184 9181
f 9186 9180 9179
f 9204 9238 9237
f 9204 9236 9205
f 9205 9235 9206
f 9239 9202 9201
f 9239 9238 9203
f 9204 9203 9238
f 9202 9239 9203
f 9240 9239 9201
f 9234 9207 9206
f 9232 9209 9208
f 9232 9231 9209
f 9210 9209 9231
f 9230 9210 9231
f 9233 9232 9208
f 9236 9204 9237
f 9234 9206 9235
f 9233 9207 9234
f 9236 9235 9205
f 9208 9207 9233
f 9276 9241 9201
f 9240 9201 9241
f 9275 9241 9276
f 9242 9241 9275
f 9274 9242 9275
f 9272 9244 9273
f 9274 9273 9243
f 9246 9272 9271
f 9274 9243 9242
f 9244 9272 9245
f 9271 9270 9247
f 9246 9271 9247
f 9245 9272 9246
f 9248 9270 9269
f 9269 9268 9249
f 9267 9249 9268
f 9248 9269 9249
f 9248 9247 9270
f 9243 9273 9244
f 9212 9211 9230
f 9210 9230 9211
f 9229 9212 9230
f 9213 9212 9229
f 9213 9229 9228
f 9227 9226 9215
f 9226 9225 9215
f 9214 9228 9227
f 9228 9214 9213
f 9225 9216 9215
f 9217 9216 9224
f 9225 9224 9216
f 9218 9217 9223
f 9223 9217 9224
f 9220 9222 9221
f 9218 9223 9222
f 9219 9222 9220
f 9218 9222 9219
f 9214 9227 9215
f 9264 9252 9265
f 9254 9253 9263
f 9253 9252 9264
f 9249 9267 9250
f 9266 9250 9267
f 9266 9265 9251
f 9252 9251 9265
f 9250 9266 9251
f 9263 9255 9254
f 9257 9256 9261
f 9259 9220 9258
f 9221 9258 9220
f 9260 9258 9257
f 9258 9260 9259
f 9264 9263 9253
f 9255 9263 9262
f 9256 9262 9261
f 9261 9260 9257
f 9262 9256 9255
f 9374 9360 9373
f 9374 9375 9360
f 9360 9377 9378
f 9377 9360 9376
f 9376 9360 9375
f 9353 9360 9378
f 9360 9371 9372
f 9371 9360 9370
f 9372 9373 9360
f 9315 9316 9353
f 9353 9317 9360
f 9317 9353 9316
f 9315 9353 9314
f 9318 9360 9317
f 9314 9353 9313
f 9353 9312 9313
f 9353 9311 9312
f 9353 9307 9308
f 9353 9309 9310
f 9353 9308 9309
f 9310 9311 9353
f 9359 9360 9318
f 9320 9292 9319
f 9319 9293 9318
f 9289 9322 9323
f 9287 9324 9325
f 9289 9323 9324
f 9291 9321 9322
f 9353 9354 9306
f 9321 9292 9320
f 9387 9359 9386
f 9359 9385 9386
f 9359 9294 9295
f 9295 9296 9358
f 9358 9359 9295
f 9359 9318 9294
f 9335 9358 9296
f 9384 9385 9359
f 9383 9384 9359
f 9359 9382 9383
f 9382 9359 9381
f 9381 9359 9380
f 9359 9379 9380
f 9379 9359 9358
f 9358 9335 9336
f 9293 9294 9318
f 9292 9293 9319
f 9324 9287 9288
f 9322 9289 9290
f 9324 9288 9289
f 9290 9291 9322
f 9358 9336 9337
f 9358 9338 9339
f 9358 9337 9338
f 9358 9340 9341
f 9358 9342 9343
f 9358 9341 9342
f 9358 9339 9340
f 9292 9321 9291
f 9357 9358 9344
f 9326 9287 9325
f 9354 9305 9306
f 9354 9304 9305
f 9354 9302 9303
f 9354 9300 9301
f 9301 9302 9354
f 9303 9304 9354
f 9283 9328 9329
f 9286 9326 9327
f 9327 9328 9285
f 9331 9281 9330
f 9280 9331 9332
f 9283 9329 9330
f 9299 9300 9354
f 9354 9361 9355
f 9361 9362 9355
f 9364 9355 9363
f 9355 9364 9365
f 9355 9362 9363
f 9365 9366 9355
f 9297 9298 9354
f 9355 9333 9334
f 9297 9354 9334
f 9355 9367 9368
f 9368 9369 9355
f 9355 9334 9354
f 9366 9367 9355
f 9280 9332 9333
f 9299 9354 9298
f 9356 9333 9355
f 9327 9285 9286
f 9328 9284 9285
f 9330 9282 9283
f 9280 9281 9331
f 9282 9330 9281
f 9283 9284 9328
f 9357 9346 9347
f 9357 9344 9345
f 9345 9346 9357
f 9357 9348 9349
f 9349 9350 9357
f 9357 9347 9348
f 9280 9333 9279
f 9352 9357 9351
f 9278 9356 9357
f 9277 9278 9357
f 9356 9388 9389
f 9357 9352 9277
f 9356 9278 9279
f 9390 9356 9389
f 9356 9394 9395
f 9356 9395 9396
f 9356 9396 9357
f 9356 9391 9392
f 9392 9393 9356
f 9356 9393 9394
f 9390 9391 9356
f 9350 9351 9357
f 9356 9279 9333
f 9326 9286 9287
f 9397 9398 9408
f 9401 9408 9407
f 9402 9407 9406
f 9403 9406 9405
f 9404 9405 9400
f 9409 9410 9416
f 9417 9416 9415
f 9415 9414 9419
f 9419 9414 9413
f 9420 9413 9412
f 9425 9421 9422
f 9426 9425 9432
f 9430 9427 9426
f 9427 9430 9429
f 9428 9429 9424
f 9433 9434 9444
f 9437 9444 9443
f 9443 9442 9439
f 9439 9442 9441
f 9440 9441 9436
f 9447 9459 9461
f 9448 9462 9464
f 9462 9447 9460
f 9465 9448 9463
f 9462 9449 9447
f 9450 9462 9448
f 9449 9462 9450
f 9452 9451 9449
f 9454 9453 9451
f 9471 9454 9456
f 9453 9471 9455
f 9454 9471 9453
f 9467 9469 9468
f 9470 9472 9471
f 9472 9467 9455
f 9474 9470 9456
f 9492 9445 9478
f 9493 9492 9461
f 9461 9492 9478
f 9477 9460 9478
f 9460 9477 9464
f 9459 9494 9493
f 9449 9495 9494
f 9449 9459 9447
f 9494 9459 9449
f 9451 9496 9495
f 9493 9461 9459
f 9463 9464 9476
f 9477 9476 9464
f 9475 9466 9463
f 9491 9475 9446
f 9490 9466 9491
f 9475 9491 9466
f 9465 9450 9448
f 9489 9450 9465
f 9466 9490 9465
f 9465 9490 9489
f 9487 9452 9488
f 9488 9450 9489
f 9498 9497 9453
f 9499 9498 9468
f 9468 9498 9453
f 9453 9497 9451
f 9468 9453 9455
f 9469 9500 9499
f 9479 9457 9500
f 9467 9480 9479
f 9479 9500 9469
f 9499 9468 9469
f 9472 9480 9467
f 9452 9487 9486
f 9473 9456 9454
f 9485 9454 9486
f 9485 9484 9473
f 9473 9484 9474
f 9485 9473 9454
f 9470 9481 9472
f 9480 9472 9481
f 9481 9470 9482
f 9482 9474 9483
f 9483 9458 9482
f 9503 9517 9519
f 9504 9520 9522
f 9520 9503 9518
f 9523 9504 9521
f 9520 9505 9503
f 9506 9520 9504
f 9505 9520 9506
f 9509 9508 9505
f 9512 9511 9508
f 9529 9512 9514
f 9511 9529 9513
f 9512 9529 9511
f 9525 9527 9526
f 9528 9530 9529
f 9530 9525 9513
f 9532 9528 9514
f 9540 9549 9501
f 9519 9550 9549
f 9519 9540 9518
f 9549 9540 9519
f 9517 9550 9519
f 9505 9552 9551
f 9552 9505 9508
f 9505 9517 9503
f 9551 9517 9505
f 9507 9508 9553
f 9550 9517 9551
f 9538 9522 9539
f 9522 9518 9539
f 9521 9522 9538
f 9548 9537 9502
f 9521 9538 9537
f 9548 9524 9537
f 9506 9504 9523
f 9546 9523 9547
f 9524 9548 9547
f 9506 9523 9546
f 9546 9545 9506
f 9506 9545 9509
f 9511 9554 9553
f 9526 9555 9554
f 9513 9526 9511
f 9554 9511 9526
f 9527 9556 9555
f 9556 9527 9533
f 9515 9556 9533
f 9534 9525 9530
f 9533 9527 9525
f 9535 9534 9530
f 9509 9510 9544
f 9531 9514 9512
f 9542 9531 9543
f 9512 9544 9543
f 9512 9543 9531
f 9535 9528 9536
f 9541 9532 9542
f 9532 9531 9542
f 9536 9532 9541
f 9541 9516 9536
f 9535 9530 9528
f 9559 9573 9575
f 9560 9576 9578
f 9576 9559 9574
f 9579 9560 9577
f 9576 9561 9559
f 9562 9576 9560
f 9561 9576 9562
f 9565 9564 9561
f 9568 9567 9564
f 9585 9568 9570
f 9567 9585 9569
f 9568 9585 9567
f 9581 9583 9582
f 9584 9586 9585
f 9586 9581 9569
f 9588 9584 9570
f 9592 9605 9557
f 9605 9575 9606
f 9575 9592 9574
f 9605 9592 9575
f 9561 9608 9607
f 9608 9561 9564
f 9561 9573 9559
f 9607 9573 9561
f 9563 9564 9609
f 9606 9573 9607
f 9590 9578 9591
f 9578 9574 9591
f 9577 9578 9590
f 9604 9589 9558
f 9577 9590 9589
f 9604 9580 9589
f 9562 9560 9579
f 9602 9579 9603
f 9580 9604 9603
f 9562 9579 9602
f 9602 9601 9562
f 9562 9601 9565
f 9567 9610 9609
f 9582 9611 9610
f 9569 9582 9567
f 9610 9567 9582
f 9583 9612 9611
f 9612 9583 9593
f 9571 9612 9593
f 9594 9581 9586
f 9593 9583 9581
f 9595 9594 9586
f 9565 9566 9600
f 9587 9570 9568
f 9598 9587 9599
f 9568 9600 9599
f 9568 9599 9587
f 9595 9584 9596
f 9597 9588 9598
f 9588 9587 9598
f 9596 9588 9597
f 9597 9572 9596
f 9595 9586 9584
f 9615 9627 9629
f 9616 9630 9632
f 9630 9615 9628
f 9633 9616 9631
f 9630 9617 9615
f 9618 9630 9616
f 9617 9630 9618
f 9620 9619 9617
f 9622 9621 9619
f 9639 9622 9624
f 9621 9639 9623
f 9622 9639 9621
f 9635 9637 9636
f 9638 9640 9639
f 9640 9635 9623
f 9642 9638 9624
f 9660 9613 9646
f 9661 9660 9629
f 9629 9660 9646
f 9645 9628 9646
f 9628 9645 9632
f 9627 9662 9661
f 9617 9663 9662
f 9617 9627 9615
f 9662 9627 9617
f 9619 9664 9663
f 9661 9629 9627
f 9631 9632 9644
f 9645 9644 9632
f 9643 9634 9631
f 9659 9643 9614
f 9658 9634 9659
f 9643 9659 9634
f 9633 9618 9616
f 9618 9656 9620
f 9657 9633 9658
f 9633 9634 9658
f 9618 9633 9657
f 9657 9656 9618
f 9621 9665 9619
f 9621 9666 9665
f 9623 9636 9621
f 9666 9621 9636
f 9636 9667 9666
f 9637 9668 9667
f 9647 9625 9668
f 9635 9648 9647
f 9647 9668 9637
f 9667 9636 9637
f 9635 9640 9648
f 9641 9624 9622
f 9641 9652 9642
f 9653 9641 9622
f 9654 9622 9620
f 9641 9653 9652
f 9653 9622 9654
f 9638 9649 9640
f 9648 9640 9649
f 9649 9638 9650
f 9650 9642 9651
f 9651 9626 9650
f 9672 9669 9670
f 9676 9673 9674
f 8646 8679 8647
f 8648 8679 8678
f 8645 8680 8646
f 8649 8676 8650
f 8651 8674 8652
f 8652 8673 8653
f 8650 8675 8651
f 8648 8677 8649
f 8653 8672 8654
f 8655 8672 8671
f 8656 8669 8657
f 8657 8668 8658
f 8656 8671 8670
f 8659 8666 8660
f 8661 8664 8662
f 8660 8665 8661
f 8658 8667 8659
f 8688 8721 8689
f 8689 8720 8690
f 8687 8722 8688
f 8691 8718 8692
f 8694 8717 8716
f 8695 8716 8715
f 8693 8718 8717
f 8690 8719 8691
f 8695 8714 8696
f 8696 8713 8697
f 8698 8711 8699
f 8699 8710 8700
f 8697 8712 8698
f 8701 8708 8702
f 8703 8706 8704
f 8702 8707 8703
f 8701 8710 8709
f 8726 8728 8727
f 8729 8727 8728
f 8736 8732 8733
f 8747 8738 8748
f 8737 8741 8739
f 8740 8745 8738
f 8739 8743 8740
f 8927 8959 8958
f 8927 8957 8928
f 8925 8959 8926
f 8929 8955 8930
f 8932 8954 8953
f 8932 8952 8933
f 8931 8955 8954
f 8928 8956 8929
f 8933 8951 8934
f 8935 8951 8950
f 8937 8949 8948
f 8937 8947 8938
f 8936 8950 8949
f 8940 8946 8945
f 8942 8944 8943
f 8941 8945 8944
f 8938 8946 8939
f 8968 9000 8969
f 8969 8999 8970
f 8967 9001 8968
f 8971 8997 8972
f 8973 8995 8974
f 8974 8994 8975
f 8973 8997 8996
f 8970 8998 8971
f 8975 8993 8976
f 8976 8992 8977
f 8978 8990 8979
f 8979 8989 8980
f 8978 8992 8991
f 8982 8988 8987
f 8983 8985 8984
f 8982 8986 8983
f 8980 8988 8981
f 9006 9004 9003
f 9061 9063 9062
f 9064 9065 9066
f 9124 9123 9121
f 9353 9306 9307
f 9358 9343 9344
f 9397 9408 9401
f 9401 9407 9402
f 9402 9406 9403
f 9403 9405 9404
f 9404 9400 9399
f 9409 9416 9417
f 9417 9415 9418
f 9415 9419 9418
f 9419 9413 9420
f 9420 9412 9411
f 9425 9422 9432
f 9426 9432 9431
f 9430 9426 9431
f 9427 9429 9428
f 9428 9424 9423
f 9433 9444 9437
f 9437 9443 9438
f 9443 9439 9438
f 9439 9441 9440
f 9440 9436 9435
f 9447 9461 9460
f 9448 9464 9463
f 9462 9460 9464
f 9465 9463 9466
f 9452 9449 9450
f 9454 9451 9452
f 9467 9468 9455
f 9470 9471 9456
f 9472 9455 9471
f 9474 9456 9473
f 9460 9461 9478
f 9451 9495 9449
f 9475 9463 9476
f 9452 9450 9488
f 9497 9496 9451
f 9467 9479 9469
f 9452 9486 9454
f 9484 9483 9474
f 9470 9474 9482
f 9503 9519 9518
f 9504 9522 9521
f 9520 9518 9522
f 9523 9521 9524
f 9509 9505 9506
f 9512 9508 9509
f 9525 9526 9513
f 9528 9529 9514
f 9530 9513 9529
f 9532 9514 9531
f 9540 9539 9518
f 9552 9508 9507
f 9508 9511 9553
f 9521 9537 9524
f 9524 9547 9523
f 9545 9510 9509
f 9527 9555 9526
f 9533 9525 9534
f 9509 9544 9512
f 9528 9532 9536
f 9559 9575 9574
f 9560 9578 9577
f 9576 9574 9578
f 9579 9577 9580
f 9565 9561 9562
f 9568 9564 9565
f 9581 9582 9569
f 9584 9585 9570
f 9586 9569 9585
f 9588 9570 9587
f 9575 9573 9606
f 9592 9591 9574
f 9608 9564 9563
f 9564 9567 9609
f 9577 9589 9580
f 9580 9603 9579
f 9601 9566 9565
f 9583 9611 9582
f 9593 9581 9594
f 9565 9600 9568
f 9584 9588 9596
f 9615 9629 9628
f 9616 9632 9631
f 9630 9628 9632
f 9633 9631 9634
f 9620 9617 9618
f 9622 9619 9620
f 9635 9636 9623
f 9638 9639 9624
f 9640 9623 9639
f 9642 9624 9641
f 9628 9629 9646
f 9619 9663 9617
f 9643 9631 9644
f 9656 9655 9620
f 9665 9664 9619
f 9635 9647 9637
f 9652 9651 9642
f 9654 9620 9655
f 9638 9642 9650
f 9672 9670 9671
f 9676 9674 9675
