# myarm_m750: converted from Collada .dae (Rhino, unit -> meter)
v 0.037400 -0.019000 0.002900
v 0.037400 -0.019000 -0.002900
v 0.044818 -0.019000 0.002900
v 0.052237 -0.019000 0.002900
v 0.037400 -0.018523 -0.002860
v 0.037400 -0.018058 -0.002743
v 0.037400 -0.017620 -0.002550
v 0.037400 -0.017219 -0.002289
v 0.037400 -0.016866 -0.001964
v 0.037400 -0.016572 -0.001586
v 0.037400 -0.016344 -0.001165
v 0.037400 -0.016189 -0.000712
v 0.037400 -0.016110 -0.000239
v 0.037400 -0.016110 0.000239
v 0.037400 -0.016189 0.000712
v 0.037400 -0.016344 0.001165
v 0.037400 -0.016572 0.001586
v 0.037400 -0.016866 0.001964
v 0.037400 -0.017219 0.002289
v 0.037400 -0.017620 0.002550
v 0.037400 -0.018058 0.002743
v 0.037400 -0.018523 0.002860
v 0.052237 -0.019000 -0.002900
v 0.044818 -0.019000 -0.002900
v 0.053166 -0.018615 0.002874
v 0.054197 -0.018188 0.002784
v 0.055305 -0.017729 0.002607
v 0.056437 -0.017260 0.002320
v 0.056988 -0.017032 0.002130
v 0.057511 -0.016815 0.001907
v 0.057992 -0.016616 0.001651
v 0.058414 -0.016441 0.001365
v 0.058762 -0.016297 0.001051
v 0.058904 -0.016238 0.000885
v 0.059022 -0.016189 0.000714
v 0.059116 -0.016151 0.000539
v 0.059183 -0.016123 0.000361
v 0.059224 -0.016106 0.000181
v 0.059238 -0.016100 0.000000
v 0.059224 -0.016106 -0.000181
v 0.059183 -0.016123 -0.000361
v 0.059116 -0.016151 -0.000539
v 0.059022 -0.016189 -0.000714
v 0.058904 -0.016238 -0.000885
v 0.058762 -0.016297 -0.001051
v 0.058414 -0.016441 -0.001365
v 0.057992 -0.016616 -0.001651
v 0.057511 -0.016815 -0.001907
v 0.056988 -0.017032 -0.002130
v 0.056437 -0.017260 -0.002320
v 0.055305 -0.017729 -0.002607
v 0.054197 -0.018188 -0.002784
v 0.053166 -0.018615 -0.002874
v 0.052237 0.019000 0.002900
v 0.037400 0.019000 0.002900
v 0.052237 0.019000 -0.002900
v 0.037400 0.019000 -0.002900
v 0.044818 0.019000 0.002900
v 0.037400 0.019477 -0.002860
v 0.037400 0.019942 -0.002743
v 0.037400 0.020380 -0.002550
v 0.037400 0.020781 -0.002289
v 0.037400 0.021134 -0.001964
v 0.037400 0.021428 -0.001586
v 0.037400 0.021656 -0.001165
v 0.037400 0.021811 -0.000712
v 0.037400 0.021890 -0.000239
v 0.037400 0.021890 0.000239
v 0.037400 0.021811 0.000712
v 0.037400 0.021656 0.001165
v 0.037400 0.021428 0.001586
v 0.037400 0.021134 0.001964
v 0.037400 0.020781 0.002289
v 0.037400 0.020380 0.002550
v 0.037400 0.019942 0.002743
v 0.037400 0.019477 0.002860
v 0.044818 0.019000 -0.002900
v 0.051307 0.019385 0.002874
v 0.050276 0.019812 0.002784
v 0.049169 0.020271 0.002607
v 0.048036 0.020740 0.002320
v 0.047485 0.020968 0.002130
v 0.046962 0.021185 0.001907
v 0.046481 0.021384 0.001651
v 0.046059 0.021559 0.001365
v 0.045711 0.021703 0.001051
v 0.045569 0.021762 0.000885
v 0.045451 0.021811 0.000714
v 0.045357 0.021849 0.000539
v 0.045290 0.021877 0.000361
v 0.045249 0.021894 0.000181
v 0.045235 0.021900 0.000000
v 0.045249 0.021894 -0.000181
v 0.045290 0.021877 -0.000361
v 0.045357 0.021849 -0.000539
v 0.045451 0.021811 -0.000714
v 0.045569 0.021762 -0.000885
v 0.045711 0.021703 -0.001051
v 0.046059 0.021559 -0.001365
v 0.046481 0.021384 -0.001651
v 0.046962 0.021185 -0.001907
v 0.047485 0.020968 -0.002130
v 0.048036 0.020740 -0.002320
v 0.049169 0.020271 -0.002607
v 0.050276 0.019812 -0.002784
v 0.051307 0.019385 -0.002874
v 0.037400 -0.019000 0.001650
v 0.036000 -0.019000 0.001650
v 0.037400 -0.019000 -0.001650
v 0.036000 -0.019000 -0.001650
v 0.037400 -0.018728 0.001627
v 0.037400 -0.018464 0.001561
v 0.037400 -0.018215 0.001451
v 0.037400 -0.017987 0.001302
v 0.037400 -0.017786 0.001118
v 0.037400 -0.017619 0.000902
v 0.037400 -0.017489 0.000663
v 0.037400 -0.017400 0.000405
v 0.037400 -0.017356 0.000136
v 0.037400 -0.017356 -0.000136
v 0.037400 -0.017400 -0.000405
v 0.037400 -0.017489 -0.000663
v 0.037400 -0.017619 -0.000902
v 0.037400 -0.017786 -0.001118
v 0.037400 -0.017987 -0.001302
v 0.037400 -0.018215 -0.001451
v 0.037400 -0.018464 -0.001561
v 0.037400 -0.018728 -0.001627
v 0.036700 -0.019000 0.001650
v 0.036000 -0.018728 -0.001627
v 0.036000 -0.018464 -0.001561
v 0.036000 -0.018215 -0.001451
v 0.036000 -0.017987 -0.001302
v 0.036000 -0.017786 -0.001118
v 0.036000 -0.017619 -0.000902
v 0.036000 -0.017489 -0.000663
v 0.036000 -0.017400 -0.000405
v 0.036000 -0.017356 -0.000136
v 0.036000 -0.017356 0.000136
v 0.036000 -0.017400 0.000405
v 0.036000 -0.017489 0.000663
v 0.036000 -0.017619 0.000902
v 0.036000 -0.017786 0.001118
v 0.036000 -0.017987 0.001302
v 0.036000 -0.018215 0.001451
v 0.036000 -0.018464 0.001561
v 0.036000 -0.018728 0.001627
v 0.036700 -0.019000 -0.001650
v 0.037400 0.019000 0.001650
v 0.036000 0.019000 0.001650
v 0.037400 0.019000 -0.001650
v 0.036000 0.019000 -0.001650
v 0.037400 0.019272 0.001627
v 0.037400 0.019536 0.001561
v 0.037400 0.019785 0.001451
v 0.037400 0.020013 0.001302
v 0.037400 0.020214 0.001118
v 0.037400 0.020381 0.000902
v 0.037400 0.020511 0.000663
v 0.037400 0.020600 0.000405
v 0.037400 0.020644 0.000136
v 0.037400 0.020644 -0.000136
v 0.037400 0.020600 -0.000405
v 0.037400 0.020511 -0.000663
v 0.037400 0.020381 -0.000902
v 0.037400 0.020214 -0.001118
v 0.037400 0.020013 -0.001302
v 0.037400 0.019785 -0.001451
v 0.037400 0.019536 -0.001561
v 0.037400 0.019272 -0.001627
v 0.036700 0.019000 0.001650
v 0.036000 0.019272 -0.001627
v 0.036000 0.019536 -0.001561
v 0.036000 0.019785 -0.001451
v 0.036000 0.020013 -0.001302
v 0.036000 0.020214 -0.001118
v 0.036000 0.020381 -0.000902
v 0.036000 0.020511 -0.000663
v 0.036000 0.020600 -0.000405
v 0.036000 0.020644 -0.000136
v 0.036000 0.020644 0.000136
v 0.036000 0.020600 0.000405
v 0.036000 0.020511 0.000663
v 0.036000 0.020381 0.000902
v 0.036000 0.020214 0.001118
v 0.036000 0.020013 0.001302
v 0.036000 0.019785 0.001451
v 0.036000 0.019536 0.001561
v 0.036000 0.019272 0.001627
v 0.036700 0.019000 -0.001650
v 0.033900 0.025795 -0.008000
v 0.033900 -0.025795 -0.008000
v 0.035831 -0.025795 -0.008000
v 0.035831 0.025795 -0.008000
v 0.049900 0.019968 -0.008000
v 0.049900 -0.019968 -0.008000
v 0.033900 0.025795 0.008000
v 0.033900 -0.025795 0.008000
v 0.035831 -0.025795 0.008000
v 0.047900 -0.020796 0.008000
v 0.047900 0.020796 0.008000
v 0.035831 0.025795 0.008000
v 0.033900 0.025795 -0.008000
v 0.033900 -0.025795 -0.008000
v 0.033900 0.025795 0.008000
v 0.033900 -0.025795 0.008000
v 0.033900 0.023600 0.005500
v 0.033900 0.023600 -0.005500
v 0.033900 -0.022600 0.006500
v 0.033900 0.022600 0.006500
v 0.033900 -0.023600 -0.005500
v 0.033900 -0.023600 0.005500
v 0.033900 0.022600 -0.006500
v 0.033900 -0.022600 -0.006500
v 0.033900 0.023588 -0.005656
v 0.033900 0.023551 -0.005809
v 0.033900 0.023491 -0.005954
v 0.033900 0.023409 -0.006088
v 0.033900 0.023307 -0.006207
v 0.033900 0.023188 -0.006309
v 0.033900 0.023054 -0.006391
v 0.033900 0.022909 -0.006451
v 0.033900 0.022756 -0.006488
v 0.033900 0.022756 0.006488
v 0.033900 0.022909 0.006451
v 0.033900 0.023054 0.006391
v 0.033900 0.023188 0.006309
v 0.033900 0.023307 0.006207
v 0.033900 0.023409 0.006088
v 0.033900 0.023491 0.005954
v 0.033900 0.023551 0.005809
v 0.033900 0.023588 0.005656
v 0.033900 -0.023588 0.005656
v 0.033900 -0.023551 0.005809
v 0.033900 -0.023491 0.005954
v 0.033900 -0.023409 0.006088
v 0.033900 -0.023307 0.006207
v 0.033900 -0.023188 0.006309
v 0.033900 -0.023054 0.006391
v 0.033900 -0.022909 0.006451
v 0.033900 -0.022756 0.006488
v 0.033900 -0.022756 -0.006488
v 0.033900 -0.022909 -0.006451
v 0.033900 -0.023054 -0.006391
v 0.033900 -0.023188 -0.006309
v 0.033900 -0.023307 -0.006207
v 0.033900 -0.023409 -0.006088
v 0.033900 -0.023491 -0.005954
v 0.033900 -0.023551 -0.005809
v 0.033900 -0.023588 -0.005656
v 0.052237 0.019000 -0.002900
v 0.053166 0.018615 -0.002874
v 0.054197 0.018188 -0.002784
v 0.055305 0.017729 -0.002607
v 0.056437 0.017260 -0.002320
v 0.056988 0.017032 -0.002130
v 0.057511 0.016815 -0.001907
v 0.057992 0.016616 -0.001651
v 0.058414 0.016441 -0.001365
v 0.058762 0.016297 -0.001051
v 0.058904 0.016238 -0.000885
v 0.059022 0.016189 -0.000714
v 0.059116 0.016151 -0.000539
v 0.059183 0.016123 -0.000361
v 0.059224 0.016106 -0.000181
v 0.059238 0.016100 0.000000
v 0.059224 0.016106 0.000181
v 0.059183 0.016123 0.000361
v 0.059116 0.016151 0.000539
v 0.059022 0.016189 0.000714
v 0.058904 0.016238 0.000885
v 0.058762 0.016297 0.001051
v 0.058414 0.016441 0.001365
v 0.057992 0.016616 0.001651
v 0.057511 0.016815 0.001907
v 0.056988 0.017032 0.002130
v 0.056437 0.017260 0.002320
v 0.055305 0.017729 0.002607
v 0.054197 0.018188 0.002784
v 0.053166 0.018615 0.002874
v 0.052237 0.019000 0.002900
v 0.051307 0.019385 0.002874
v 0.050276 0.019812 0.002784
v 0.049169 0.020271 0.002607
v 0.048036 0.020740 0.002320
v 0.047485 0.020968 0.002130
v 0.046962 0.021185 0.001907
v 0.046481 0.021384 0.001651
v 0.046059 0.021559 0.001365
v 0.045711 0.021703 0.001051
v 0.045569 0.021762 0.000885
v 0.045451 0.021811 0.000714
v 0.045357 0.021849 0.000539
v 0.045290 0.021877 0.000361
v 0.045249 0.021894 0.000181
v 0.045235 0.021900 0.000000
v 0.045249 0.021894 -0.000181
v 0.045290 0.021877 -0.000361
v 0.045357 0.021849 -0.000539
v 0.045451 0.021811 -0.000714
v 0.045569 0.021762 -0.000885
v 0.045711 0.021703 -0.001051
v 0.046059 0.021559 -0.001365
v 0.046481 0.021384 -0.001651
v 0.046962 0.021185 -0.001907
v 0.047485 0.020968 -0.002130
v 0.048036 0.020740 -0.002320
v 0.049169 0.020271 -0.002607
v 0.050276 0.019812 -0.002784
v 0.051307 0.019385 -0.002874
v 0.049900 0.019968 -0.008000
v 0.035831 0.025795 -0.008000
v 0.035831 0.025795 0.008000
v 0.047900 0.020796 0.008000
v 0.094900 0.001328 -0.006361
v 0.094900 0.001328 -0.007000
v 0.049900 0.019968 -0.007000
v 0.035831 -0.025795 -0.008000
v 0.035831 -0.025795 0.008000
v 0.052237 -0.019000 -0.002900
v 0.051307 -0.019385 -0.002874
v 0.050276 -0.019812 -0.002784
v 0.049169 -0.020271 -0.002607
v 0.048036 -0.020740 -0.002320
v 0.047485 -0.020968 -0.002130
v 0.046962 -0.021185 -0.001907
v 0.046481 -0.021384 -0.001651
v 0.046059 -0.021559 -0.001365
v 0.045711 -0.021703 -0.001051
v 0.045569 -0.021762 -0.000885
v 0.045451 -0.021811 -0.000714
v 0.045357 -0.021849 -0.000539
v 0.045290 -0.021877 -0.000361
v 0.045249 -0.021894 -0.000181
v 0.045235 -0.021900 0.000000
v 0.045249 -0.021894 0.000181
v 0.045290 -0.021877 0.000361
v 0.045357 -0.021849 0.000539
v 0.045451 -0.021811 0.000714
v 0.045569 -0.021762 0.000885
v 0.045711 -0.021703 0.001051
v 0.046059 -0.021559 0.001365
v 0.046481 -0.021384 0.001651
v 0.046962 -0.021185 0.001907
v 0.047485 -0.020968 0.002130
v 0.048036 -0.020740 0.002320
v 0.049169 -0.020271 0.002607
v 0.050276 -0.019812 0.002784
v 0.051307 -0.019385 0.002874
v 0.052237 -0.019000 0.002900
v 0.053166 -0.018615 0.002874
v 0.054197 -0.018188 0.002784
v 0.055305 -0.017729 0.002607
v 0.056437 -0.017260 0.002320
v 0.056988 -0.017032 0.002130
v 0.057511 -0.016815 0.001907
v 0.057992 -0.016616 0.001651
v 0.058414 -0.016441 0.001365
v 0.058762 -0.016297 0.001051
v 0.058904 -0.016238 0.000885
v 0.059022 -0.016189 0.000714
v 0.059116 -0.016151 0.000539
v 0.059183 -0.016123 0.000361
v 0.059224 -0.016106 0.000181
v 0.059238 -0.016100 0.000000
v 0.059224 -0.016106 -0.000181
v 0.059183 -0.016123 -0.000361
v 0.059116 -0.016151 -0.000539
v 0.059022 -0.016189 -0.000714
v 0.058904 -0.016238 -0.000885
v 0.058762 -0.016297 -0.001051
v 0.058414 -0.016441 -0.001365
v 0.057992 -0.016616 -0.001651
v 0.057511 -0.016815 -0.001907
v 0.056988 -0.017032 -0.002130
v 0.056437 -0.017260 -0.002320
v 0.055305 -0.017729 -0.002607
v 0.054197 -0.018188 -0.002784
v 0.053166 -0.018615 -0.002874
v 0.047900 -0.020796 0.008000
v 0.049900 -0.019968 -0.008000
v 0.049900 -0.019968 -0.007000
v 0.094900 -0.001328 -0.007000
v 0.094900 -0.001328 -0.006361
v 0.037400 0.019000 -0.001650
v 0.036000 0.019000 -0.001650
v 0.037400 0.019000 0.001650
v 0.036000 0.019000 0.001650
v 0.036700 0.019000 0.001650
v 0.036700 0.019000 -0.001650
v 0.037400 0.018728 -0.001627
v 0.037400 0.018464 -0.001561
v 0.037400 0.018215 -0.001451
v 0.037400 0.017987 -0.001302
v 0.037400 0.017786 -0.001118
v 0.037400 0.017619 -0.000902
v 0.037400 0.017489 -0.000663
v 0.037400 0.017400 -0.000405
v 0.037400 0.017356 -0.000136
v 0.037400 0.017356 0.000136
v 0.037400 0.017400 0.000405
v 0.037400 0.017489 0.000663
v 0.037400 0.017619 0.000902
v 0.037400 0.017786 0.001118
v 0.037400 0.017987 0.001302
v 0.037400 0.018215 0.001451
v 0.037400 0.018464 0.001561
v 0.037400 0.018728 0.001627
v 0.036000 0.018728 0.001627
v 0.036000 0.018464 0.001561
v 0.036000 0.018215 0.001451
v 0.036000 0.017987 0.001302
v 0.036000 0.017786 0.001118
v 0.036000 0.017619 0.000902
v 0.036000 0.017489 0.000663
v 0.036000 0.017400 0.000405
v 0.036000 0.017356 0.000136
v 0.036000 0.017356 -0.000136
v 0.036000 0.017400 -0.000405
v 0.036000 0.017489 -0.000663
v 0.036000 0.017619 -0.000902
v 0.036000 0.017786 -0.001118
v 0.036000 0.017987 -0.001302
v 0.036000 0.018215 -0.001451
v 0.036000 0.018464 -0.001561
v 0.036000 0.018728 -0.001627
v 0.037400 -0.019000 -0.001650
v 0.036000 -0.019000 -0.001650
v 0.037400 -0.019000 0.001650
v 0.036000 -0.019000 0.001650
v 0.036700 -0.019000 0.001650
v 0.036700 -0.019000 -0.001650
v 0.037400 -0.019272 -0.001627
v 0.037400 -0.019536 -0.001561
v 0.037400 -0.019785 -0.001451
v 0.037400 -0.020013 -0.001302
v 0.037400 -0.020214 -0.001118
v 0.037400 -0.020381 -0.000902
v 0.037400 -0.020511 -0.000663
v 0.037400 -0.020600 -0.000405
v 0.037400 -0.020644 -0.000136
v 0.037400 -0.020644 0.000136
v 0.037400 -0.020600 0.000405
v 0.037400 -0.020511 0.000663
v 0.037400 -0.020381 0.000902
v 0.037400 -0.020214 0.001118
v 0.037400 -0.020013 0.001302
v 0.037400 -0.019785 0.001451
v 0.037400 -0.019536 0.001561
v 0.037400 -0.019272 0.001627
v 0.036000 -0.019272 0.001627
v 0.036000 -0.019536 0.001561
v 0.036000 -0.019785 0.001451
v 0.036000 -0.020013 0.001302
v 0.036000 -0.020214 0.001118
v 0.036000 -0.020381 0.000902
v 0.036000 -0.020511 0.000663
v 0.036000 -0.020600 0.000405
v 0.036000 -0.020644 0.000136
v 0.036000 -0.020644 -0.000136
v 0.036000 -0.020600 -0.000405
v 0.036000 -0.020511 -0.000663
v 0.036000 -0.020381 -0.000902
v 0.036000 -0.020214 -0.001118
v 0.036000 -0.020013 -0.001302
v 0.036000 -0.019785 -0.001451
v 0.036000 -0.019536 -0.001561
v 0.036000 -0.019272 -0.001627
v 0.049900 0.019968 -0.007000
v 0.049900 0.019968 -0.008000
v 0.049900 -0.019968 -0.008000
v 0.049900 -0.019968 -0.007000
v 0.037400 0.019000 -0.002900
v 0.037400 0.019000 0.002900
v 0.052237 0.019000 0.002900
v 0.044818 0.019000 0.002900
v 0.044818 0.019000 -0.002900
v 0.052237 0.019000 -0.002900
v 0.053166 0.018615 -0.002874
v 0.054197 0.018188 -0.002784
v 0.055305 0.017729 -0.002607
v 0.056437 0.017260 -0.002320
v 0.056988 0.017032 -0.002130
v 0.057511 0.016815 -0.001907
v 0.057992 0.016616 -0.001651
v 0.058414 0.016441 -0.001365
v 0.058762 0.016297 -0.001051
v 0.058904 0.016238 -0.000885
v 0.059022 0.016189 -0.000714
v 0.059116 0.016151 -0.000539
v 0.059183 0.016123 -0.000361
v 0.059224 0.016106 -0.000181
v 0.059238 0.016100 0.000000
v 0.059224 0.016106 0.000181
v 0.059183 0.016123 0.000361
v 0.059116 0.016151 0.000539
v 0.059022 0.016189 0.000714
v 0.058904 0.016238 0.000885
v 0.058762 0.016297 0.001051
v 0.058414 0.016441 0.001365
v 0.057992 0.016616 0.001651
v 0.057511 0.016815 0.001907
v 0.056988 0.017032 0.002130
v 0.056437 0.017260 0.002320
v 0.055305 0.017729 0.002607
v 0.054197 0.018188 0.002784
v 0.053166 0.018615 0.002874
v 0.037400 0.018523 0.002860
v 0.037400 0.018058 0.002743
v 0.037400 0.017620 0.002550
v 0.037400 0.017219 0.002289
v 0.037400 0.016866 0.001964
v 0.037400 0.016572 0.001586
v 0.037400 0.016344 0.001165
v 0.037400 0.016189 0.000712
v 0.037400 0.016110 0.000239
v 0.037400 0.016110 -0.000239
v 0.037400 0.016189 -0.000712
v 0.037400 0.016344 -0.001165
v 0.037400 0.016572 -0.001586
v 0.037400 0.016866 -0.001964
v 0.037400 0.017219 -0.002289
v 0.037400 0.017620 -0.002550
v 0.037400 0.018058 -0.002743
v 0.037400 0.018523 -0.002860
v 0.094900 0.001328 -0.007000
v 0.094900 -0.001328 -0.007000
v 0.094900 -0.001328 -0.006361
v 0.094900 0.001328 -0.006361
v 0.049900 0.019968 -0.007000
v 0.094900 0.001328 -0.007000
v 0.094900 -0.001328 -0.007000
v 0.049900 -0.019968 -0.007000
v 0.052237 -0.019000 -0.002900
v 0.037400 -0.019000 -0.002900
v 0.052237 -0.019000 0.002900
v 0.037400 -0.019000 0.002900
v 0.044818 -0.019000 0.002900
v 0.044818 -0.019000 -0.002900
v 0.051307 -0.019385 -0.002874
v 0.050276 -0.019812 -0.002784
v 0.049169 -0.020271 -0.002607
v 0.048036 -0.020740 -0.002320
v 0.047485 -0.020968 -0.002130
v 0.046962 -0.021185 -0.001907
v 0.046481 -0.021384 -0.001651
v 0.046059 -0.021559 -0.001365
v 0.045711 -0.021703 -0.001051
v 0.045569 -0.021762 -0.000885
v 0.045451 -0.021811 -0.000714
v 0.045357 -0.021849 -0.000539
v 0.045290 -0.021877 -0.000361
v 0.045249 -0.021894 -0.000181
v 0.045235 -0.021900 0.000000
v 0.045249 -0.021894 0.000181
v 0.045290 -0.021877 0.000361
v 0.045357 -0.021849 0.000539
v 0.045451 -0.021811 0.000714
v 0.045569 -0.021762 0.000885
v 0.045711 -0.021703 0.001051
v 0.046059 -0.021559 0.001365
v 0.046481 -0.021384 0.001651
v 0.046962 -0.021185 0.001907
v 0.047485 -0.020968 0.002130
v 0.048036 -0.020740 0.002320
v 0.049169 -0.020271 0.002607
v 0.050276 -0.019812 0.002784
v 0.051307 -0.019385 0.002874
v 0.037400 -0.019477 0.002860
v 0.037400 -0.019942 0.002743
v 0.037400 -0.020380 0.002550
v 0.037400 -0.020781 0.002289
v 0.037400 -0.021134 0.001964
v 0.037400 -0.021428 0.001586
v 0.037400 -0.021656 0.001165
v 0.037400 -0.021811 0.000712
v 0.037400 -0.021890 0.000239
v 0.037400 -0.021890 -0.000239
v 0.037400 -0.021811 -0.000712
v 0.037400 -0.021656 -0.001165
v 0.037400 -0.021428 -0.001586
v 0.037400 -0.021134 -0.001964
v 0.037400 -0.020781 -0.002289
v 0.037400 -0.020380 -0.002550
v 0.037400 -0.019942 -0.002743
v 0.037400 -0.019477 -0.002860
v 0.047900 0.020796 0.008000
v 0.047900 -0.020796 0.008000
v 0.094900 0.001328 -0.006361
v 0.094900 -0.001328 -0.006361
v 0.037400 -0.019000 0.002900
v 0.037400 -0.018523 0.002860
v 0.037400 -0.018058 0.002743
v 0.037400 -0.017620 0.002550
v 0.037400 -0.017219 0.002289
v 0.037400 -0.016866 0.001964
v 0.037400 -0.016572 0.001586
v 0.037400 -0.016344 0.001165
v 0.037400 -0.016189 0.000712
v 0.037400 -0.016110 0.000239
v 0.037400 -0.016110 -0.000239
v 0.037400 -0.016189 -0.000712
v 0.037400 -0.016344 -0.001165
v 0.037400 -0.016572 -0.001586
v 0.037400 -0.016866 -0.001964
v 0.037400 -0.017219 -0.002289
v 0.037400 -0.017620 -0.002550
v 0.037400 -0.018058 -0.002743
v 0.037400 -0.018523 -0.002860
v 0.037400 -0.019000 -0.002900
v 0.037400 -0.019000 -0.001650
v 0.037400 -0.018728 -0.001627
v 0.037400 -0.018464 -0.001561
v 0.037400 -0.018215 -0.001451
v 0.037400 -0.017987 -0.001302
v 0.037400 -0.017786 -0.001118
v 0.037400 -0.017619 -0.000902
v 0.037400 -0.017489 -0.000663
v 0.037400 -0.017400 -0.000405
v 0.037400 -0.017356 -0.000136
v 0.037400 -0.017356 0.000136
v 0.037400 -0.017400 0.000405
v 0.037400 -0.017489 0.000663
v 0.037400 -0.017619 0.000902
v 0.037400 -0.017786 0.001118
v 0.037400 -0.017987 0.001302
v 0.037400 -0.018215 0.001451
v 0.037400 -0.018464 0.001561
v 0.037400 -0.018728 0.001627
v 0.037400 -0.019000 0.001650
v 0.037400 -0.019272 0.001627
v 0.037400 -0.019536 0.001561
v 0.037400 -0.019785 0.001451
v 0.037400 -0.020013 0.001302
v 0.037400 -0.020214 0.001118
v 0.037400 -0.020381 0.000902
v 0.037400 -0.020511 0.000663
v 0.037400 -0.020600 0.000405
v 0.037400 -0.020644 0.000136
v 0.037400 -0.020644 -0.000136
v 0.037400 -0.020600 -0.000405
v 0.037400 -0.020511 -0.000663
v 0.037400 -0.020381 -0.000902
v 0.037400 -0.020214 -0.001118
v 0.037400 -0.020013 -0.001302
v 0.037400 -0.019785 -0.001451
v 0.037400 -0.019536 -0.001561
v 0.037400 -0.019272 -0.001627
v 0.037400 -0.019477 -0.002860
v 0.037400 -0.019942 -0.002743
v 0.037400 -0.020380 -0.002550
v 0.037400 -0.020781 -0.002289
v 0.037400 -0.021134 -0.001964
v 0.037400 -0.021428 -0.001586
v 0.037400 -0.021656 -0.001165
v 0.037400 -0.021811 -0.000712
v 0.037400 -0.021890 -0.000239
v 0.037400 -0.021890 0.000239
v 0.037400 -0.021811 0.000712
v 0.037400 -0.021656 0.001165
v 0.037400 -0.021428 0.001586
v 0.037400 -0.021134 0.001964
v 0.037400 -0.020781 0.002289
v 0.037400 -0.020380 0.002550
v 0.037400 -0.019942 0.002743
v 0.037400 -0.019477 0.002860
v 0.037400 0.019000 0.002900
v 0.037400 0.019477 0.002860
v 0.037400 0.019942 0.002743
v 0.037400 0.020380 0.002550
v 0.037400 0.020781 0.002289
v 0.037400 0.021134 0.001964
v 0.037400 0.021428 0.001586
v 0.037400 0.021656 0.001165
v 0.037400 0.021811 0.000712
v 0.037400 0.021890 0.000239
v 0.037400 0.021890 -0.000239
v 0.037400 0.021811 -0.000712
v 0.037400 0.021656 -0.001165
v 0.037400 0.021428 -0.001586
v 0.037400 0.021134 -0.001964
v 0.037400 0.020781 -0.002289
v 0.037400 0.020380 -0.002550
v 0.037400 0.019942 -0.002743
v 0.037400 0.019477 -0.002860
v 0.037400 0.019000 -0.002900
v 0.037400 0.019000 -0.001650
v 0.037400 0.019272 -0.001627
v 0.037400 0.019536 -0.001561
v 0.037400 0.019785 -0.001451
v 0.037400 0.020013 -0.001302
v 0.037400 0.020214 -0.001118
v 0.037400 0.020381 -0.000902
v 0.037400 0.020511 -0.000663
v 0.037400 0.020600 -0.000405
v 0.037400 0.020644 -0.000136
v 0.037400 0.020644 0.000136
v 0.037400 0.020600 0.000405
v 0.037400 0.020511 0.000663
v 0.037400 0.020381 0.000902
v 0.037400 0.020214 0.001118
v 0.037400 0.020013 0.001302
v 0.037400 0.019785 0.001451
v 0.037400 0.019536 0.001561
v 0.037400 0.019272 0.001627
v 0.037400 0.019000 0.001650
v 0.037400 0.018728 0.001627
v 0.037400 0.018464 0.001561
v 0.037400 0.018215 0.001451
v 0.037400 0.017987 0.001302
v 0.037400 0.017786 0.001118
v 0.037400 0.017619 0.000902
v 0.037400 0.017489 0.000663
v 0.037400 0.017400 0.000405
v 0.037400 0.017356 0.000136
v 0.037400 0.017356 -0.000136
v 0.037400 0.017400 -0.000405
v 0.037400 0.017489 -0.000663
v 0.037400 0.017619 -0.000902
v 0.037400 0.017786 -0.001118
v 0.037400 0.017987 -0.001302
v 0.037400 0.018215 -0.001451
v 0.037400 0.018464 -0.001561
v 0.037400 0.018728 -0.001627
v 0.037400 0.018523 -0.002860
v 0.037400 0.018058 -0.002743
v 0.037400 0.017620 -0.002550
v 0.037400 0.017219 -0.002289
v 0.037400 0.016866 -0.001964
v 0.037400 0.016572 -0.001586
v 0.037400 0.016344 -0.001165
v 0.037400 0.016189 -0.000712
v 0.037400 0.016110 -0.000239
v 0.037400 0.016110 0.000239
v 0.037400 0.016189 0.000712
v 0.037400 0.016344 0.001165
v 0.037400 0.016572 0.001586
v 0.037400 0.016866 0.001964
v 0.037400 0.017219 0.002289
v 0.037400 0.017620 0.002550
v 0.037400 0.018058 0.002743
v 0.037400 0.018523 0.002860
v 0.036000 -0.019000 -0.001650
v 0.036000 -0.018728 -0.001627
v 0.036000 -0.018464 -0.001561
v 0.036000 -0.018215 -0.001451
v 0.036000 -0.017987 -0.001302
v 0.036000 -0.017786 -0.001118
v 0.036000 -0.017619 -0.000902
v 0.036000 -0.017489 -0.000663
v 0.036000 -0.017400 -0.000405
v 0.036000 -0.017356 -0.000136
v 0.036000 -0.017356 0.000136
v 0.036000 -0.017400 0.000405
v 0.036000 -0.017489 0.000663
v 0.036000 -0.017619 0.000902
v 0.036000 -0.017786 0.001118
v 0.036000 -0.017987 0.001302
v 0.036000 -0.018215 0.001451
v 0.036000 -0.018464 0.001561
v 0.036000 -0.018728 0.001627
v 0.036000 -0.019000 0.001650
v 0.036000 0.019000 -0.001650
v 0.036000 0.019272 -0.001627
v 0.036000 0.019536 -0.001561
v 0.036000 0.019785 -0.001451
v 0.036000 0.020013 -0.001302
v 0.036000 0.020214 -0.001118
v 0.036000 0.020381 -0.000902
v 0.036000 0.020511 -0.000663
v 0.036000 0.020600 -0.000405
v 0.036000 0.020644 -0.000136
v 0.036000 0.020644 0.000136
v 0.036000 0.020600 0.000405
v 0.036000 0.020511 0.000663
v 0.036000 0.020381 0.000902
v 0.036000 0.020214 0.001118
v 0.036000 0.020013 0.001302
v 0.036000 0.019785 0.001451
v 0.036000 0.019536 0.001561
v 0.036000 0.019272 0.001627
v 0.036000 0.019000 0.001650
v 0.036000 0.018728 0.001627
v 0.036000 0.018464 0.001561
v 0.036000 0.018215 0.001451
v 0.036000 0.017987 0.001302
v 0.036000 0.017786 0.001118
v 0.036000 0.017619 0.000902
v 0.036000 0.017489 0.000663
v 0.036000 0.017400 0.000405
v 0.036000 0.017356 0.000136
v 0.036000 0.017356 -0.000136
v 0.036000 0.017400 -0.000405
v 0.036000 0.017489 -0.000663
v 0.036000 0.017619 -0.000902
v 0.036000 0.017786 -0.001118
v 0.036000 0.017987 -0.001302
v 0.036000 0.018215 -0.001451
v 0.036000 0.018464 -0.001561
v 0.036000 0.018728 -0.001627
v 0.036000 -0.019272 0.001627
v 0.036000 -0.019536 0.001561
v 0.036000 -0.019785 0.001451
v 0.036000 -0.020013 0.001302
v 0.036000 -0.020214 0.001118
v 0.036000 -0.020381 0.000902
v 0.036000 -0.020511 0.000663
v 0.036000 -0.020600 0.000405
v 0.036000 -0.020644 0.000136
v 0.036000 -0.020644 -0.000136
v 0.036000 -0.020600 -0.000405
v 0.036000 -0.020511 -0.000663
v 0.036000 -0.020381 -0.000902
v 0.036000 -0.020214 -0.001118
v 0.036000 -0.020013 -0.001302
v 0.036000 -0.019785 -0.001451
v 0.036000 -0.019536 -0.001561
v 0.036000 -0.019272 -0.001627
v 0.036000 0.023600 0.005500
v 0.036000 0.023600 -0.005500
v 0.036000 0.022600 -0.006500
v 0.036000 -0.022600 -0.006500
v 0.036000 -0.023600 -0.005500
v 0.036000 -0.023600 0.005500
v 0.036000 -0.022600 0.006500
v 0.036000 0.022600 0.006500
v 0.036000 0.023588 -0.005656
v 0.036000 0.023551 -0.005809
v 0.036000 0.023491 -0.005954
v 0.036000 0.023409 -0.006088
v 0.036000 0.023307 -0.006207
v 0.036000 0.023188 -0.006309
v 0.036000 0.023054 -0.006391
v 0.036000 0.022909 -0.006451
v 0.036000 0.022756 -0.006488
v 0.036000 0.022756 0.006488
v 0.036000 0.022909 0.006451
v 0.036000 0.023054 0.006391
v 0.036000 0.023188 0.006309
v 0.036000 0.023307 0.006207
v 0.036000 0.023409 0.006088
v 0.036000 0.023491 0.005954
v 0.036000 0.023551 0.005809
v 0.036000 0.023588 0.005656
v 0.036000 -0.023588 0.005656
v 0.036000 -0.023551 0.005809
v 0.036000 -0.023491 0.005954
v 0.036000 -0.023409 0.006088
v 0.036000 -0.023307 0.006207
v 0.036000 -0.023188 0.006309
v 0.036000 -0.023054 0.006391
v 0.036000 -0.022909 0.006451
v 0.036000 -0.022756 0.006488
v 0.036000 -0.022756 -0.006488
v 0.036000 -0.022909 -0.006451
v 0.036000 -0.023054 -0.006391
v 0.036000 -0.023188 -0.006309
v 0.036000 -0.023307 -0.006207
v 0.036000 -0.023409 -0.006088
v 0.036000 -0.023491 -0.005954
v 0.036000 -0.023551 -0.005809
v 0.036000 -0.023588 -0.005656
v 0.036000 0.022600 0.006500
v 0.036000 -0.022600 0.006500
v 0.033900 0.022600 0.006500
v 0.033900 -0.022600 0.006500
v 0.035475 0.022600 0.006500
v 0.034950 0.022600 0.006500
v 0.034425 0.022600 0.006500
v 0.034425 -0.022600 0.006500
v 0.034950 -0.022600 0.006500
v 0.035475 -0.022600 0.006500
v 0.033900 -0.023600 -0.005500
v 0.033900 -0.023600 0.005500
v 0.036000 -0.023600 -0.005500
v 0.036000 -0.023600 0.005500
v 0.035475 -0.023600 0.005500
v 0.034950 -0.023600 0.005500
v 0.034425 -0.023600 0.005500
v 0.034425 -0.023600 -0.005500
v 0.034950 -0.023600 -0.005500
v 0.035475 -0.023600 -0.005500
v 0.033900 0.022600 -0.006500
v 0.033900 -0.022600 -0.006500
v 0.036000 0.022600 -0.006500
v 0.036000 -0.022600 -0.006500
v 0.034425 0.022600 -0.006500
v 0.034950 0.022600 -0.006500
v 0.035475 0.022600 -0.006500
v 0.035475 -0.022600 -0.006500
v 0.034950 -0.022600 -0.006500
v 0.034425 -0.022600 -0.006500
v 0.036000 0.023600 -0.005500
v 0.036000 0.023600 0.005500
v 0.033900 0.023600 -0.005500
v 0.033900 0.023600 0.005500
v 0.035475 0.023600 -0.005500
v 0.034950 0.023600 -0.005500
v 0.034425 0.023600 -0.005500
v 0.034425 0.023600 0.005500
v 0.034950 0.023600 0.005500
v 0.035475 0.023600 0.005500
v 0.033900 0.022600 -0.006500
v 0.036000 0.022600 -0.006500
v 0.034600 0.022983 -0.006424
v 0.035300 0.022983 -0.006424
v 0.034600 0.023156 -0.006331
v 0.035300 0.023156 -0.006331
v 0.034600 0.023307 -0.006207
v 0.035300 0.023307 -0.006207
v 0.034600 0.023431 -0.006056
v 0.035300 0.023431 -0.006056
v 0.034600 0.023524 -0.005883
v 0.035300 0.023524 -0.005883
v 0.033900 0.023600 -0.005500
v 0.036000 0.023600 -0.005500
v 0.034250 0.022983 -0.006424
v 0.034600 0.022795 -0.006481
v 0.034250 0.022795 -0.006481
v 0.034950 0.022983 -0.006424
v 0.035300 0.022795 -0.006481
v 0.034950 0.022600 -0.006500
v 0.034950 0.022795 -0.006481
v 0.035650 0.022983 -0.006424
v 0.035650 0.022795 -0.006481
v 0.034600 0.023581 -0.005695
v 0.034250 0.023524 -0.005883
v 0.034250 0.023581 -0.005695
v 0.034950 0.023600 -0.005500
v 0.035300 0.023581 -0.005695
v 0.034950 0.023524 -0.005883
v 0.034950 0.023581 -0.005695
v 0.035650 0.023524 -0.005883
v 0.035650 0.023581 -0.005695
v 0.035475 0.022600 -0.006500
v 0.034425 0.022600 -0.006500
v 0.034425 0.023600 -0.005500
v 0.035475 0.023600 -0.005500
v 0.036000 0.023588 -0.005656
v 0.036000 0.023551 -0.005809
v 0.036000 0.023491 -0.005954
v 0.036000 0.023409 -0.006088
v 0.036000 0.023307 -0.006207
v 0.036000 0.023188 -0.006309
v 0.036000 0.023054 -0.006391
v 0.036000 0.022909 -0.006451
v 0.036000 0.022756 -0.006488
v 0.033900 0.022756 -0.006488
v 0.033900 0.022909 -0.006451
v 0.033900 0.023054 -0.006391
v 0.033900 0.023188 -0.006309
v 0.033900 0.023307 -0.006207
v 0.033900 0.023409 -0.006088
v 0.033900 0.023491 -0.005954
v 0.033900 0.023551 -0.005809
v 0.033900 0.023588 -0.005656
v 0.033900 0.023600 0.005500
v 0.036000 0.023600 0.005500
v 0.034600 0.023524 0.005883
v 0.035300 0.023524 0.005883
v 0.034600 0.023431 0.006056
v 0.035300 0.023431 0.006056
v 0.034600 0.023307 0.006207
v 0.035300 0.023307 0.006207
v 0.034600 0.023156 0.006331
v 0.035300 0.023156 0.006331
v 0.034600 0.022983 0.006424
v 0.035300 0.022983 0.006424
v 0.033900 0.022600 0.006500
v 0.036000 0.022600 0.006500
v 0.034250 0.023524 0.005883
v 0.034600 0.023581 0.005695
v 0.034250 0.023581 0.005695
v 0.034950 0.023524 0.005883
v 0.035300 0.023581 0.005695
v 0.034950 0.023600 0.005500
v 0.034950 0.023581 0.005695
v 0.035650 0.023524 0.005883
v 0.035650 0.023581 0.005695
v 0.034600 0.022795 0.006481
v 0.034250 0.022983 0.006424
v 0.034250 0.022795 0.006481
v 0.034950 0.022600 0.006500
v 0.035300 0.022795 0.006481
v 0.034950 0.022983 0.006424
v 0.034950 0.022795 0.006481
v 0.035650 0.022983 0.006424
v 0.035650 0.022795 0.006481
v 0.034425 0.022600 0.006500
v 0.035475 0.022600 0.006500
v 0.035475 0.023600 0.005500
v 0.034425 0.023600 0.005500
v 0.036000 0.022756 0.006488
v 0.036000 0.022909 0.006451
v 0.036000 0.023054 0.006391
v 0.036000 0.023188 0.006309
v 0.036000 0.023307 0.006207
v 0.036000 0.023409 0.006088
v 0.036000 0.023491 0.005954
v 0.036000 0.023551 0.005809
v 0.036000 0.023588 0.005656
v 0.033900 0.023588 0.005656
v 0.033900 0.023551 0.005809
v 0.033900 0.023491 0.005954
v 0.033900 0.023409 0.006088
v 0.033900 0.023307 0.006207
v 0.033900 0.023188 0.006309
v 0.033900 0.023054 0.006391
v 0.033900 0.022909 0.006451
v 0.033900 0.022756 0.006488
v 0.033900 -0.022600 0.006500
v 0.036000 -0.022600 0.006500
v 0.034600 -0.022983 0.006424
v 0.035300 -0.022983 0.006424
v 0.034600 -0.023156 0.006331
v 0.035300 -0.023156 0.006331
v 0.034600 -0.023307 0.006207
v 0.035300 -0.023307 0.006207
v 0.034600 -0.023431 0.006056
v 0.035300 -0.023431 0.006056
v 0.034600 -0.023524 0.005883
v 0.035300 -0.023524 0.005883
v 0.033900 -0.023600 0.005500
v 0.036000 -0.023600 0.005500
v 0.034250 -0.022983 0.006424
v 0.034600 -0.022795 0.006481
v 0.034250 -0.022795 0.006481
v 0.034950 -0.022983 0.006424
v 0.035300 -0.022795 0.006481
v 0.034950 -0.022600 0.006500
v 0.034950 -0.022795 0.006481
v 0.035650 -0.022983 0.006424
v 0.035650 -0.022795 0.006481
v 0.034600 -0.023581 0.005695
v 0.034250 -0.023524 0.005883
v 0.034250 -0.023581 0.005695
v 0.034950 -0.023600 0.005500
v 0.035300 -0.023581 0.005695
v 0.034950 -0.023524 0.005883
v 0.034950 -0.023581 0.005695
v 0.035650 -0.023524 0.005883
v 0.035650 -0.023581 0.005695
v 0.035475 -0.022600 0.006500
v 0.034425 -0.022600 0.006500
v 0.034425 -0.023600 0.005500
v 0.035475 -0.023600 0.005500
v 0.036000 -0.023588 0.005656
v 0.036000 -0.023551 0.005809
v 0.036000 -0.023491 0.005954
v 0.036000 -0.023409 0.006088
v 0.036000 -0.023307 0.006207
v 0.036000 -0.023188 0.006309
v 0.036000 -0.023054 0.006391
v 0.036000 -0.022909 0.006451
v 0.036000 -0.022756 0.006488
v 0.033900 -0.022756 0.006488
v 0.033900 -0.022909 0.006451
v 0.033900 -0.023054 0.006391
v 0.033900 -0.023188 0.006309
v 0.033900 -0.023307 0.006207
v 0.033900 -0.023409 0.006088
v 0.033900 -0.023491 0.005954
v 0.033900 -0.023551 0.005809
v 0.033900 -0.023588 0.005656
v 0.033900 -0.023600 -0.005500
v 0.036000 -0.023600 -0.005500
v 0.034600 -0.023524 -0.005883
v 0.035300 -0.023524 -0.005883
v 0.034600 -0.023431 -0.006056
v 0.035300 -0.023431 -0.006056
v 0.034600 -0.023307 -0.006207
v 0.035300 -0.023307 -0.006207
v 0.034600 -0.023156 -0.006331
v 0.035300 -0.023156 -0.006331
v 0.034600 -0.022983 -0.006424
v 0.035300 -0.022983 -0.006424
v 0.033900 -0.022600 -0.006500
v 0.036000 -0.022600 -0.006500
v 0.034250 -0.023524 -0.005883
v 0.034600 -0.023581 -0.005695
v 0.034250 -0.023581 -0.005695
v 0.034950 -0.023524 -0.005883
v 0.035300 -0.023581 -0.005695
v 0.034950 -0.023600 -0.005500
v 0.034950 -0.023581 -0.005695
v 0.035650 -0.023524 -0.005883
v 0.035650 -0.023581 -0.005695
v 0.034600 -0.022795 -0.006481
v 0.034250 -0.022983 -0.006424
v 0.034250 -0.022795 -0.006481
v 0.034950 -0.022600 -0.006500
v 0.035300 -0.022795 -0.006481
v 0.034950 -0.022983 -0.006424
v 0.034950 -0.022795 -0.006481
v 0.035650 -0.022983 -0.006424
v 0.035650 -0.022795 -0.006481
v 0.035475 -0.023600 -0.005500
v 0.034425 -0.023600 -0.005500
v 0.034425 -0.022600 -0.006500
v 0.035475 -0.022600 -0.006500
v 0.036000 -0.022756 -0.006488
v 0.036000 -0.022909 -0.006451
v 0.036000 -0.023054 -0.006391
v 0.036000 -0.023188 -0.006309
v 0.036000 -0.023307 -0.006207
v 0.036000 -0.023409 -0.006088
v 0.036000 -0.023491 -0.005954
v 0.036000 -0.023551 -0.005809
v 0.036000 -0.023588 -0.005656
v 0.033900 -0.023588 -0.005656
v 0.033900 -0.023551 -0.005809
v 0.033900 -0.023491 -0.005954
v 0.033900 -0.023409 -0.006088
v 0.033900 -0.023307 -0.006207
v 0.033900 -0.023188 -0.006309
v 0.033900 -0.023054 -0.006391
v 0.033900 -0.022909 -0.006451
v 0.033900 -0.022756 -0.006488
v 0.033900 -0.025795 -0.008000
v 0.035831 -0.025795 -0.008000
v 0.035831 -0.025795 0.008000
v 0.033900 -0.025795 0.008000
v 0.035831 0.025795 -0.008000
v 0.033900 0.025795 -0.008000
v 0.033900 0.025795 0.008000
v 0.035831 0.025795 0.008000
v 0.027400 -0.000000 0.002700
v 0.027700 -0.000000 0.003000
v 0.027400 -0.001909 0.001909
v 0.027400 -0.002700 0.000000
v 0.027700 -0.003000 0.000000
v 0.027400 -0.001909 -0.001909
v 0.027400 -0.000000 -0.002700
v 0.027700 -0.000000 -0.003000
v 0.027400 -0.000422 0.002667
v 0.027400 -0.000834 0.002568
v 0.027400 -0.001226 0.002406
v 0.027400 -0.001587 0.002184
v 0.027400 -0.002184 0.001587
v 0.027400 -0.002406 0.001226
v 0.027400 -0.002568 0.000834
v 0.027400 -0.002667 0.000422
v 0.027400 -0.002667 -0.000422
v 0.027400 -0.002568 -0.000834
v 0.027400 -0.002406 -0.001226
v 0.027400 -0.002184 -0.001587
v 0.027400 -0.001587 -0.002184
v 0.027400 -0.001226 -0.002406
v 0.027400 -0.000834 -0.002568
v 0.027400 -0.000422 -0.002667
v 0.027700 -0.000427 -0.002969
v 0.027700 -0.000845 -0.002878
v 0.027700 -0.001246 -0.002729
v 0.027700 -0.001622 -0.002524
v 0.027700 -0.001965 -0.002267
v 0.027700 -0.002267 -0.001965
v 0.027700 -0.002524 -0.001622
v 0.027700 -0.002729 -0.001246
v 0.027700 -0.002878 -0.000845
v 0.027700 -0.002969 -0.000427
v 0.027700 -0.002969 0.000427
v 0.027700 -0.002878 0.000845
v 0.027700 -0.002729 0.001246
v 0.027700 -0.002524 0.001622
v 0.027700 -0.002267 0.001965
v 0.027700 -0.001965 0.002267
v 0.027700 -0.001622 0.002524
v 0.027700 -0.001246 0.002729
v 0.027700 -0.000845 0.002878
v 0.027700 -0.000427 0.002969
v 0.009700 -0.023000 0.000000
v 0.009700 -0.026600 0.000000
v 0.013900 -0.023000 0.000000
v 0.013900 -0.026600 0.000000
v 0.009729 -0.023000 -0.000346
v 0.009814 -0.023000 -0.000682
v 0.009953 -0.023000 -0.000999
v 0.010143 -0.023000 -0.001290
v 0.010378 -0.023000 -0.001545
v 0.010651 -0.023000 -0.001758
v 0.010956 -0.023000 -0.001923
v 0.011284 -0.023000 -0.002036
v 0.011627 -0.023000 -0.002093
v 0.011973 -0.023000 -0.002093
v 0.012316 -0.023000 -0.002036
v 0.012644 -0.023000 -0.001923
v 0.012949 -0.023000 -0.001758
v 0.013222 -0.023000 -0.001545
v 0.013457 -0.023000 -0.001290
v 0.013647 -0.023000 -0.000999
v 0.013786 -0.023000 -0.000682
v 0.013871 -0.023000 -0.000346
v 0.009700 -0.024800 0.000000
v 0.013871 -0.026600 -0.000346
v 0.013786 -0.026600 -0.000682
v 0.013647 -0.026600 -0.000999
v 0.013457 -0.026600 -0.001290
v 0.013222 -0.026600 -0.001545
v 0.012949 -0.026600 -0.001758
v 0.012644 -0.026600 -0.001923
v 0.012316 -0.026600 -0.002036
v 0.011973 -0.026600 -0.002093
v 0.011627 -0.026600 -0.002093
v 0.011284 -0.026600 -0.002036
v 0.010956 -0.026600 -0.001923
v 0.010651 -0.026600 -0.001758
v 0.010378 -0.026600 -0.001545
v 0.010143 -0.026600 -0.001290
v 0.009953 -0.026600 -0.000999
v 0.009814 -0.026600 -0.000682
v 0.009729 -0.026600 -0.000346
v 0.013900 -0.024800 0.000000
v 0.001700 -0.023000 0.000000
v 0.001700 -0.026600 0.000000
v 0.005900 -0.023000 0.000000
v 0.005900 -0.026600 0.000000
v 0.001729 -0.023000 -0.000346
v 0.001814 -0.023000 -0.000682
v 0.001953 -0.023000 -0.000999
v 0.002143 -0.023000 -0.001290
v 0.002378 -0.023000 -0.001545
v 0.002651 -0.023000 -0.001758
v 0.002956 -0.023000 -0.001923
v 0.003284 -0.023000 -0.002036
v 0.003627 -0.023000 -0.002093
v 0.003973 -0.023000 -0.002093
v 0.004316 -0.023000 -0.002036
v 0.004644 -0.023000 -0.001923
v 0.004949 -0.023000 -0.001758
v 0.005222 -0.023000 -0.001545
v 0.005457 -0.023000 -0.001290
v 0.005647 -0.023000 -0.000999
v 0.005786 -0.023000 -0.000682
v 0.005871 -0.023000 -0.000346
v 0.001700 -0.024800 0.000000
v 0.005871 -0.026600 -0.000346
v 0.005786 -0.026600 -0.000682
v 0.005647 -0.026600 -0.000999
v 0.005457 -0.026600 -0.001290
v 0.005222 -0.026600 -0.001545
v 0.004949 -0.026600 -0.001758
v 0.004644 -0.026600 -0.001923
v 0.004316 -0.026600 -0.002036
v 0.003973 -0.026600 -0.002093
v 0.003627 -0.026600 -0.002093
v 0.003284 -0.026600 -0.002036
v 0.002956 -0.026600 -0.001923
v 0.002651 -0.026600 -0.001758
v 0.002378 -0.026600 -0.001545
v 0.002143 -0.026600 -0.001290
v 0.001953 -0.026600 -0.000999
v 0.001814 -0.026600 -0.000682
v 0.001729 -0.026600 -0.000346
v 0.005900 -0.024800 0.000000
v 0.013900 0.023000 0.000000
v 0.013900 0.026600 0.000000
v 0.009700 0.023000 0.000000
v 0.009700 0.026600 0.000000
v 0.013871 0.023000 -0.000346
v 0.013786 0.023000 -0.000682
v 0.013647 0.023000 -0.000999
v 0.013457 0.023000 -0.001290
v 0.013222 0.023000 -0.001545
v 0.012949 0.023000 -0.001758
v 0.012644 0.023000 -0.001923
v 0.012316 0.023000 -0.002036
v 0.011973 0.023000 -0.002093
v 0.011627 0.023000 -0.002093
v 0.011284 0.023000 -0.002036
v 0.010956 0.023000 -0.001923
v 0.010651 0.023000 -0.001758
v 0.010378 0.023000 -0.001545
v 0.010143 0.023000 -0.001290
v 0.009953 0.023000 -0.000999
v 0.009814 0.023000 -0.000682
v 0.009729 0.023000 -0.000346
v 0.013900 0.024800 0.000000
v 0.009729 0.026600 -0.000346
v 0.009814 0.026600 -0.000682
v 0.009953 0.026600 -0.000999
v 0.010143 0.026600 -0.001290
v 0.010378 0.026600 -0.001545
v 0.010651 0.026600 -0.001758
v 0.010956 0.026600 -0.001923
v 0.011284 0.026600 -0.002036
v 0.011627 0.026600 -0.002093
v 0.011973 0.026600 -0.002093
v 0.012316 0.026600 -0.002036
v 0.012644 0.026600 -0.001923
v 0.012949 0.026600 -0.001758
v 0.013222 0.026600 -0.001545
v 0.013457 0.026600 -0.001290
v 0.013647 0.026600 -0.000999
v 0.013786 0.026600 -0.000682
v 0.013871 0.026600 -0.000346
v 0.009700 0.024800 0.000000
v 0.005900 0.023000 0.000000
v 0.005900 0.026600 0.000000
v 0.001700 0.023000 0.000000
v 0.001700 0.026600 0.000000
v 0.005871 0.023000 -0.000346
v 0.005786 0.023000 -0.000682
v 0.005647 0.023000 -0.000999
v 0.005457 0.023000 -0.001290
v 0.005222 0.023000 -0.001545
v 0.004949 0.023000 -0.001758
v 0.004644 0.023000 -0.001923
v 0.004316 0.023000 -0.002036
v 0.003973 0.023000 -0.002093
v 0.003627 0.023000 -0.002093
v 0.003284 0.023000 -0.002036
v 0.002956 0.023000 -0.001923
v 0.002651 0.023000 -0.001758
v 0.002378 0.023000 -0.001545
v 0.002143 0.023000 -0.001290
v 0.001953 0.023000 -0.000999
v 0.001814 0.023000 -0.000682
v 0.001729 0.023000 -0.000346
v 0.005900 0.024800 0.000000
v 0.001729 0.026600 -0.000346
v 0.001814 0.026600 -0.000682
v 0.001953 0.026600 -0.000999
v 0.002143 0.026600 -0.001290
v 0.002378 0.026600 -0.001545
v 0.002651 0.026600 -0.001758
v 0.002956 0.026600 -0.001923
v 0.003284 0.026600 -0.002036
v 0.003627 0.026600 -0.002093
v 0.003973 0.026600 -0.002093
v 0.004316 0.026600 -0.002036
v 0.004644 0.026600 -0.001923
v 0.004949 0.026600 -0.001758
v 0.005222 0.026600 -0.001545
v 0.005457 0.026600 -0.001290
v 0.005647 0.026600 -0.000999
v 0.005786 0.026600 -0.000682
v 0.005871 0.026600 -0.000346
v 0.001700 0.024800 0.000000
v 0.027700 0.007602 -0.002500
v 0.028200 0.007602 -0.002000
v 0.027700 0.007602 -0.007500
v 0.028200 0.007602 -0.008000
v 0.027700 0.007191 -0.002534
v 0.027700 0.006791 -0.002635
v 0.027700 0.006413 -0.002801
v 0.027700 0.006067 -0.003027
v 0.027700 0.005763 -0.003307
v 0.027700 0.005509 -0.003633
v 0.027700 0.005313 -0.003996
v 0.027700 0.005179 -0.004386
v 0.027700 0.005111 -0.004794
v 0.027700 0.005111 -0.005206
v 0.027700 0.005179 -0.005614
v 0.027700 0.005313 -0.006004
v 0.027700 0.005509 -0.006367
v 0.027700 0.005763 -0.006693
v 0.027700 0.006067 -0.006973
v 0.027700 0.006413 -0.007199
v 0.027700 0.006791 -0.007365
v 0.027700 0.007191 -0.007466
v 0.027950 0.007602 -0.007750
v 0.028200 0.007109 -0.007959
v 0.028200 0.006628 -0.007837
v 0.028200 0.006175 -0.007638
v 0.028200 0.005760 -0.007367
v 0.028200 0.005395 -0.007032
v 0.028200 0.005091 -0.006641
v 0.028200 0.004855 -0.006205
v 0.028200 0.004694 -0.005736
v 0.028200 0.004613 -0.005248
v 0.028200 0.004613 -0.004752
v 0.028200 0.004694 -0.004264
v 0.028200 0.004855 -0.003795
v 0.028200 0.005091 -0.003359
v 0.028200 0.005395 -0.002968
v 0.028200 0.005760 -0.002633
v 0.028200 0.006175 -0.002362
v 0.028200 0.006628 -0.002163
v 0.028200 0.007109 -0.002041
v 0.027950 0.007602 -0.002250
v 0.027700 -0.007602 0.007500
v 0.028200 -0.007602 0.008000
v 0.027700 -0.007602 0.002500
v 0.028200 -0.007602 0.002000
v 0.027700 -0.008014 0.007466
v 0.027700 -0.008414 0.007365
v 0.027700 -0.008792 0.007199
v 0.027700 -0.009138 0.006973
v 0.027700 -0.009442 0.006693
v 0.027700 -0.009695 0.006367
v 0.027700 -0.009892 0.006004
v 0.027700 -0.010026 0.005614
v 0.027700 -0.010094 0.005206
v 0.027700 -0.010094 0.004794
v 0.027700 -0.010026 0.004386
v 0.027700 -0.009892 0.003996
v 0.027700 -0.009695 0.003633
v 0.027700 -0.009442 0.003307
v 0.027700 -0.009138 0.003027
v 0.027700 -0.008792 0.002801
v 0.027700 -0.008414 0.002635
v 0.027700 -0.008014 0.002534
v 0.027950 -0.007602 0.002250
v 0.028200 -0.008096 0.002041
v 0.028200 -0.008576 0.002163
v 0.028200 -0.009030 0.002362
v 0.028200 -0.009445 0.002633
v 0.028200 -0.009810 0.002968
v 0.028200 -0.010114 0.003359
v 0.028200 -0.010350 0.003795
v 0.028200 -0.010511 0.004264
v 0.028200 -0.010592 0.004752
v 0.028200 -0.010592 0.005248
v 0.028200 -0.010511 0.005736
v 0.028200 -0.010350 0.006205
v 0.028200 -0.010114 0.006641
v 0.028200 -0.009810 0.007032
v 0.028200 -0.009445 0.007367
v 0.028200 -0.009030 0.007638
v 0.028200 -0.008576 0.007837
v 0.028200 -0.008096 0.007959
v 0.027950 -0.007602 0.007750
v 0.035900 0.019000 0.001250
v 0.029400 0.019000 0.001250
v 0.035900 0.019000 -0.001250
v 0.029400 0.019000 -0.001250
v 0.035900 0.019206 0.001233
v 0.035900 0.019406 0.001182
v 0.035900 0.019595 0.001099
v 0.035900 0.019768 0.000986
v 0.035900 0.019920 0.000847
v 0.035900 0.020046 0.000684
v 0.035900 0.020145 0.000502
v 0.035900 0.020212 0.000307
v 0.035900 0.020246 0.000103
v 0.035900 0.020246 -0.000103
v 0.035900 0.020212 -0.000307
v 0.035900 0.020145 -0.000502
v 0.035900 0.020046 -0.000684
v 0.035900 0.019920 -0.000847
v 0.035900 0.019768 -0.000986
v 0.035900 0.019595 -0.001099
v 0.035900 0.019406 -0.001182
v 0.035900 0.019206 -0.001233
v 0.032650 0.019000 0.001250
v 0.029400 0.019206 -0.001233
v 0.029400 0.019406 -0.001182
v 0.029400 0.019595 -0.001099
v 0.029400 0.019768 -0.000986
v 0.029400 0.019920 -0.000847
v 0.029400 0.020046 -0.000684
v 0.029400 0.020145 -0.000502
v 0.029400 0.020212 -0.000307
v 0.029400 0.020246 -0.000103
v 0.029400 0.020246 0.000103
v 0.029400 0.020212 0.000307
v 0.029400 0.020145 0.000502
v 0.029400 0.020046 0.000684
v 0.029400 0.019920 0.000847
v 0.029400 0.019768 0.000986
v 0.029400 0.019595 0.001099
v 0.029400 0.019406 0.001182
v 0.029400 0.019206 0.001233
v 0.032650 0.019000 -0.001250
v 0.035900 -0.019000 0.001250
v 0.029400 -0.019000 0.001250
v 0.035900 -0.019000 -0.001250
v 0.029400 -0.019000 -0.001250
v 0.035900 -0.018794 0.001233
v 0.035900 -0.018594 0.001182
v 0.035900 -0.018405 0.001099
v 0.035900 -0.018232 0.000986
v 0.035900 -0.018080 0.000847
v 0.035900 -0.017954 0.000684
v 0.035900 -0.017855 0.000502
v 0.035900 -0.017788 0.000307
v 0.035900 -0.017754 0.000103
v 0.035900 -0.017754 -0.000103
v 0.035900 -0.017788 -0.000307
v 0.035900 -0.017855 -0.000502
v 0.035900 -0.017954 -0.000684
v 0.035900 -0.018080 -0.000847
v 0.035900 -0.018232 -0.000986
v 0.035900 -0.018405 -0.001099
v 0.035900 -0.018594 -0.001182
v 0.035900 -0.018794 -0.001233
v 0.032650 -0.019000 0.001250
v 0.029400 -0.018794 -0.001233
v 0.029400 -0.018594 -0.001182
v 0.029400 -0.018405 -0.001099
v 0.029400 -0.018232 -0.000986
v 0.029400 -0.018080 -0.000847
v 0.029400 -0.017954 -0.000684
v 0.029400 -0.017855 -0.000502
v 0.029400 -0.017788 -0.000307
v 0.029400 -0.017754 -0.000103
v 0.029400 -0.017754 0.000103
v 0.029400 -0.017788 0.000307
v 0.029400 -0.017855 0.000502
v 0.029400 -0.017954 0.000684
v 0.029400 -0.018080 0.000847
v 0.029400 -0.018232 0.000986
v 0.029400 -0.018405 0.001099
v 0.029400 -0.018594 0.001182
v 0.029400 -0.018794 0.001233
v 0.032650 -0.019000 -0.001250
v 0.028200 0.007602 -0.002000
v 0.028200 0.007602 -0.008000
v 0.029700 0.007602 -0.008000
v 0.028200 0.007109 -0.002041
v 0.028200 0.006628 -0.002163
v 0.028200 0.006175 -0.002362
v 0.028200 0.005760 -0.002633
v 0.028200 0.005395 -0.002968
v 0.028200 0.005091 -0.003359
v 0.028200 0.004855 -0.003795
v 0.028200 0.004694 -0.004264
v 0.028200 0.004613 -0.004752
v 0.028200 0.004613 -0.005248
v 0.028200 0.004694 -0.005736
v 0.028200 0.004855 -0.006205
v 0.028200 0.005091 -0.006641
v 0.028200 0.005395 -0.007032
v 0.028200 0.005760 -0.007367
v 0.028200 0.006175 -0.007638
v 0.028200 0.006628 -0.007837
v 0.028200 0.007109 -0.007959
v 0.028950 0.007602 -0.008000
v 0.029400 0.006295 -0.007700
v 0.029400 0.005861 -0.007443
v 0.029400 0.005477 -0.007117
v 0.029400 0.005153 -0.006732
v 0.029400 0.004897 -0.006297
v 0.029400 0.004718 -0.005826
v 0.029400 0.004621 -0.005332
v 0.029400 0.004607 -0.004828
v 0.029400 0.004678 -0.004329
v 0.029400 0.004832 -0.003849
v 0.029400 0.005064 -0.003402
v 0.029400 0.005367 -0.002999
v 0.029400 0.005733 -0.002653
v 0.029400 0.006152 -0.002374
v 0.029400 0.006612 -0.002168
v 0.029400 0.007100 -0.002042
v 0.029400 0.007602 -0.002000
v 0.028800 0.007602 -0.002000
v 0.029681 0.007266 -0.007981
v 0.029624 0.006932 -0.007924
v 0.029530 0.006606 -0.007830
v 0.028200 -0.007602 0.008000
v 0.029700 -0.007602 0.008000
v 0.028200 -0.007602 0.002000
v 0.028200 -0.008096 0.007959
v 0.028200 -0.008576 0.007837
v 0.028200 -0.009030 0.007638
v 0.028200 -0.009445 0.007367
v 0.028200 -0.009810 0.007032
v 0.028200 -0.010114 0.006641
v 0.028200 -0.010350 0.006205
v 0.028200 -0.010511 0.005736
v 0.028200 -0.010592 0.005248
v 0.028200 -0.010592 0.004752
v 0.028200 -0.010511 0.004264
v 0.028200 -0.010350 0.003795
v 0.028200 -0.010114 0.003359
v 0.028200 -0.009810 0.002968
v 0.028200 -0.009445 0.002633
v 0.028200 -0.009030 0.002362
v 0.028200 -0.008576 0.002163
v 0.028200 -0.008096 0.002041
v 0.028800 -0.007602 0.002000
v 0.029400 -0.007602 0.002000
v 0.029400 -0.008104 0.002042
v 0.029400 -0.008592 0.002168
v 0.029400 -0.009052 0.002374
v 0.029400 -0.009472 0.002653
v 0.029400 -0.009838 0.002999
v 0.029400 -0.010141 0.003402
v 0.029400 -0.010373 0.003849
v 0.029400 -0.010526 0.004329
v 0.029400 -0.010597 0.004828
v 0.029400 -0.010584 0.005332
v 0.029400 -0.010486 0.005826
v 0.029400 -0.010307 0.006297
v 0.029400 -0.010052 0.006732
v 0.029400 -0.009728 0.007117
v 0.029400 -0.009344 0.007443
v 0.029400 -0.008910 0.007700
v 0.028950 -0.007602 0.008000
v 0.029530 -0.008599 0.007830
v 0.029624 -0.008273 0.007924
v 0.029681 -0.007939 0.007981
v 0.029400 -0.000000 -0.003000
v 0.027700 -0.000000 -0.003000
v 0.027700 -0.003000 0.000000
v 0.029400 -0.000000 0.003000
v 0.027700 -0.000000 0.003000
v 0.027700 -0.000427 0.002969
v 0.027700 -0.000845 0.002878
v 0.027700 -0.001246 0.002729
v 0.027700 -0.001622 0.002524
v 0.027700 -0.001965 0.002267
v 0.027700 -0.002267 0.001965
v 0.027700 -0.002524 0.001622
v 0.027700 -0.002729 0.001246
v 0.027700 -0.002878 0.000845
v 0.027700 -0.002969 0.000427
v 0.027700 -0.002969 -0.000427
v 0.027700 -0.002878 -0.000845
v 0.027700 -0.002729 -0.001246
v 0.027700 -0.002524 -0.001622
v 0.027700 -0.002267 -0.001965
v 0.027700 -0.001965 -0.002267
v 0.027700 -0.001622 -0.002524
v 0.027700 -0.001246 -0.002729
v 0.027700 -0.000845 -0.002878
v 0.027700 -0.000427 -0.002969
v 0.029400 -0.000494 -0.002959
v 0.029400 -0.000974 -0.002837
v 0.029400 -0.001428 -0.002638
v 0.029400 -0.001843 -0.002367
v 0.029400 -0.002207 -0.002032
v 0.029400 -0.002512 -0.001641
v 0.029400 -0.002747 -0.001205
v 0.029400 -0.002908 -0.000736
v 0.029400 -0.002990 -0.000248
v 0.029400 -0.002990 0.000248
v 0.029400 -0.002908 0.000736
v 0.029400 -0.002747 0.001205
v 0.029400 -0.002512 0.001641
v 0.029400 -0.002207 0.002032
v 0.029400 -0.001843 0.002367
v 0.029400 -0.001428 0.002638
v 0.029400 -0.000974 0.002837
v 0.029400 -0.000494 0.002959
v 0.028550 -0.000000 0.003000
v 0.028550 -0.000000 -0.003000
v 0.030300 -0.000000 -0.003000
v 0.035900 -0.000000 -0.003000
v 0.030300 -0.000000 0.003000
v 0.035900 -0.000000 0.003000
v 0.030300 0.000494 -0.002959
v 0.030300 0.000974 -0.002837
v 0.030300 0.001428 -0.002638
v 0.030300 0.001843 -0.002367
v 0.030300 0.002207 -0.002032
v 0.030300 0.002512 -0.001641
v 0.030300 0.002747 -0.001205
v 0.030300 0.002908 -0.000736
v 0.030300 0.002990 -0.000248
v 0.030300 0.002990 0.000248
v 0.030300 0.002908 0.000736
v 0.030300 0.002747 0.001205
v 0.030300 0.002512 0.001641
v 0.030300 0.002207 0.002032
v 0.030300 0.001843 0.002367
v 0.030300 0.001428 0.002638
v 0.030300 0.000974 0.002837
v 0.030300 0.000494 0.002959
v 0.033100 -0.000000 -0.003000
v 0.035900 0.000494 0.002959
v 0.035900 0.000974 0.002837
v 0.035900 0.001428 0.002638
v 0.035900 0.001843 0.002367
v 0.035900 0.002207 0.002032
v 0.035900 0.002512 0.001641
v 0.035900 0.002747 0.001205
v 0.035900 0.002908 0.000736
v 0.035900 0.002990 0.000248
v 0.035900 0.002990 -0.000248
v 0.035900 0.002908 -0.000736
v 0.035900 0.002747 -0.001205
v 0.035900 0.002512 -0.001641
v 0.035900 0.002207 -0.002032
v 0.035900 0.001843 -0.002367
v 0.035900 0.001428 -0.002638
v 0.035900 0.000974 -0.002837
v 0.035900 0.000494 -0.002959
v 0.033100 -0.000000 0.003000
v 0.012950 -0.023000 0.000000
v 0.012950 -0.021100 0.000000
v 0.010650 -0.023000 0.000000
v 0.010650 -0.021100 0.000000
v 0.012934 -0.023000 -0.000189
v 0.012888 -0.023000 -0.000373
v 0.012811 -0.023000 -0.000547
v 0.012708 -0.023000 -0.000706
v 0.012579 -0.023000 -0.000846
v 0.012429 -0.023000 -0.000963
v 0.012262 -0.023000 -0.001053
v 0.012082 -0.023000 -0.001115
v 0.011895 -0.023000 -0.001146
v 0.011705 -0.023000 -0.001146
v 0.011518 -0.023000 -0.001115
v 0.011338 -0.023000 -0.001053
v 0.011171 -0.023000 -0.000963
v 0.011021 -0.023000 -0.000846
v 0.010893 -0.023000 -0.000706
v 0.010789 -0.023000 -0.000547
v 0.010712 -0.023000 -0.000373
v 0.010666 -0.023000 -0.000189
v 0.012950 -0.022050 0.000000
v 0.010666 -0.021100 -0.000189
v 0.010712 -0.021100 -0.000373
v 0.010789 -0.021100 -0.000547
v 0.010893 -0.021100 -0.000706
v 0.011021 -0.021100 -0.000846
v 0.011171 -0.021100 -0.000963
v 0.011338 -0.021100 -0.001053
v 0.011518 -0.021100 -0.001115
v 0.011705 -0.021100 -0.001146
v 0.011895 -0.021100 -0.001146
v 0.012082 -0.021100 -0.001115
v 0.012262 -0.021100 -0.001053
v 0.012429 -0.021100 -0.000963
v 0.012579 -0.021100 -0.000846
v 0.012708 -0.021100 -0.000706
v 0.012811 -0.021100 -0.000547
v 0.012888 -0.021100 -0.000373
v 0.012934 -0.021100 -0.000189
v 0.010650 -0.022050 0.000000
v 0.004950 -0.023000 0.000000
v 0.004950 -0.021100 0.000000
v 0.002650 -0.023000 0.000000
v 0.002650 -0.021100 0.000000
v 0.004934 -0.023000 -0.000189
v 0.004888 -0.023000 -0.000373
v 0.004811 -0.023000 -0.000547
v 0.004708 -0.023000 -0.000706
v 0.004579 -0.023000 -0.000846
v 0.004429 -0.023000 -0.000963
v 0.004262 -0.023000 -0.001053
v 0.004082 -0.023000 -0.001115
v 0.003895 -0.023000 -0.001146
v 0.003705 -0.023000 -0.001146
v 0.003518 -0.023000 -0.001115
v 0.003338 -0.023000 -0.001053
v 0.003171 -0.023000 -0.000963
v 0.003021 -0.023000 -0.000846
v 0.002893 -0.023000 -0.000706
v 0.002789 -0.023000 -0.000547
v 0.002712 -0.023000 -0.000373
v 0.002666 -0.023000 -0.000189
v 0.004950 -0.022050 0.000000
v 0.002666 -0.021100 -0.000189
v 0.002712 -0.021100 -0.000373
v 0.002789 -0.021100 -0.000547
v 0.002893 -0.021100 -0.000706
v 0.003021 -0.021100 -0.000846
v 0.003171 -0.021100 -0.000963
v 0.003338 -0.021100 -0.001053
v 0.003518 -0.021100 -0.001115
v 0.003705 -0.021100 -0.001146
v 0.003895 -0.021100 -0.001146
v 0.004082 -0.021100 -0.001115
v 0.004262 -0.021100 -0.001053
v 0.004429 -0.021100 -0.000963
v 0.004579 -0.021100 -0.000846
v 0.004708 -0.021100 -0.000706
v 0.004811 -0.021100 -0.000547
v 0.004888 -0.021100 -0.000373
v 0.004934 -0.021100 -0.000189
v 0.002650 -0.022050 0.000000
v 0.030300 -0.000000 0.001500
v 0.027400 -0.000000 0.001500
v 0.030300 -0.000000 -0.001500
v 0.027400 -0.000000 -0.001500
v 0.030300 0.000247 0.001480
v 0.030300 0.000487 0.001419
v 0.030300 0.000714 0.001319
v 0.030300 0.000921 0.001184
v 0.030300 0.001104 0.001016
v 0.030300 0.001256 0.000820
v 0.030300 0.001374 0.000603
v 0.030300 0.001454 0.000368
v 0.030300 0.001495 0.000124
v 0.030300 0.001495 -0.000124
v 0.030300 0.001454 -0.000368
v 0.030300 0.001374 -0.000603
v 0.030300 0.001256 -0.000820
v 0.030300 0.001104 -0.001016
v 0.030300 0.000921 -0.001184
v 0.030300 0.000714 -0.001319
v 0.030300 0.000487 -0.001419
v 0.030300 0.000247 -0.001480
v 0.028850 -0.000000 0.001500
v 0.027400 0.000247 -0.001480
v 0.027400 0.000487 -0.001419
v 0.027400 0.000714 -0.001319
v 0.027400 0.000921 -0.001184
v 0.027400 0.001104 -0.001016
v 0.027400 0.001256 -0.000820
v 0.027400 0.001374 -0.000603
v 0.027400 0.001454 -0.000368
v 0.027400 0.001495 -0.000124
v 0.027400 0.001495 0.000124
v 0.027400 0.001454 0.000368
v 0.027400 0.001374 0.000603
v 0.027400 0.001256 0.000820
v 0.027400 0.001104 0.001016
v 0.027400 0.000921 0.001184
v 0.027400 0.000714 0.001319
v 0.027400 0.000487 0.001419
v 0.027400 0.000247 0.001480
v 0.028850 -0.000000 -0.001500
v 0.004950 0.021100 0.000000
v 0.004950 0.023000 0.000000
v 0.002650 0.021100 0.000000
v 0.002650 0.023000 0.000000
v 0.004934 0.021100 -0.000189
v 0.004888 0.021100 -0.000373
v 0.004811 0.021100 -0.000547
v 0.004708 0.021100 -0.000706
v 0.004579 0.021100 -0.000846
v 0.004429 0.021100 -0.000963
v 0.004262 0.021100 -0.001053
v 0.004082 0.021100 -0.001115
v 0.003895 0.021100 -0.001146
v 0.003705 0.021100 -0.001146
v 0.003518 0.021100 -0.001115
v 0.003338 0.021100 -0.001053
v 0.003171 0.021100 -0.000963
v 0.003021 0.021100 -0.000846
v 0.002893 0.021100 -0.000706
v 0.002789 0.021100 -0.000547
v 0.002712 0.021100 -0.000373
v 0.002666 0.021100 -0.000189
v 0.004950 0.022050 0.000000
v 0.002666 0.023000 -0.000189
v 0.002712 0.023000 -0.000373
v 0.002789 0.023000 -0.000547
v 0.002893 0.023000 -0.000706
v 0.003021 0.023000 -0.000846
v 0.003171 0.023000 -0.000963
v 0.003338 0.023000 -0.001053
v 0.003518 0.023000 -0.001115
v 0.003705 0.023000 -0.001146
v 0.003895 0.023000 -0.001146
v 0.004082 0.023000 -0.001115
v 0.004262 0.023000 -0.001053
v 0.004429 0.023000 -0.000963
v 0.004579 0.023000 -0.000846
v 0.004708 0.023000 -0.000706
v 0.004811 0.023000 -0.000547
v 0.004888 0.023000 -0.000373
v 0.004934 0.023000 -0.000189
v 0.002650 0.022050 0.000000
v 0.012950 0.021100 0.000000
v 0.012950 0.023000 0.000000
v 0.010650 0.021100 0.000000
v 0.010650 0.023000 0.000000
v 0.012934 0.021100 -0.000189
v 0.012888 0.021100 -0.000373
v 0.012811 0.021100 -0.000547
v 0.012708 0.021100 -0.000706
v 0.012579 0.021100 -0.000846
v 0.012429 0.021100 -0.000963
v 0.012262 0.021100 -0.001053
v 0.012082 0.021100 -0.001115
v 0.011895 0.021100 -0.001146
v 0.011705 0.021100 -0.001146
v 0.011518 0.021100 -0.001115
v 0.011338 0.021100 -0.001053
v 0.011171 0.021100 -0.000963
v 0.011021 0.021100 -0.000846
v 0.010893 0.021100 -0.000706
v 0.010789 0.021100 -0.000547
v 0.010712 0.021100 -0.000373
v 0.010666 0.021100 -0.000189
v 0.012950 0.022050 0.000000
v 0.010666 0.023000 -0.000189
v 0.010712 0.023000 -0.000373
v 0.010789 0.023000 -0.000547
v 0.010893 0.023000 -0.000706
v 0.011021 0.023000 -0.000846
v 0.011171 0.023000 -0.000963
v 0.011338 0.023000 -0.001053
v 0.011518 0.023000 -0.001115
v 0.011705 0.023000 -0.001146
v 0.011895 0.023000 -0.001146
v 0.012082 0.023000 -0.001115
v 0.012262 0.023000 -0.001053
v 0.012429 0.023000 -0.000963
v 0.012579 0.023000 -0.000846
v 0.012708 0.023000 -0.000706
v 0.012811 0.023000 -0.000547
v 0.012888 0.023000 -0.000373
v 0.012934 0.023000 -0.000189
v 0.010650 0.022050 0.000000
v -0.000000 0.026600 -0.007700
v -0.000000 0.026600 0.007700
v 0.032900 0.026600 0.007700
v 0.013900 0.026600 0.000000
v 0.013871 0.026600 -0.000346
v 0.013786 0.026600 -0.000682
v 0.013647 0.026600 -0.000999
v 0.013457 0.026600 -0.001290
v 0.013222 0.026600 -0.001545
v 0.012949 0.026600 -0.001758
v 0.012644 0.026600 -0.001923
v 0.012316 0.026600 -0.002036
v 0.011973 0.026600 -0.002093
v 0.011627 0.026600 -0.002093
v 0.011284 0.026600 -0.002036
v 0.010956 0.026600 -0.001923
v 0.010651 0.026600 -0.001758
v 0.010378 0.026600 -0.001545
v 0.010143 0.026600 -0.001290
v 0.009953 0.026600 -0.000999
v 0.009814 0.026600 -0.000682
v 0.009729 0.026600 -0.000346
v 0.009700 0.026600 0.000000
v 0.005900 0.026600 0.000000
v 0.005871 0.026600 -0.000346
v 0.005786 0.026600 -0.000682
v 0.005647 0.026600 -0.000999
v 0.005457 0.026600 -0.001290
v 0.005222 0.026600 -0.001545
v 0.004949 0.026600 -0.001758
v 0.004644 0.026600 -0.001923
v 0.004316 0.026600 -0.002036
v 0.003973 0.026600 -0.002093
v 0.003627 0.026600 -0.002093
v 0.003284 0.026600 -0.002036
v 0.002956 0.026600 -0.001923
v 0.002651 0.026600 -0.001758
v 0.002378 0.026600 -0.001545
v 0.002143 0.026600 -0.001290
v 0.001953 0.026600 -0.000999
v 0.001814 0.026600 -0.000682
v 0.001729 0.026600 -0.000346
v 0.001700 0.026600 0.000000
v 0.032900 0.026600 -0.007700
v 0.001729 0.026600 0.000346
v 0.001814 0.026600 0.000682
v 0.001953 0.026600 0.000999
v 0.002143 0.026600 0.001290
v 0.002378 0.026600 0.001545
v 0.002651 0.026600 0.001758
v 0.002956 0.026600 0.001923
v 0.003284 0.026600 0.002036
v 0.003627 0.026600 0.002093
v 0.003973 0.026600 0.002093
v 0.004316 0.026600 0.002036
v 0.004644 0.026600 0.001923
v 0.004949 0.026600 0.001758
v 0.005222 0.026600 0.001545
v 0.005457 0.026600 0.001290
v 0.005647 0.026600 0.000999
v 0.005786 0.026600 0.000682
v 0.005871 0.026600 0.000346
v 0.009729 0.026600 0.000346
v 0.009814 0.026600 0.000682
v 0.009953 0.026600 0.000999
v 0.010143 0.026600 0.001290
v 0.010378 0.026600 0.001545
v 0.010651 0.026600 0.001758
v 0.010956 0.026600 0.001923
v 0.011284 0.026600 0.002036
v 0.011627 0.026600 0.002093
v 0.011973 0.026600 0.002093
v 0.012316 0.026600 0.002036
v 0.012644 0.026600 0.001923
v 0.012949 0.026600 0.001758
v 0.013222 0.026600 0.001545
v 0.013457 0.026600 0.001290
v 0.013647 0.026600 0.000999
v 0.013786 0.026600 0.000682
v 0.013871 0.026600 0.000346
v 0.010650 0.021100 0.000000
v 0.010650 0.023000 0.000000
v 0.012950 0.021100 0.000000
v 0.012950 0.023000 0.000000
v 0.012950 0.022050 0.000000
v 0.010650 0.022050 0.000000
v 0.010666 0.021100 0.000189
v 0.010712 0.021100 0.000373
v 0.010789 0.021100 0.000547
v 0.010893 0.021100 0.000706
v 0.011021 0.021100 0.000846
v 0.011171 0.021100 0.000963
v 0.011338 0.021100 0.001053
v 0.011518 0.021100 0.001115
v 0.011705 0.021100 0.001146
v 0.011895 0.021100 0.001146
v 0.012082 0.021100 0.001115
v 0.012262 0.021100 0.001053
v 0.012429 0.021100 0.000963
v 0.012579 0.021100 0.000846
v 0.012708 0.021100 0.000706
v 0.012811 0.021100 0.000547
v 0.012888 0.021100 0.000373
v 0.012934 0.021100 0.000189
v 0.012934 0.023000 0.000189
v 0.012888 0.023000 0.000373
v 0.012811 0.023000 0.000547
v 0.012708 0.023000 0.000706
v 0.012579 0.023000 0.000846
v 0.012429 0.023000 0.000963
v 0.012262 0.023000 0.001053
v 0.012082 0.023000 0.001115
v 0.011895 0.023000 0.001146
v 0.011705 0.023000 0.001146
v 0.011518 0.023000 0.001115
v 0.011338 0.023000 0.001053
v 0.011171 0.023000 0.000963
v 0.011021 0.023000 0.000846
v 0.010893 0.023000 0.000706
v 0.010789 0.023000 0.000547
v 0.010712 0.023000 0.000373
v 0.010666 0.023000 0.000189
v 0.002650 0.021100 0.000000
v 0.002650 0.023000 0.000000
v 0.004950 0.021100 0.000000
v 0.004950 0.023000 0.000000
v 0.004950 0.022050 0.000000
v 0.002650 0.022050 0.000000
v 0.002666 0.021100 0.000189
v 0.002712 0.021100 0.000373
v 0.002789 0.021100 0.000547
v 0.002893 0.021100 0.000706
v 0.003021 0.021100 0.000846
v 0.003171 0.021100 0.000963
v 0.003338 0.021100 0.001053
v 0.003518 0.021100 0.001115
v 0.003705 0.021100 0.001146
v 0.003895 0.021100 0.001146
v 0.004082 0.021100 0.001115
v 0.004262 0.021100 0.001053
v 0.004429 0.021100 0.000963
v 0.004579 0.021100 0.000846
v 0.004708 0.021100 0.000706
v 0.004811 0.021100 0.000547
v 0.004888 0.021100 0.000373
v 0.004934 0.021100 0.000189
v 0.004934 0.023000 0.000189
v 0.004888 0.023000 0.000373
v 0.004811 0.023000 0.000547
v 0.004708 0.023000 0.000706
v 0.004579 0.023000 0.000846
v 0.004429 0.023000 0.000963
v 0.004262 0.023000 0.001053
v 0.004082 0.023000 0.001115
v 0.003895 0.023000 0.001146
v 0.003705 0.023000 0.001146
v 0.003518 0.023000 0.001115
v 0.003338 0.023000 0.001053
v 0.003171 0.023000 0.000963
v 0.003021 0.023000 0.000846
v 0.002893 0.023000 0.000706
v 0.002789 0.023000 0.000547
v 0.002712 0.023000 0.000373
v 0.002666 0.023000 0.000189
v 0.027400 -0.000000 -0.002700
v 0.027400 -0.000422 -0.002667
v 0.027400 -0.000834 -0.002568
v 0.027400 -0.001226 -0.002406
v 0.027400 -0.001587 -0.002184
v 0.027400 -0.001909 -0.001909
v 0.027400 -0.002184 -0.001587
v 0.027400 -0.002406 -0.001226
v 0.027400 -0.002568 -0.000834
v 0.027400 -0.002667 -0.000422
v 0.027400 -0.002700 0.000000
v 0.027400 -0.002667 0.000422
v 0.027400 -0.002568 0.000834
v 0.027400 -0.002406 0.001226
v 0.027400 -0.002184 0.001587
v 0.027400 -0.001909 0.001909
v 0.027400 -0.001587 0.002184
v 0.027400 -0.001226 0.002406
v 0.027400 -0.000834 0.002568
v 0.027400 -0.000422 0.002667
v 0.027400 -0.000000 0.002700
v 0.027400 -0.000000 -0.001500
v 0.027400 0.000247 -0.001480
v 0.027400 0.000487 -0.001419
v 0.027400 0.000714 -0.001319
v 0.027400 0.000921 -0.001184
v 0.027400 0.001104 -0.001016
v 0.027400 0.001256 -0.000820
v 0.027400 0.001374 -0.000603
v 0.027400 0.001454 -0.000368
v 0.027400 0.001495 -0.000124
v 0.027400 0.001495 0.000124
v 0.027400 0.001454 0.000368
v 0.027400 0.001374 0.000603
v 0.027400 0.001256 0.000820
v 0.027400 0.001104 0.001016
v 0.027400 0.000921 0.001184
v 0.027400 0.000714 0.001319
v 0.027400 0.000487 0.001419
v 0.027400 0.000247 0.001480
v 0.027400 -0.000000 0.001500
v 0.027400 -0.000247 0.001480
v 0.027400 -0.000487 0.001419
v 0.027400 -0.000714 0.001319
v 0.027400 -0.000921 0.001184
v 0.027400 -0.001104 0.001016
v 0.027400 -0.001256 0.000820
v 0.027400 -0.001374 0.000603
v 0.027400 -0.001454 0.000368
v 0.027400 -0.001495 0.000124
v 0.027400 -0.001495 -0.000124
v 0.027400 -0.001454 -0.000368
v 0.027400 -0.001374 -0.000603
v 0.027400 -0.001256 -0.000820
v 0.027400 -0.001104 -0.001016
v 0.027400 -0.000921 -0.001184
v 0.027400 -0.000714 -0.001319
v 0.027400 -0.000487 -0.001419
v 0.027400 -0.000247 -0.001480
v 0.027400 0.000422 0.002667
v 0.027400 0.000834 0.002568
v 0.027400 0.001226 0.002406
v 0.027400 0.001587 0.002184
v 0.027400 0.001909 0.001909
v 0.027400 0.002184 0.001587
v 0.027400 0.002406 0.001226
v 0.027400 0.002568 0.000834
v 0.027400 0.002667 0.000422
v 0.027400 0.002700 0.000000
v 0.027400 0.002667 -0.000422
v 0.027400 0.002568 -0.000834
v 0.027400 0.002406 -0.001226
v 0.027400 0.002184 -0.001587
v 0.027400 0.001909 -0.001909
v 0.027400 0.001587 -0.002184
v 0.027400 0.001226 -0.002406
v 0.027400 0.000834 -0.002568
v 0.027400 0.000422 -0.002667
v 0.030300 -0.000000 -0.001500
v 0.027400 -0.000000 -0.001500
v 0.030300 -0.000000 0.001500
v 0.027400 -0.000000 0.001500
v 0.028850 -0.000000 0.001500
v 0.028850 -0.000000 -0.001500
v 0.030300 -0.000247 -0.001480
v 0.030300 -0.000487 -0.001419
v 0.030300 -0.000714 -0.001319
v 0.030300 -0.000921 -0.001184
v 0.030300 -0.001104 -0.001016
v 0.030300 -0.001256 -0.000820
v 0.030300 -0.001374 -0.000603
v 0.030300 -0.001454 -0.000368
v 0.030300 -0.001495 -0.000124
v 0.030300 -0.001495 0.000124
v 0.030300 -0.001454 0.000368
v 0.030300 -0.001374 0.000603
v 0.030300 -0.001256 0.000820
v 0.030300 -0.001104 0.001016
v 0.030300 -0.000921 0.001184
v 0.030300 -0.000714 0.001319
v 0.030300 -0.000487 0.001419
v 0.030300 -0.000247 0.001480
v 0.027400 -0.000247 0.001480
v 0.027400 -0.000487 0.001419
v 0.027400 -0.000714 0.001319
v 0.027400 -0.000921 0.001184
v 0.027400 -0.001104 0.001016
v 0.027400 -0.001256 0.000820
v 0.027400 -0.001374 0.000603
v 0.027400 -0.001454 0.000368
v 0.027400 -0.001495 0.000124
v 0.027400 -0.001495 -0.000124
v 0.027400 -0.001454 -0.000368
v 0.027400 -0.001374 -0.000603
v 0.027400 -0.001256 -0.000820
v 0.027400 -0.001104 -0.001016
v 0.027400 -0.000921 -0.001184
v 0.027400 -0.000714 -0.001319
v 0.027400 -0.000487 -0.001419
v 0.027400 -0.000247 -0.001480
v 0.000300 0.026300 0.008000
v 0.000300 -0.026300 0.008000
v 0.028400 -0.022900 0.008000
v 0.027700 -0.022900 0.008000
v 0.027700 -0.023100 0.008000
v 0.026400 -0.024400 0.008000
v 0.018600 -0.024400 0.008000
v 0.017300 -0.023100 0.008000
v 0.017300 -0.022900 0.008000
v 0.015300 -0.022900 0.008000
v 0.015300 -0.019400 0.008000
v 0.014200 -0.019400 0.008000
v 0.014200 -0.021400 0.008000
v 0.001400 -0.021400 0.008000
v 0.001400 -0.019400 0.008000
v 0.000300 -0.019400 0.008000
v 0.032776 -0.026300 0.008000
v 0.033600 -0.025476 0.008000
v 0.033600 0.025476 0.008000
v 0.032776 0.026300 0.008000
v 0.000300 0.019400 0.008000
v 0.001400 0.019400 0.008000
v 0.001400 0.021400 0.008000
v 0.014200 0.021400 0.008000
v 0.014200 0.019400 0.008000
v 0.015300 0.019400 0.008000
v 0.015300 0.022900 0.008000
v 0.028400 0.022900 0.008000
v 0.029700 0.021600 0.008000
v 0.029700 -0.007602 0.008000
v 0.029700 -0.021600 0.008000
v 0.028585 0.022887 0.008000
v 0.028766 0.022847 0.008000
v 0.028940 0.022783 0.008000
v 0.029103 0.022694 0.008000
v 0.029251 0.022582 0.008000
v 0.029382 0.022451 0.008000
v 0.029494 0.022303 0.008000
v 0.029583 0.022140 0.008000
v 0.029647 0.021966 0.008000
v 0.029687 0.021785 0.008000
v 0.018415 -0.024387 0.008000
v 0.018234 -0.024347 0.008000
v 0.018060 -0.024283 0.008000
v 0.017897 -0.024194 0.008000
v 0.017749 -0.024082 0.008000
v 0.017618 -0.023951 0.008000
v 0.017506 -0.023803 0.008000
v 0.017417 -0.023640 0.008000
v 0.017353 -0.023466 0.008000
v 0.017313 -0.023285 0.008000
v 0.027687 -0.023285 0.008000
v 0.027647 -0.023466 0.008000
v 0.027583 -0.023640 0.008000
v 0.027494 -0.023803 0.008000
v 0.027382 -0.023951 0.008000
v 0.027251 -0.024082 0.008000
v 0.027103 -0.024194 0.008000
v 0.026940 -0.024283 0.008000
v 0.026766 -0.024347 0.008000
v 0.026585 -0.024387 0.008000
v 0.029687 -0.021785 0.008000
v 0.029647 -0.021966 0.008000
v 0.029583 -0.022140 0.008000
v 0.029494 -0.022303 0.008000
v 0.029382 -0.022451 0.008000
v 0.029251 -0.022582 0.008000
v 0.029103 -0.022694 0.008000
v 0.028940 -0.022783 0.008000
v 0.028766 -0.022847 0.008000
v 0.028585 -0.022887 0.008000
v -0.000000 -0.026600 -0.007700
v -0.000000 -0.026600 0.007700
v 0.032900 -0.026600 -0.007700
v 0.032900 -0.026600 0.007700
v 0.013900 -0.026600 0.000000
v 0.013871 -0.026600 -0.000346
v 0.013786 -0.026600 -0.000682
v 0.013647 -0.026600 -0.000999
v 0.013457 -0.026600 -0.001290
v 0.013222 -0.026600 -0.001545
v 0.012949 -0.026600 -0.001758
v 0.012644 -0.026600 -0.001923
v 0.012316 -0.026600 -0.002036
v 0.011973 -0.026600 -0.002093
v 0.011627 -0.026600 -0.002093
v 0.011284 -0.026600 -0.002036
v 0.010956 -0.026600 -0.001923
v 0.010651 -0.026600 -0.001758
v 0.010378 -0.026600 -0.001545
v 0.010143 -0.026600 -0.001290
v 0.009953 -0.026600 -0.000999
v 0.009814 -0.026600 -0.000682
v 0.009729 -0.026600 -0.000346
v 0.009700 -0.026600 0.000000
v 0.005900 -0.026600 0.000000
v 0.005871 -0.026600 -0.000346
v 0.005786 -0.026600 -0.000682
v 0.005647 -0.026600 -0.000999
v 0.005457 -0.026600 -0.001290
v 0.005222 -0.026600 -0.001545
v 0.004949 -0.026600 -0.001758
v 0.004644 -0.026600 -0.001923
v 0.004316 -0.026600 -0.002036
v 0.003973 -0.026600 -0.002093
v 0.003627 -0.026600 -0.002093
v 0.003284 -0.026600 -0.002036
v 0.002956 -0.026600 -0.001923
v 0.002651 -0.026600 -0.001758
v 0.002378 -0.026600 -0.001545
v 0.002143 -0.026600 -0.001290
v 0.001953 -0.026600 -0.000999
v 0.001814 -0.026600 -0.000682
v 0.001729 -0.026600 -0.000346
v 0.001700 -0.026600 0.000000
v 0.001729 -0.026600 0.000346
v 0.001814 -0.026600 0.000682
v 0.001953 -0.026600 0.000999
v 0.002143 -0.026600 0.001290
v 0.002378 -0.026600 0.001545
v 0.002651 -0.026600 0.001758
v 0.002956 -0.026600 0.001923
v 0.003284 -0.026600 0.002036
v 0.003627 -0.026600 0.002093
v 0.003973 -0.026600 0.002093
v 0.004316 -0.026600 0.002036
v 0.004644 -0.026600 0.001923
v 0.004949 -0.026600 0.001758
v 0.005222 -0.026600 0.001545
v 0.005457 -0.026600 0.001290
v 0.005647 -0.026600 0.000999
v 0.005786 -0.026600 0.000682
v 0.005871 -0.026600 0.000346
v 0.009729 -0.026600 0.000346
v 0.009814 -0.026600 0.000682
v 0.009953 -0.026600 0.000999
v 0.010143 -0.026600 0.001290
v 0.010378 -0.026600 0.001545
v 0.010651 -0.026600 0.001758
v 0.010956 -0.026600 0.001923
v 0.011284 -0.026600 0.002036
v 0.011627 -0.026600 0.002093
v 0.011973 -0.026600 0.002093
v 0.012316 -0.026600 0.002036
v 0.012644 -0.026600 0.001923
v 0.012949 -0.026600 0.001758
v 0.013222 -0.026600 0.001545
v 0.013457 -0.026600 0.001290
v 0.013647 -0.026600 0.000999
v 0.013786 -0.026600 0.000682
v 0.013871 -0.026600 0.000346
v -0.000000 -0.019100 0.007700
v -0.000000 -0.026600 0.007700
v -0.000000 -0.019100 -0.007700
v -0.000000 -0.026600 -0.007700
v 0.001700 -0.019100 0.007700
v 0.001700 -0.021100 0.007700
v 0.001700 -0.019100 -0.007700
v 0.001700 -0.021100 -0.007700
v 0.013900 -0.021100 0.007700
v 0.001700 -0.021100 -0.007700
v 0.001700 -0.021100 0.007700
v 0.010650 -0.021100 0.000000
v 0.010666 -0.021100 -0.000189
v 0.010712 -0.021100 -0.000373
v 0.010789 -0.021100 -0.000547
v 0.010893 -0.021100 -0.000706
v 0.011021 -0.021100 -0.000846
v 0.011171 -0.021100 -0.000963
v 0.011338 -0.021100 -0.001053
v 0.011518 -0.021100 -0.001115
v 0.011705 -0.021100 -0.001146
v 0.011895 -0.021100 -0.001146
v 0.012082 -0.021100 -0.001115
v 0.012262 -0.021100 -0.001053
v 0.012429 -0.021100 -0.000963
v 0.012579 -0.021100 -0.000846
v 0.012708 -0.021100 -0.000706
v 0.012811 -0.021100 -0.000547
v 0.012888 -0.021100 -0.000373
v 0.012934 -0.021100 -0.000189
v 0.012950 -0.021100 0.000000
v 0.002650 -0.021100 0.000000
v 0.002666 -0.021100 -0.000189
v 0.002712 -0.021100 -0.000373
v 0.002789 -0.021100 -0.000547
v 0.002893 -0.021100 -0.000706
v 0.003021 -0.021100 -0.000846
v 0.003171 -0.021100 -0.000963
v 0.003338 -0.021100 -0.001053
v 0.003518 -0.021100 -0.001115
v 0.003705 -0.021100 -0.001146
v 0.003895 -0.021100 -0.001146
v 0.004082 -0.021100 -0.001115
v 0.004262 -0.021100 -0.001053
v 0.004429 -0.021100 -0.000963
v 0.004579 -0.021100 -0.000846
v 0.004708 -0.021100 -0.000706
v 0.004811 -0.021100 -0.000547
v 0.004888 -0.021100 -0.000373
v 0.004934 -0.021100 -0.000189
v 0.004950 -0.021100 0.000000
v 0.013900 -0.021100 -0.007700
v 0.012934 -0.021100 0.000189
v 0.012888 -0.021100 0.000373
v 0.012811 -0.021100 0.000547
v 0.012708 -0.021100 0.000706
v 0.012579 -0.021100 0.000846
v 0.012429 -0.021100 0.000963
v 0.012262 -0.021100 0.001053
v 0.012082 -0.021100 0.001115
v 0.011895 -0.021100 0.001146
v 0.011705 -0.021100 0.001146
v 0.011518 -0.021100 0.001115
v 0.011338 -0.021100 0.001053
v 0.011171 -0.021100 0.000963
v 0.011021 -0.021100 0.000846
v 0.010893 -0.021100 0.000706
v 0.010789 -0.021100 0.000547
v 0.010712 -0.021100 0.000373
v 0.010666 -0.021100 0.000189
v 0.004934 -0.021100 0.000189
v 0.004888 -0.021100 0.000373
v 0.004811 -0.021100 0.000547
v 0.004708 -0.021100 0.000706
v 0.004579 -0.021100 0.000846
v 0.004429 -0.021100 0.000963
v 0.004262 -0.021100 0.001053
v 0.004082 -0.021100 0.001115
v 0.003895 -0.021100 0.001146
v 0.003705 -0.021100 0.001146
v 0.003518 -0.021100 0.001115
v 0.003338 -0.021100 0.001053
v 0.003171 -0.021100 0.000963
v 0.003021 -0.021100 0.000846
v 0.002893 -0.021100 0.000706
v 0.002789 -0.021100 0.000547
v 0.002712 -0.021100 0.000373
v 0.002666 -0.021100 0.000189
v 0.013900 -0.019100 -0.007700
v 0.013900 -0.019100 0.007700
v 0.013900 -0.021100 0.007700
v 0.013900 -0.021100 -0.007700
v 0.015600 -0.019100 -0.007700
v 0.015600 -0.022600 -0.007700
v 0.015600 -0.019100 0.007700
v 0.015600 -0.022600 0.007700
v 0.028400 -0.022600 0.007700
v 0.015600 -0.022600 -0.007700
v 0.015600 -0.022600 0.007700
v 0.017600 -0.022600 0.007700
v 0.017600 -0.022600 0.006200
v 0.027400 -0.022600 0.006200
v 0.027400 -0.022600 0.007700
v 0.028400 -0.022600 0.002567
v 0.028400 -0.022600 -0.002567
v 0.028400 -0.022600 -0.007700
v 0.028400 0.022600 0.007700
v 0.015600 0.022600 0.007700
v 0.017600 0.022600 -0.006200
v 0.017600 0.022600 -0.007700
v 0.027400 0.022600 -0.006200
v 0.027400 0.022600 -0.007700
v 0.028400 0.022600 -0.007700
v 0.028400 0.022600 0.002567
v 0.028400 0.022600 -0.002567
v 0.015600 0.022600 -0.007700
v 0.015600 0.022600 0.007700
v 0.015600 0.019100 0.007700
v 0.015600 0.019100 -0.007700
v 0.015600 0.022600 -0.007700
v 0.013900 0.021100 0.007700
v 0.013900 0.019100 0.007700
v 0.013900 0.021100 -0.007700
v 0.013900 0.019100 -0.007700
v 0.013900 0.021100 -0.007700
v 0.013900 0.021100 0.007700
v 0.001700 0.021100 0.007700
v 0.002650 0.021100 0.000000
v 0.002666 0.021100 -0.000189
v 0.002712 0.021100 -0.000373
v 0.002789 0.021100 -0.000547
v 0.002893 0.021100 -0.000706
v 0.003021 0.021100 -0.000846
v 0.003171 0.021100 -0.000963
v 0.003338 0.021100 -0.001053
v 0.003518 0.021100 -0.001115
v 0.003705 0.021100 -0.001146
v 0.003895 0.021100 -0.001146
v 0.004082 0.021100 -0.001115
v 0.004262 0.021100 -0.001053
v 0.004429 0.021100 -0.000963
v 0.004579 0.021100 -0.000846
v 0.004708 0.021100 -0.000706
v 0.004811 0.021100 -0.000547
v 0.004888 0.021100 -0.000373
v 0.004934 0.021100 -0.000189
v 0.004950 0.021100 0.000000
v 0.010650 0.021100 0.000000
v 0.010666 0.021100 -0.000189
v 0.010712 0.021100 -0.000373
v 0.010789 0.021100 -0.000547
v 0.010893 0.021100 -0.000706
v 0.011021 0.021100 -0.000846
v 0.011171 0.021100 -0.000963
v 0.011338 0.021100 -0.001053
v 0.011518 0.021100 -0.001115
v 0.011705 0.021100 -0.001146
v 0.011895 0.021100 -0.001146
v 0.012082 0.021100 -0.001115
v 0.012262 0.021100 -0.001053
v 0.012429 0.021100 -0.000963
v 0.012579 0.021100 -0.000846
v 0.012708 0.021100 -0.000706
v 0.012811 0.021100 -0.000547
v 0.012888 0.021100 -0.000373
v 0.012934 0.021100 -0.000189
v 0.012950 0.021100 0.000000
v 0.012934 0.021100 0.000189
v 0.012888 0.021100 0.000373
v 0.012811 0.021100 0.000547
v 0.012708 0.021100 0.000706
v 0.012579 0.021100 0.000846
v 0.012429 0.021100 0.000963
v 0.012262 0.021100 0.001053
v 0.012082 0.021100 0.001115
v 0.011895 0.021100 0.001146
v 0.011705 0.021100 0.001146
v 0.011518 0.021100 0.001115
v 0.011338 0.021100 0.001053
v 0.011171 0.021100 0.000963
v 0.011021 0.021100 0.000846
v 0.010893 0.021100 0.000706
v 0.010789 0.021100 0.000547
v 0.010712 0.021100 0.000373
v 0.010666 0.021100 0.000189
v 0.004934 0.021100 0.000189
v 0.004888 0.021100 0.000373
v 0.004811 0.021100 0.000547
v 0.004708 0.021100 0.000706
v 0.004579 0.021100 0.000846
v 0.004429 0.021100 0.000963
v 0.004262 0.021100 0.001053
v 0.004082 0.021100 0.001115
v 0.003895 0.021100 0.001146
v 0.003705 0.021100 0.001146
v 0.003518 0.021100 0.001115
v 0.003338 0.021100 0.001053
v 0.003171 0.021100 0.000963
v 0.003021 0.021100 0.000846
v 0.002893 0.021100 0.000706
v 0.002789 0.021100 0.000547
v 0.002712 0.021100 0.000373
v 0.002666 0.021100 0.000189
v 0.001700 0.021100 -0.007700
v 0.001700 0.019100 -0.007700
v 0.001700 0.021100 0.007700
v 0.001700 0.019100 0.007700
v 0.001700 0.021100 -0.007700
v -0.000000 0.026600 -0.007700
v -0.000000 0.019100 -0.007700
v -0.000000 0.026600 0.007700
v -0.000000 0.019100 0.007700
v 0.033900 -0.025600 -0.007700
v 0.033900 0.025600 0.007700
v 0.033900 -0.025600 0.007700
v 0.033900 -0.021600 0.006500
v 0.033900 0.021600 0.006500
v 0.033900 0.023600 0.004500
v 0.033900 0.023600 -0.004500
v 0.033900 0.021600 -0.006500
v 0.033900 -0.021600 -0.006500
v 0.033900 -0.023600 -0.004500
v 0.033900 -0.023600 0.004500
v 0.033900 0.025600 -0.007700
v 0.033900 0.023575 -0.004813
v 0.033900 0.023502 -0.005118
v 0.033900 0.023382 -0.005408
v 0.033900 0.023218 -0.005676
v 0.033900 0.023014 -0.005914
v 0.033900 0.022776 -0.006118
v 0.033900 0.022508 -0.006282
v 0.033900 0.022218 -0.006402
v 0.033900 0.021913 -0.006475
v 0.033900 -0.021913 -0.006475
v 0.033900 -0.022218 -0.006402
v 0.033900 -0.022508 -0.006282
v 0.033900 -0.022776 -0.006118
v 0.033900 -0.023014 -0.005914
v 0.033900 -0.023218 -0.005676
v 0.033900 -0.023382 -0.005408
v 0.033900 -0.023502 -0.005118
v 0.033900 -0.023575 -0.004813
v 0.033900 -0.023575 0.004813
v 0.033900 -0.023502 0.005118
v 0.033900 -0.023382 0.005408
v 0.033900 -0.023218 0.005676
v 0.033900 -0.023014 0.005914
v 0.033900 -0.022776 0.006118
v 0.033900 -0.022508 0.006282
v 0.033900 -0.022218 0.006402
v 0.033900 -0.021913 0.006475
v 0.033900 0.021913 0.006475
v 0.033900 0.022218 0.006402
v 0.033900 0.022508 0.006282
v 0.033900 0.022776 0.006118
v 0.033900 0.023014 0.005914
v 0.033900 0.023218 0.005676
v 0.033900 0.023382 0.005408
v 0.033900 0.023502 0.005118
v 0.033900 0.023575 0.004813
v 0.000300 0.026300 -0.008000
v 0.000300 -0.026300 -0.008000
v 0.028400 0.022900 -0.008000
v 0.027700 0.022900 -0.008000
v 0.027700 0.023100 -0.008000
v 0.026400 0.024400 -0.008000
v 0.018600 0.024400 -0.008000
v 0.017300 0.023100 -0.008000
v 0.017300 0.022900 -0.008000
v 0.015300 0.022900 -0.008000
v 0.015300 0.019400 -0.008000
v 0.014200 0.019400 -0.008000
v 0.014200 0.021400 -0.008000
v 0.001400 0.021400 -0.008000
v 0.001400 0.019400 -0.008000
v 0.000300 0.019400 -0.008000
v 0.032776 0.026300 -0.008000
v 0.033600 0.025476 -0.008000
v 0.033600 -0.025476 -0.008000
v 0.032776 -0.026300 -0.008000
v 0.000300 -0.019400 -0.008000
v 0.001400 -0.019400 -0.008000
v 0.001400 -0.021400 -0.008000
v 0.014200 -0.021400 -0.008000
v 0.014200 -0.019400 -0.008000
v 0.015300 -0.019400 -0.008000
v 0.015300 -0.022900 -0.008000
v 0.028400 -0.022900 -0.008000
v 0.029700 -0.021600 -0.008000
v 0.029700 0.007602 -0.008000
v 0.029700 0.021600 -0.008000
v 0.018415 0.024387 -0.008000
v 0.018234 0.024347 -0.008000
v 0.018060 0.024283 -0.008000
v 0.017897 0.024194 -0.008000
v 0.017749 0.024082 -0.008000
v 0.017618 0.023951 -0.008000
v 0.017506 0.023803 -0.008000
v 0.017417 0.023640 -0.008000
v 0.017353 0.023466 -0.008000
v 0.017313 0.023285 -0.008000
v 0.028585 -0.022887 -0.008000
v 0.028766 -0.022847 -0.008000
v 0.028940 -0.022783 -0.008000
v 0.029103 -0.022694 -0.008000
v 0.029251 -0.022582 -0.008000
v 0.029382 -0.022451 -0.008000
v 0.029494 -0.022303 -0.008000
v 0.029583 -0.022140 -0.008000
v 0.029647 -0.021966 -0.008000
v 0.029687 -0.021785 -0.008000
v 0.027687 0.023285 -0.008000
v 0.027647 0.023466 -0.008000
v 0.027583 0.023640 -0.008000
v 0.027494 0.023803 -0.008000
v 0.027382 0.023951 -0.008000
v 0.027251 0.024082 -0.008000
v 0.027103 0.024194 -0.008000
v 0.026940 0.024283 -0.008000
v 0.026766 0.024347 -0.008000
v 0.026585 0.024387 -0.008000
v 0.029687 0.021785 -0.008000
v 0.029647 0.021966 -0.008000
v 0.029583 0.022140 -0.008000
v 0.029494 0.022303 -0.008000
v 0.029382 0.022451 -0.008000
v 0.029251 0.022582 -0.008000
v 0.029103 0.022694 -0.008000
v 0.028940 0.022783 -0.008000
v 0.028766 0.022847 -0.008000
v 0.028585 0.022887 -0.008000
v -0.000000 -0.019100 -0.007700
v -0.000000 -0.019100 0.007700
v 0.001700 -0.019100 -0.007700
v 0.001700 -0.019100 0.007700
v 0.010650 -0.023000 0.000000
v 0.010650 -0.021100 0.000000
v 0.012950 -0.023000 0.000000
v 0.012950 -0.021100 0.000000
v 0.012950 -0.022050 0.000000
v 0.010650 -0.022050 0.000000
v 0.010666 -0.023000 0.000189
v 0.010712 -0.023000 0.000373
v 0.010789 -0.023000 0.000547
v 0.010893 -0.023000 0.000706
v 0.011021 -0.023000 0.000846
v 0.011171 -0.023000 0.000963
v 0.011338 -0.023000 0.001053
v 0.011518 -0.023000 0.001115
v 0.011705 -0.023000 0.001146
v 0.011895 -0.023000 0.001146
v 0.012082 -0.023000 0.001115
v 0.012262 -0.023000 0.001053
v 0.012429 -0.023000 0.000963
v 0.012579 -0.023000 0.000846
v 0.012708 -0.023000 0.000706
v 0.012811 -0.023000 0.000547
v 0.012888 -0.023000 0.000373
v 0.012934 -0.023000 0.000189
v 0.012934 -0.021100 0.000189
v 0.012888 -0.021100 0.000373
v 0.012811 -0.021100 0.000547
v 0.012708 -0.021100 0.000706
v 0.012579 -0.021100 0.000846
v 0.012429 -0.021100 0.000963
v 0.012262 -0.021100 0.001053
v 0.012082 -0.021100 0.001115
v 0.011895 -0.021100 0.001146
v 0.011705 -0.021100 0.001146
v 0.011518 -0.021100 0.001115
v 0.011338 -0.021100 0.001053
v 0.011171 -0.021100 0.000963
v 0.011021 -0.021100 0.000846
v 0.010893 -0.021100 0.000706
v 0.010789 -0.021100 0.000547
v 0.010712 -0.021100 0.000373
v 0.010666 -0.021100 0.000189
v 0.002650 -0.023000 0.000000
v 0.002650 -0.021100 0.000000
v 0.004950 -0.023000 0.000000
v 0.004950 -0.021100 0.000000
v 0.004950 -0.022050 0.000000
v 0.002650 -0.022050 0.000000
v 0.002666 -0.023000 0.000189
v 0.002712 -0.023000 0.000373
v 0.002789 -0.023000 0.000547
v 0.002893 -0.023000 0.000706
v 0.003021 -0.023000 0.000846
v 0.003171 -0.023000 0.000963
v 0.003338 -0.023000 0.001053
v 0.003518 -0.023000 0.001115
v 0.003705 -0.023000 0.001146
v 0.003895 -0.023000 0.001146
v 0.004082 -0.023000 0.001115
v 0.004262 -0.023000 0.001053
v 0.004429 -0.023000 0.000963
v 0.004579 -0.023000 0.000846
v 0.004708 -0.023000 0.000706
v 0.004811 -0.023000 0.000547
v 0.004888 -0.023000 0.000373
v 0.004934 -0.023000 0.000189
v 0.004934 -0.021100 0.000189
v 0.004888 -0.021100 0.000373
v 0.004811 -0.021100 0.000547
v 0.004708 -0.021100 0.000706
v 0.004579 -0.021100 0.000846
v 0.004429 -0.021100 0.000963
v 0.004262 -0.021100 0.001053
v 0.004082 -0.021100 0.001115
v 0.003895 -0.021100 0.001146
v 0.003705 -0.021100 0.001146
v 0.003518 -0.021100 0.001115
v 0.003338 -0.021100 0.001053
v 0.003171 -0.021100 0.000963
v 0.003021 -0.021100 0.000846
v 0.002893 -0.021100 0.000706
v 0.002789 -0.021100 0.000547
v 0.002712 -0.021100 0.000373
v 0.002666 -0.021100 0.000189
v 0.013900 -0.019100 -0.007700
v 0.013900 -0.019100 0.007700
v 0.015600 -0.019100 -0.007700
v 0.015600 -0.019100 0.007700
v 0.015600 0.019100 -0.007700
v 0.015600 0.019100 0.007700
v 0.013900 0.019100 -0.007700
v 0.013900 0.019100 0.007700
v 0.001700 0.019100 -0.007700
v 0.001700 0.019100 0.007700
v -0.000000 0.019100 -0.007700
v -0.000000 0.019100 0.007700
v 0.030300 -0.000000 -0.003000
v 0.030300 0.000494 -0.002959
v 0.030300 0.000974 -0.002837
v 0.030300 0.001428 -0.002638
v 0.030300 0.001843 -0.002367
v 0.030300 0.002207 -0.002032
v 0.030300 0.002512 -0.001641
v 0.030300 0.002747 -0.001205
v 0.030300 0.002908 -0.000736
v 0.030300 0.002990 -0.000248
v 0.030300 0.002990 0.000248
v 0.030300 0.002908 0.000736
v 0.030300 0.002747 0.001205
v 0.030300 0.002512 0.001641
v 0.030300 0.002207 0.002032
v 0.030300 0.001843 0.002367
v 0.030300 0.001428 0.002638
v 0.030300 0.000974 0.002837
v 0.030300 0.000494 0.002959
v 0.030300 -0.000000 0.003000
v 0.030300 -0.000000 0.001500
v 0.030300 0.000247 0.001480
v 0.030300 0.000487 0.001419
v 0.030300 0.000714 0.001319
v 0.030300 0.000921 0.001184
v 0.030300 0.001104 0.001016
v 0.030300 0.001256 0.000820
v 0.030300 0.001374 0.000603
v 0.030300 0.001454 0.000368
v 0.030300 0.001495 0.000124
v 0.030300 0.001495 -0.000124
v 0.030300 0.001454 -0.000368
v 0.030300 0.001374 -0.000603
v 0.030300 0.001256 -0.000820
v 0.030300 0.001104 -0.001016
v 0.030300 0.000921 -0.001184
v 0.030300 0.000714 -0.001319
v 0.030300 0.000487 -0.001419
v 0.030300 0.000247 -0.001480
v 0.030300 -0.000000 -0.001500
v 0.030300 -0.000247 -0.001480
v 0.030300 -0.000487 -0.001419
v 0.030300 -0.000714 -0.001319
v 0.030300 -0.000921 -0.001184
v 0.030300 -0.001104 -0.001016
v 0.030300 -0.001256 -0.000820
v 0.030300 -0.001374 -0.000603
v 0.030300 -0.001454 -0.000368
v 0.030300 -0.001495 -0.000124
v 0.030300 -0.001495 0.000124
v 0.030300 -0.001454 0.000368
v 0.030300 -0.001374 0.000603
v 0.030300 -0.001256 0.000820
v 0.030300 -0.001104 0.001016
v 0.030300 -0.000921 0.001184
v 0.030300 -0.000714 0.001319
v 0.030300 -0.000487 0.001419
v 0.030300 -0.000247 0.001480
v 0.030300 -0.000494 0.002959
v 0.030300 -0.000974 0.002837
v 0.030300 -0.001428 0.002638
v 0.030300 -0.001843 0.002367
v 0.030300 -0.002207 0.002032
v 0.030300 -0.002512 0.001641
v 0.030300 -0.002747 0.001205
v 0.030300 -0.002908 0.000736
v 0.030300 -0.002990 0.000248
v 0.030300 -0.002990 -0.000248
v 0.030300 -0.002908 -0.000736
v 0.030300 -0.002747 -0.001205
v 0.030300 -0.002512 -0.001641
v 0.030300 -0.002207 -0.002032
v 0.030300 -0.001843 -0.002367
v 0.030300 -0.001428 -0.002638
v 0.030300 -0.000974 -0.002837
v 0.030300 -0.000494 -0.002959
v 0.030300 -0.000000 0.003000
v 0.035900 -0.000000 0.003000
v 0.030300 -0.000000 -0.003000
v 0.035900 -0.000000 -0.003000
v 0.033100 -0.000000 -0.003000
v 0.033100 -0.000000 0.003000
v 0.030300 -0.000494 0.002959
v 0.030300 -0.000974 0.002837
v 0.030300 -0.001428 0.002638
v 0.030300 -0.001843 0.002367
v 0.030300 -0.002207 0.002032
v 0.030300 -0.002512 0.001641
v 0.030300 -0.002747 0.001205
v 0.030300 -0.002908 0.000736
v 0.030300 -0.002990 0.000248
v 0.030300 -0.002990 -0.000248
v 0.030300 -0.002908 -0.000736
v 0.030300 -0.002747 -0.001205
v 0.030300 -0.002512 -0.001641
v 0.030300 -0.002207 -0.002032
v 0.030300 -0.001843 -0.002367
v 0.030300 -0.001428 -0.002638
v 0.030300 -0.000974 -0.002837
v 0.030300 -0.000494 -0.002959
v 0.035900 -0.000494 -0.002959
v 0.035900 -0.000974 -0.002837
v 0.035900 -0.001428 -0.002638
v 0.035900 -0.001843 -0.002367
v 0.035900 -0.002207 -0.002032
v 0.035900 -0.002512 -0.001641
v 0.035900 -0.002747 -0.001205
v 0.035900 -0.002908 -0.000736
v 0.035900 -0.002990 -0.000248
v 0.035900 -0.002990 0.000248
v 0.035900 -0.002908 0.000736
v 0.035900 -0.002747 0.001205
v 0.035900 -0.002512 0.001641
v 0.035900 -0.002207 0.002032
v 0.035900 -0.001843 0.002367
v 0.035900 -0.001428 0.002638
v 0.035900 -0.000974 0.002837
v 0.035900 -0.000494 0.002959
v 0.029400 -0.000000 0.003000
v 0.027700 -0.000000 0.003000
v 0.027700 0.003000 0.000000
v 0.029400 -0.000000 -0.003000
v 0.027700 -0.000000 -0.003000
v 0.028550 -0.000000 0.003000
v 0.028550 -0.000000 -0.003000
v 0.029400 0.000494 0.002959
v 0.029400 0.000974 0.002837
v 0.029400 0.001428 0.002638
v 0.029400 0.001843 0.002367
v 0.029400 0.002207 0.002032
v 0.029400 0.002512 0.001641
v 0.029400 0.002747 0.001205
v 0.029400 0.002908 0.000736
v 0.029400 0.002990 0.000248
v 0.029400 0.002990 -0.000248
v 0.029400 0.002908 -0.000736
v 0.029400 0.002747 -0.001205
v 0.029400 0.002512 -0.001641
v 0.029400 0.002207 -0.002032
v 0.029400 0.001843 -0.002367
v 0.029400 0.001428 -0.002638
v 0.029400 0.000974 -0.002837
v 0.029400 0.000494 -0.002959
v 0.027700 0.000427 -0.002969
v 0.027700 0.000845 -0.002878
v 0.027700 0.001246 -0.002729
v 0.027700 0.001622 -0.002524
v 0.027700 0.001965 -0.002267
v 0.027700 0.002267 -0.001965
v 0.027700 0.002524 -0.001622
v 0.027700 0.002729 -0.001246
v 0.027700 0.002878 -0.000845
v 0.027700 0.002969 -0.000427
v 0.027700 0.002969 0.000427
v 0.027700 0.002878 0.000845
v 0.027700 0.002729 0.001246
v 0.027700 0.002524 0.001622
v 0.027700 0.002267 0.001965
v 0.027700 0.001965 0.002267
v 0.027700 0.001622 0.002524
v 0.027700 0.001246 0.002729
v 0.027700 0.000845 0.002878
v 0.027700 0.000427 0.002969
v 0.029400 0.021600 0.007700
v 0.029400 -0.021600 0.007700
v 0.029400 0.019000 -0.001250
v 0.029400 0.019206 -0.001233
v 0.029400 0.019406 -0.001182
v 0.029400 0.019595 -0.001099
v 0.029400 0.019768 -0.000986
v 0.029400 0.019920 -0.000847
v 0.029400 0.020046 -0.000684
v 0.029400 0.020145 -0.000502
v 0.029400 0.020212 -0.000307
v 0.029400 0.020246 -0.000103
v 0.029400 0.020246 0.000103
v 0.029400 0.020212 0.000307
v 0.029400 0.020145 0.000502
v 0.029400 0.020046 0.000684
v 0.029400 0.019920 0.000847
v 0.029400 0.019768 0.000986
v 0.029400 0.019595 0.001099
v 0.029400 0.019406 0.001182
v 0.029400 0.019206 0.001233
v 0.029400 0.019000 0.001250
v 0.029400 -0.019000 -0.001250
v 0.029400 -0.018794 -0.001233
v 0.029400 -0.018594 -0.001182
v 0.029400 -0.018405 -0.001099
v 0.029400 -0.018232 -0.000986
v 0.029400 -0.018080 -0.000847
v 0.029400 -0.017954 -0.000684
v 0.029400 -0.017855 -0.000502
v 0.029400 -0.017788 -0.000307
v 0.029400 -0.017754 -0.000103
v 0.029400 -0.017754 0.000103
v 0.029400 -0.017788 0.000307
v 0.029400 -0.017855 0.000502
v 0.029400 -0.017954 0.000684
v 0.029400 -0.018080 0.000847
v 0.029400 -0.018232 0.000986
v 0.029400 -0.018405 0.001099
v 0.029400 -0.018594 0.001182
v 0.029400 -0.018794 0.001233
v 0.029400 -0.019000 0.001250
v 0.029400 0.007602 -0.002000
v 0.029400 0.007100 -0.002042
v 0.029400 0.006612 -0.002168
v 0.029400 0.006152 -0.002374
v 0.029400 0.005733 -0.002653
v 0.029400 0.005367 -0.002999
v 0.029400 0.005064 -0.003402
v 0.029400 0.004832 -0.003849
v 0.029400 0.004678 -0.004329
v 0.029400 0.004607 -0.004828
v 0.029400 0.004621 -0.005332
v 0.029400 0.004718 -0.005826
v 0.029400 0.004897 -0.006297
v 0.029400 0.005153 -0.006732
v 0.029400 0.005477 -0.007117
v 0.029400 0.005861 -0.007443
v 0.029400 -0.008910 0.007700
v 0.029400 -0.009344 0.007443
v 0.029400 -0.009728 0.007117
v 0.029400 -0.010052 0.006732
v 0.029400 -0.010307 0.006297
v 0.029400 -0.010486 0.005826
v 0.029400 -0.010584 0.005332
v 0.029400 -0.010597 0.004828
v 0.029400 -0.010526 0.004329
v 0.029400 -0.010373 0.003849
v 0.029400 -0.010141 0.003402
v 0.029400 -0.009838 0.002999
v 0.029400 -0.009472 0.002653
v 0.029400 -0.009052 0.002374
v 0.029400 -0.008592 0.002168
v 0.029400 -0.008104 0.002042
v 0.029400 -0.007602 0.002000
v 0.029400 -0.000000 0.003000
v 0.029400 -0.000494 0.002959
v 0.029400 -0.000974 0.002837
v 0.029400 -0.001428 0.002638
v 0.029400 -0.001843 0.002367
v 0.029400 -0.002207 0.002032
v 0.029400 -0.002512 0.001641
v 0.029400 -0.002747 0.001205
v 0.029400 -0.002908 0.000736
v 0.029400 -0.002990 0.000248
v 0.029400 -0.002990 -0.000248
v 0.029400 -0.002908 -0.000736
v 0.029400 -0.002747 -0.001205
v 0.029400 -0.002512 -0.001641
v 0.029400 -0.002207 -0.002032
v 0.029400 -0.001843 -0.002367
v 0.029400 -0.001428 -0.002638
v 0.029400 -0.000974 -0.002837
v 0.029400 -0.000494 -0.002959
v 0.029400 -0.000000 -0.003000
v 0.029400 0.000494 -0.002959
v 0.029400 0.000974 -0.002837
v 0.029400 0.001428 -0.002638
v 0.029400 0.001843 -0.002367
v 0.029400 0.002207 -0.002032
v 0.029400 0.002512 -0.001641
v 0.029400 0.002747 -0.001205
v 0.029400 0.002908 -0.000736
v 0.029400 0.002990 -0.000248
v 0.029400 0.002990 0.000248
v 0.029400 0.002908 0.000736
v 0.029400 0.002747 0.001205
v 0.029400 0.002512 0.001641
v 0.029400 0.002207 0.002032
v 0.029400 0.001843 0.002367
v 0.029400 0.001428 0.002638
v 0.029400 0.000974 0.002837
v 0.029400 0.000494 0.002959
v 0.029400 0.021600 0.002567
v 0.029400 0.021600 -0.002567
v 0.029400 0.021600 -0.007700
v 0.029400 0.008910 -0.007700
v 0.029400 0.006295 -0.007700
v 0.029400 -0.021600 -0.007700
v 0.029400 -0.021600 -0.002567
v 0.029400 -0.021600 0.002567
v 0.029400 -0.006295 0.007700
v 0.029400 -0.007100 0.002042
v 0.029400 -0.006612 0.002168
v 0.029400 -0.006152 0.002374
v 0.029400 -0.005733 0.002653
v 0.029400 -0.005367 0.002999
v 0.029400 -0.005064 0.003402
v 0.029400 -0.004832 0.003849
v 0.029400 -0.004678 0.004329
v 0.029400 -0.004607 0.004828
v 0.029400 -0.004621 0.005332
v 0.029400 -0.004718 0.005826
v 0.029400 -0.004897 0.006297
v 0.029400 -0.005153 0.006732
v 0.029400 -0.005477 0.007117
v 0.029400 -0.005861 0.007443
v 0.029400 0.009344 -0.007443
v 0.029400 0.009728 -0.007117
v 0.029400 0.010052 -0.006732
v 0.029400 0.010307 -0.006297
v 0.029400 0.010486 -0.005826
v 0.029400 0.010584 -0.005332
v 0.029400 0.010597 -0.004828
v 0.029400 0.010526 -0.004329
v 0.029400 0.010373 -0.003849
v 0.029400 0.010141 -0.003402
v 0.029400 0.009838 -0.002999
v 0.029400 0.009472 -0.002653
v 0.029400 0.009052 -0.002374
v 0.029400 0.008592 -0.002168
v 0.029400 0.008104 -0.002042
v 0.029400 -0.019206 0.001233
v 0.029400 -0.019406 0.001182
v 0.029400 -0.019595 0.001099
v 0.029400 -0.019768 0.000986
v 0.029400 -0.019920 0.000847
v 0.029400 -0.020046 0.000684
v 0.029400 -0.020145 0.000502
v 0.029400 -0.020212 0.000307
v 0.029400 -0.020246 0.000103
v 0.029400 -0.020246 -0.000103
v 0.029400 -0.020212 -0.000307
v 0.029400 -0.020145 -0.000502
v 0.029400 -0.020046 -0.000684
v 0.029400 -0.019920 -0.000847
v 0.029400 -0.019768 -0.000986
v 0.029400 -0.019595 -0.001099
v 0.029400 -0.019406 -0.001182
v 0.029400 -0.019206 -0.001233
v 0.029400 0.018794 0.001233
v 0.029400 0.018594 0.001182
v 0.029400 0.018405 0.001099
v 0.029400 0.018232 0.000986
v 0.029400 0.018080 0.000847
v 0.029400 0.017954 0.000684
v 0.029400 0.017855 0.000502
v 0.029400 0.017788 0.000307
v 0.029400 0.017754 0.000103
v 0.029400 0.017754 -0.000103
v 0.029400 0.017788 -0.000307
v 0.029400 0.017855 -0.000502
v 0.029400 0.017954 -0.000684
v 0.029400 0.018080 -0.000847
v 0.029400 0.018232 -0.000986
v 0.029400 0.018405 -0.001099
v 0.029400 0.018594 -0.001182
v 0.029400 0.018794 -0.001233
v 0.028200 -0.007602 0.002000
v 0.028200 -0.007602 0.008000
v 0.029700 -0.007602 0.008000
v 0.029400 -0.007602 0.002000
v 0.028800 -0.007602 0.002000
v 0.028950 -0.007602 0.008000
v 0.028200 -0.007109 0.002041
v 0.028200 -0.006628 0.002163
v 0.028200 -0.006175 0.002362
v 0.028200 -0.005760 0.002633
v 0.028200 -0.005395 0.002968
v 0.028200 -0.005091 0.003359
v 0.028200 -0.004855 0.003795
v 0.028200 -0.004694 0.004264
v 0.028200 -0.004613 0.004752
v 0.028200 -0.004613 0.005248
v 0.028200 -0.004694 0.005736
v 0.028200 -0.004855 0.006205
v 0.028200 -0.005091 0.006641
v 0.028200 -0.005395 0.007032
v 0.028200 -0.005760 0.007367
v 0.028200 -0.006175 0.007638
v 0.028200 -0.006628 0.007837
v 0.028200 -0.007109 0.007959
v 0.029400 -0.006295 0.007700
v 0.029400 -0.005861 0.007443
v 0.029400 -0.005477 0.007117
v 0.029400 -0.005153 0.006732
v 0.029400 -0.004897 0.006297
v 0.029400 -0.004718 0.005826
v 0.029400 -0.004621 0.005332
v 0.029400 -0.004607 0.004828
v 0.029400 -0.004678 0.004329
v 0.029400 -0.004832 0.003849
v 0.029400 -0.005064 0.003402
v 0.029400 -0.005367 0.002999
v 0.029400 -0.005733 0.002653
v 0.029400 -0.006152 0.002374
v 0.029400 -0.006612 0.002168
v 0.029400 -0.007100 0.002042
v 0.029681 -0.007266 0.007981
v 0.029624 -0.006932 0.007924
v 0.029530 -0.006606 0.007830
v 0.027700 -0.007602 0.002500
v 0.027700 -0.008014 0.002534
v 0.027700 -0.008414 0.002635
v 0.027700 -0.008792 0.002801
v 0.027700 -0.009138 0.003027
v 0.027700 -0.009442 0.003307
v 0.027700 -0.009695 0.003633
v 0.027700 -0.009892 0.003996
v 0.027700 -0.010026 0.004386
v 0.027700 -0.010094 0.004794
v 0.027700 -0.010094 0.005206
v 0.027700 -0.010026 0.005614
v 0.027700 -0.009892 0.006004
v 0.027700 -0.009695 0.006367
v 0.027700 -0.009442 0.006693
v 0.027700 -0.009138 0.006973
v 0.027700 -0.008792 0.007199
v 0.027700 -0.008414 0.007365
v 0.027700 -0.008014 0.007466
v 0.027700 -0.007602 0.007500
v 0.027700 -0.007191 0.007466
v 0.027700 -0.006791 0.007365
v 0.027700 -0.006413 0.007199
v 0.027700 -0.006067 0.006973
v 0.027700 -0.005763 0.006693
v 0.027700 -0.005509 0.006367
v 0.027700 -0.005313 0.006004
v 0.027700 -0.005179 0.005614
v 0.027700 -0.005111 0.005206
v 0.027700 -0.005111 0.004794
v 0.027700 -0.005179 0.004386
v 0.027700 -0.005313 0.003996
v 0.027700 -0.005509 0.003633
v 0.027700 -0.005763 0.003307
v 0.027700 -0.006067 0.003027
v 0.027700 -0.006413 0.002801
v 0.027700 -0.006791 0.002635
v 0.027700 -0.007191 0.002534
v 0.029400 -0.021600 0.007700
v 0.029400 -0.021600 -0.007700
v 0.029107 -0.022307 0.007700
v 0.028400 -0.022600 0.007700
v 0.028400 -0.022600 0.002567
v 0.028400 -0.022600 -0.002567
v 0.029400 -0.021600 -0.002567
v 0.029400 -0.021600 0.002567
v 0.028400 -0.022600 -0.007700
v 0.028556 -0.022588 -0.007700
v 0.028709 -0.022551 -0.007700
v 0.028854 -0.022491 -0.007700
v 0.028988 -0.022409 -0.007700
v 0.029107 -0.022307 -0.007700
v 0.029209 -0.022188 -0.007700
v 0.029291 -0.022054 -0.007700
v 0.029351 -0.021909 -0.007700
v 0.029388 -0.021756 -0.007700
v 0.029388 -0.021756 0.007700
v 0.029351 -0.021909 0.007700
v 0.029291 -0.022054 0.007700
v 0.029209 -0.022188 0.007700
v 0.028988 -0.022409 0.007700
v 0.028854 -0.022491 0.007700
v 0.028709 -0.022551 0.007700
v 0.028556 -0.022588 0.007700
v 0.029381 -0.021795 0.000000
v 0.029231 -0.022156 0.000000
v 0.029107 -0.022307 0.000000
v 0.028956 -0.022431 0.000000
v 0.028783 -0.022524 0.000000
v 0.028595 -0.022581 0.000000
v 0.028400 0.022600 0.007700
v 0.029400 0.021600 0.007700
v 0.029400 0.021600 -0.007700
v 0.028400 0.022600 -0.007700
v 0.028400 0.022600 -0.002567
v 0.028400 0.022600 0.002567
v 0.029400 0.021600 0.002567
v 0.029400 0.021600 -0.002567
v 0.029388 0.021756 -0.007700
v 0.029351 0.021909 -0.007700
v 0.029291 0.022054 -0.007700
v 0.029209 0.022188 -0.007700
v 0.029107 0.022307 -0.007700
v 0.028988 0.022409 -0.007700
v 0.028854 0.022491 -0.007700
v 0.028709 0.022551 -0.007700
v 0.028556 0.022588 -0.007700
v 0.028556 0.022588 0.007700
v 0.028709 0.022551 0.007700
v 0.028854 0.022491 0.007700
v 0.028988 0.022409 0.007700
v 0.029107 0.022307 0.007700
v 0.029209 0.022188 0.007700
v 0.029291 0.022054 0.007700
v 0.029351 0.021909 0.007700
v 0.029388 0.021756 0.007700
v 0.028595 0.022581 0.000000
v 0.028956 0.022431 0.000000
v 0.029107 0.022307 0.000000
v 0.029231 0.022156 0.000000
v 0.029324 0.021983 0.000000
v 0.029381 0.021795 0.000000
v 0.032900 0.026600 -0.007700
v 0.033900 0.025600 -0.007700
v 0.032900 0.026600 0.007700
v 0.033900 0.025600 0.007700
v 0.033900 -0.025600 -0.007700
v 0.032900 -0.026600 0.007700
v 0.033900 -0.025600 0.007700
v 0.032900 -0.026600 -0.007700
v 0.028200 0.007602 -0.008000
v 0.029700 0.007602 -0.008000
v 0.028200 0.010602 -0.005000
v 0.028200 0.007602 -0.002000
v 0.028950 0.007602 -0.008000
v 0.028800 0.007602 -0.002000
v 0.029400 0.007602 -0.002000
v 0.028200 0.008029 -0.007969
v 0.028200 0.008448 -0.007878
v 0.028200 0.008849 -0.007729
v 0.028200 0.009224 -0.007524
v 0.028200 0.009567 -0.007267
v 0.028200 0.009870 -0.006965
v 0.028200 0.010126 -0.006622
v 0.028200 0.010331 -0.006246
v 0.028200 0.010481 -0.005845
v 0.028200 0.010572 -0.005427
v 0.028200 0.010572 -0.004573
v 0.028200 0.010481 -0.004155
v 0.028200 0.010331 -0.003754
v 0.028200 0.010126 -0.003378
v 0.028200 0.009870 -0.003035
v 0.028200 0.009567 -0.002733
v 0.028200 0.009224 -0.002476
v 0.028200 0.008849 -0.002271
v 0.028200 0.008448 -0.002122
v 0.028200 0.008029 -0.002031
v 0.029400 0.008104 -0.002042
v 0.029400 0.008592 -0.002168
v 0.029400 0.009052 -0.002374
v 0.029400 0.009472 -0.002653
v 0.029400 0.009838 -0.002999
v 0.029400 0.010141 -0.003402
v 0.029400 0.010373 -0.003849
v 0.029400 0.010526 -0.004329
v 0.029400 0.010597 -0.004828
v 0.029400 0.010584 -0.005332
v 0.029400 0.010486 -0.005826
v 0.029400 0.010307 -0.006297
v 0.029400 0.010052 -0.006732
v 0.029400 0.009728 -0.007117
v 0.029400 0.009344 -0.007443
v 0.029400 0.008910 -0.007700
v 0.029530 0.008599 -0.007830
v 0.029624 0.008273 -0.007924
v 0.029681 0.007939 -0.007981
v 0.027700 0.007602 -0.007500
v 0.027700 0.007191 -0.007466
v 0.027700 0.006791 -0.007365
v 0.027700 0.006413 -0.007199
v 0.027700 0.006067 -0.006973
v 0.027700 0.005763 -0.006693
v 0.027700 0.005509 -0.006367
v 0.027700 0.005313 -0.006004
v 0.027700 0.005179 -0.005614
v 0.027700 0.005111 -0.005206
v 0.027700 0.005111 -0.004794
v 0.027700 0.005179 -0.004386
v 0.027700 0.005313 -0.003996
v 0.027700 0.005509 -0.003633
v 0.027700 0.005763 -0.003307
v 0.027700 0.006067 -0.003027
v 0.027700 0.006413 -0.002801
v 0.027700 0.006791 -0.002635
v 0.027700 0.007191 -0.002534
v 0.027700 0.007602 -0.002500
v 0.027700 0.008014 -0.002534
v 0.027700 0.008414 -0.002635
v 0.027700 0.008792 -0.002801
v 0.027700 0.009138 -0.003027
v 0.027700 0.009442 -0.003307
v 0.027700 0.009695 -0.003633
v 0.027700 0.009892 -0.003996
v 0.027700 0.010026 -0.004386
v 0.027700 0.010094 -0.004794
v 0.027700 0.010094 -0.005206
v 0.027700 0.010026 -0.005614
v 0.027700 0.009892 -0.006004
v 0.027700 0.009695 -0.006367
v 0.027700 0.009442 -0.006693
v 0.027700 0.009138 -0.006973
v 0.027700 0.008792 -0.007199
v 0.027700 0.008414 -0.007365
v 0.027700 0.008014 -0.007466
v 0.035900 0.019000 0.001250
v 0.035900 0.019206 0.001233
v 0.035900 0.019406 0.001182
v 0.035900 0.019595 0.001099
v 0.035900 0.019768 0.000986
v 0.035900 0.019920 0.000847
v 0.035900 0.020046 0.000684
v 0.035900 0.020145 0.000502
v 0.035900 0.020212 0.000307
v 0.035900 0.020246 0.000103
v 0.035900 0.020246 -0.000103
v 0.035900 0.020212 -0.000307
v 0.035900 0.020145 -0.000502
v 0.035900 0.020046 -0.000684
v 0.035900 0.019920 -0.000847
v 0.035900 0.019768 -0.000986
v 0.035900 0.019595 -0.001099
v 0.035900 0.019406 -0.001182
v 0.035900 0.019206 -0.001233
v 0.035900 0.019000 -0.001250
v 0.035900 -0.019000 0.001250
v 0.035900 -0.018794 0.001233
v 0.035900 -0.018594 0.001182
v 0.035900 -0.018405 0.001099
v 0.035900 -0.018232 0.000986
v 0.035900 -0.018080 0.000847
v 0.035900 -0.017954 0.000684
v 0.035900 -0.017855 0.000502
v 0.035900 -0.017788 0.000307
v 0.035900 -0.017754 0.000103
v 0.035900 -0.017754 -0.000103
v 0.035900 -0.017788 -0.000307
v 0.035900 -0.017855 -0.000502
v 0.035900 -0.017954 -0.000684
v 0.035900 -0.018080 -0.000847
v 0.035900 -0.018232 -0.000986
v 0.035900 -0.018405 -0.001099
v 0.035900 -0.018594 -0.001182
v 0.035900 -0.018794 -0.001233
v 0.035900 -0.019000 -0.001250
v 0.035900 -0.000000 0.003000
v 0.035900 0.000494 0.002959
v 0.035900 0.000974 0.002837
v 0.035900 0.001428 0.002638
v 0.035900 0.001843 0.002367
v 0.035900 0.002207 0.002032
v 0.035900 0.002512 0.001641
v 0.035900 0.002747 0.001205
v 0.035900 0.002908 0.000736
v 0.035900 0.002990 0.000248
v 0.035900 0.002990 -0.000248
v 0.035900 0.002908 -0.000736
v 0.035900 0.002747 -0.001205
v 0.035900 0.002512 -0.001641
v 0.035900 0.002207 -0.002032
v 0.035900 0.001843 -0.002367
v 0.035900 0.001428 -0.002638
v 0.035900 0.000974 -0.002837
v 0.035900 0.000494 -0.002959
v 0.035900 -0.000000 -0.003000
v 0.035900 -0.000494 -0.002959
v 0.035900 -0.000974 -0.002837
v 0.035900 -0.001428 -0.002638
v 0.035900 -0.001843 -0.002367
v 0.035900 -0.002207 -0.002032
v 0.035900 -0.002512 -0.001641
v 0.035900 -0.002747 -0.001205
v 0.035900 -0.002908 -0.000736
v 0.035900 -0.002990 -0.000248
v 0.035900 -0.002990 0.000248
v 0.035900 -0.002908 0.000736
v 0.035900 -0.002747 0.001205
v 0.035900 -0.002512 0.001641
v 0.035900 -0.002207 0.002032
v 0.035900 -0.001843 0.002367
v 0.035900 -0.001428 0.002638
v 0.035900 -0.000974 0.002837
v 0.035900 -0.000494 0.002959
v 0.035900 0.021600 0.006200
v 0.035900 -0.023300 0.004500
v 0.035900 -0.021600 -0.006200
v 0.035900 0.021600 -0.006200
v 0.035900 0.023300 -0.004500
v 0.035900 0.023300 0.004500
v 0.035900 -0.019206 -0.001233
v 0.035900 -0.019406 -0.001182
v 0.035900 -0.019595 -0.001099
v 0.035900 -0.019768 -0.000986
v 0.035900 -0.019920 -0.000847
v 0.035900 -0.020046 -0.000684
v 0.035900 -0.020145 -0.000502
v 0.035900 -0.020212 -0.000307
v 0.035900 -0.020246 -0.000103
v 0.035900 -0.020246 0.000103
v 0.035900 -0.020212 0.000307
v 0.035900 -0.020145 0.000502
v 0.035900 -0.020046 0.000684
v 0.035900 -0.019920 0.000847
v 0.035900 -0.019768 0.000986
v 0.035900 -0.019595 0.001099
v 0.035900 -0.019406 0.001182
v 0.035900 -0.019206 0.001233
v 0.035900 0.018794 -0.001233
v 0.035900 0.018594 -0.001182
v 0.035900 0.018405 -0.001099
v 0.035900 0.018232 -0.000986
v 0.035900 0.018080 -0.000847
v 0.035900 0.017954 -0.000684
v 0.035900 0.017855 -0.000502
v 0.035900 0.017788 -0.000307
v 0.035900 0.017754 -0.000103
v 0.035900 0.017754 0.000103
v 0.035900 0.017788 0.000307
v 0.035900 0.017855 0.000502
v 0.035900 0.017954 0.000684
v 0.035900 0.018080 0.000847
v 0.035900 0.018232 0.000986
v 0.035900 0.018405 0.001099
v 0.035900 0.018594 0.001182
v 0.035900 0.018794 0.001233
v 0.035900 0.021866 -0.006179
v 0.035900 0.022125 -0.006117
v 0.035900 0.022372 -0.006015
v 0.035900 0.022599 -0.005875
v 0.035900 0.022802 -0.005702
v 0.035900 0.022975 -0.005499
v 0.035900 0.023115 -0.005272
v 0.035900 0.023217 -0.005025
v 0.035900 0.023279 -0.004766
v 0.035900 0.023279 0.004766
v 0.035900 0.023217 0.005025
v 0.035900 0.023115 0.005272
v 0.035900 0.022975 0.005499
v 0.035900 0.022802 0.005702
v 0.035900 0.022599 0.005875
v 0.035900 0.022372 0.006015
v 0.035900 0.022125 0.006117
v 0.035900 0.021866 0.006179
v 0.035900 -0.023300 -0.004500
v 0.035900 -0.023279 -0.004766
v 0.035900 -0.023217 -0.005025
v 0.035900 -0.023115 -0.005272
v 0.035900 -0.022975 -0.005499
v 0.035900 -0.022802 -0.005702
v 0.035900 -0.022599 -0.005875
v 0.035900 -0.022372 -0.006015
v 0.035900 -0.022125 -0.006117
v 0.035900 -0.021866 -0.006179
v 0.035900 -0.021600 0.006200
v 0.035900 -0.021866 0.006179
v 0.035900 -0.022125 0.006117
v 0.035900 -0.022372 0.006015
v 0.035900 -0.022599 0.005875
v 0.035900 -0.022802 0.005702
v 0.035900 -0.022975 0.005499
v 0.035900 -0.023115 0.005272
v 0.035900 -0.023217 0.005025
v 0.035900 -0.023279 0.004766
v 0.033900 -0.021600 0.006500
v 0.035600 -0.021600 0.006500
v 0.033900 0.021600 0.006500
v 0.035600 0.021600 0.006500
v 0.035033 -0.021600 0.006500
v 0.034467 -0.021600 0.006500
v 0.034467 0.021600 0.006500
v 0.035033 0.021600 0.006500
v 0.035600 -0.023600 -0.004500
v 0.035600 -0.023600 0.004500
v 0.033900 -0.023600 -0.004500
v 0.033900 -0.023600 0.004500
v 0.035033 -0.023600 -0.004500
v 0.034467 -0.023600 -0.004500
v 0.034467 -0.023600 0.004500
v 0.035033 -0.023600 0.004500
v 0.033900 0.021600 -0.006500
v 0.035600 0.021600 -0.006500
v 0.033900 -0.021600 -0.006500
v 0.035600 -0.021600 -0.006500
v 0.035033 0.021600 -0.006500
v 0.034467 0.021600 -0.006500
v 0.034467 -0.021600 -0.006500
v 0.035033 -0.021600 -0.006500
v 0.033900 0.023600 -0.004500
v 0.033900 0.023600 0.004500
v 0.035600 0.023600 -0.004500
v 0.035600 0.023600 0.004500
v 0.035033 0.023600 0.004500
v 0.034467 0.023600 0.004500
v 0.034467 0.023600 -0.004500
v 0.035033 0.023600 -0.004500
v 0.035600 0.023600 -0.004500
v 0.033900 0.023600 -0.004500
v 0.033900 0.023014 -0.005914
v 0.035600 0.021600 -0.006500
v 0.033900 0.021600 -0.006500
v 0.035033 0.021600 -0.006500
v 0.034467 0.021600 -0.006500
v 0.034467 0.023600 -0.004500
v 0.035033 0.023600 -0.004500
v 0.035600 0.023580 -0.004785
v 0.035600 0.023519 -0.005063
v 0.035600 0.023419 -0.005331
v 0.035600 0.023282 -0.005581
v 0.035600 0.023112 -0.005810
v 0.035600 0.022910 -0.006011
v 0.035600 0.022681 -0.006183
v 0.035600 0.022431 -0.006319
v 0.035600 0.022163 -0.006419
v 0.035600 0.021885 -0.006480
v 0.033900 0.021913 -0.006475
v 0.033900 0.022218 -0.006402
v 0.033900 0.022508 -0.006282
v 0.033900 0.022776 -0.006118
v 0.033900 0.023218 -0.005676
v 0.033900 0.023382 -0.005408
v 0.033900 0.023502 -0.005118
v 0.033900 0.023575 -0.004813
v 0.034750 0.023562 -0.004890
v 0.034750 0.023263 -0.005611
v 0.034750 0.023014 -0.005914
v 0.034750 0.022711 -0.006163
v 0.034750 0.022365 -0.006348
v 0.034750 0.021990 -0.006462
v 0.035600 -0.021600 -0.006500
v 0.033900 -0.021600 -0.006500
v 0.035600 -0.023600 -0.004500
v 0.033900 -0.023600 -0.004500
v 0.035033 -0.023600 -0.004500
v 0.034467 -0.023600 -0.004500
v 0.034467 -0.021600 -0.006500
v 0.035033 -0.021600 -0.006500
v 0.035600 -0.021885 -0.006480
v 0.035600 -0.022163 -0.006419
v 0.035600 -0.022431 -0.006319
v 0.035600 -0.022681 -0.006183
v 0.035600 -0.022910 -0.006011
v 0.035600 -0.023111 -0.005810
v 0.035600 -0.023283 -0.005581
v 0.035600 -0.023419 -0.005331
v 0.035600 -0.023519 -0.005063
v 0.035600 -0.023580 -0.004785
v 0.033900 -0.023575 -0.004813
v 0.033900 -0.023502 -0.005118
v 0.033900 -0.023382 -0.005408
v 0.033900 -0.023218 -0.005676
v 0.033900 -0.023014 -0.005914
v 0.033900 -0.022776 -0.006118
v 0.033900 -0.022508 -0.006282
v 0.033900 -0.022218 -0.006402
v 0.033900 -0.021913 -0.006475
v 0.034750 -0.021990 -0.006462
v 0.034750 -0.022711 -0.006163
v 0.034750 -0.023014 -0.005914
v 0.034750 -0.023263 -0.005611
v 0.034750 -0.023448 -0.005265
v 0.034750 -0.023562 -0.004890
v 0.035600 -0.023600 0.004500
v 0.033900 -0.023600 0.004500
v 0.033900 -0.023014 0.005914
v 0.035600 -0.021600 0.006500
v 0.033900 -0.021600 0.006500
v 0.035033 -0.021600 0.006500
v 0.034467 -0.021600 0.006500
v 0.034467 -0.023600 0.004500
v 0.035033 -0.023600 0.004500
v 0.035600 -0.023580 0.004785
v 0.035600 -0.023519 0.005063
v 0.035600 -0.023419 0.005331
v 0.035600 -0.023283 0.005581
v 0.035600 -0.023111 0.005810
v 0.035600 -0.022910 0.006011
v 0.035600 -0.022681 0.006183
v 0.035600 -0.022431 0.006319
v 0.035600 -0.022163 0.006419
v 0.035600 -0.021885 0.006480
v 0.033900 -0.021913 0.006475
v 0.033900 -0.022218 0.006402
v 0.033900 -0.022508 0.006282
v 0.033900 -0.022776 0.006118
v 0.033900 -0.023218 0.005676
v 0.033900 -0.023382 0.005408
v 0.033900 -0.023502 0.005118
v 0.033900 -0.023575 0.004813
v 0.034750 -0.023562 0.004890
v 0.034750 -0.023263 0.005611
v 0.034750 -0.023014 0.005914
v 0.034750 -0.022711 0.006163
v 0.034750 -0.022365 0.006348
v 0.034750 -0.021990 0.006462
v 0.035600 0.021600 0.006500
v 0.033900 0.021600 0.006500
v 0.033900 0.023014 0.005914
v 0.035600 0.023600 0.004500
v 0.033900 0.023600 0.004500
v 0.034467 0.021600 0.006500
v 0.035033 0.021600 0.006500
v 0.035033 0.023600 0.004500
v 0.034467 0.023600 0.004500
v 0.035600 0.021885 0.006480
v 0.035600 0.022163 0.006419
v 0.035600 0.022431 0.006319
v 0.035600 0.022681 0.006183
v 0.035600 0.022910 0.006011
v 0.035600 0.023112 0.005810
v 0.035600 0.023282 0.005581
v 0.035600 0.023419 0.005331
v 0.035600 0.023519 0.005063
v 0.035600 0.023580 0.004785
v 0.033900 0.023575 0.004813
v 0.033900 0.023502 0.005118
v 0.033900 0.023382 0.005408
v 0.033900 0.023218 0.005676
v 0.033900 0.022776 0.006118
v 0.033900 0.022508 0.006282
v 0.033900 0.022218 0.006402
v 0.033900 0.021913 0.006475
v 0.034750 0.021990 0.006462
v 0.034750 0.022711 0.006163
v 0.034750 0.023014 0.005914
v 0.034750 0.023263 0.005611
v 0.034750 0.023448 0.005265
v 0.034750 0.023562 0.004890
v 0.035900 -0.019000 -0.001250
v 0.029400 -0.019000 -0.001250
v 0.035900 -0.019000 0.001250
v 0.029400 -0.019000 0.001250
v 0.032650 -0.019000 0.001250
v 0.032650 -0.019000 -0.001250
v 0.035900 -0.019206 -0.001233
v 0.035900 -0.019406 -0.001182
v 0.035900 -0.019595 -0.001099
v 0.035900 -0.019768 -0.000986
v 0.035900 -0.019920 -0.000847
v 0.035900 -0.020046 -0.000684
v 0.035900 -0.020145 -0.000502
v 0.035900 -0.020212 -0.000307
v 0.035900 -0.020246 -0.000103
v 0.035900 -0.020246 0.000103
v 0.035900 -0.020212 0.000307
v 0.035900 -0.020145 0.000502
v 0.035900 -0.020046 0.000684
v 0.035900 -0.019920 0.000847
v 0.035900 -0.019768 0.000986
v 0.035900 -0.019595 0.001099
v 0.035900 -0.019406 0.001182
v 0.035900 -0.019206 0.001233
v 0.029400 -0.019206 0.001233
v 0.029400 -0.019406 0.001182
v 0.029400 -0.019595 0.001099
v 0.029400 -0.019768 0.000986
v 0.029400 -0.019920 0.000847
v 0.029400 -0.020046 0.000684
v 0.029400 -0.020145 0.000502
v 0.029400 -0.020212 0.000307
v 0.029400 -0.020246 0.000103
v 0.029400 -0.020246 -0.000103
v 0.029400 -0.020212 -0.000307
v 0.029400 -0.020145 -0.000502
v 0.029400 -0.020046 -0.000684
v 0.029400 -0.019920 -0.000847
v 0.029400 -0.019768 -0.000986
v 0.029400 -0.019595 -0.001099
v 0.029400 -0.019406 -0.001182
v 0.029400 -0.019206 -0.001233
v 0.035900 0.019000 -0.001250
v 0.029400 0.019000 -0.001250
v 0.035900 0.019000 0.001250
v 0.029400 0.019000 0.001250
v 0.032650 0.019000 0.001250
v 0.032650 0.019000 -0.001250
v 0.035900 0.018794 -0.001233
v 0.035900 0.018594 -0.001182
v 0.035900 0.018405 -0.001099
v 0.035900 0.018232 -0.000986
v 0.035900 0.018080 -0.000847
v 0.035900 0.017954 -0.000684
v 0.035900 0.017855 -0.000502
v 0.035900 0.017788 -0.000307
v 0.035900 0.017754 -0.000103
v 0.035900 0.017754 0.000103
v 0.035900 0.017788 0.000307
v 0.035900 0.017855 0.000502
v 0.035900 0.017954 0.000684
v 0.035900 0.018080 0.000847
v 0.035900 0.018232 0.000986
v 0.035900 0.018405 0.001099
v 0.035900 0.018594 0.001182
v 0.035900 0.018794 0.001233
v 0.029400 0.018794 0.001233
v 0.029400 0.018594 0.001182
v 0.029400 0.018405 0.001099
v 0.029400 0.018232 0.000986
v 0.029400 0.018080 0.000847
v 0.029400 0.017954 0.000684
v 0.029400 0.017855 0.000502
v 0.029400 0.017788 0.000307
v 0.029400 0.017754 0.000103
v 0.029400 0.017754 -0.000103
v 0.029400 0.017788 -0.000307
v 0.029400 0.017855 -0.000502
v 0.029400 0.017954 -0.000684
v 0.029400 0.018080 -0.000847
v 0.029400 0.018232 -0.000986
v 0.029400 0.018405 -0.001099
v 0.029400 0.018594 -0.001182
v 0.029400 0.018794 -0.001233
v 0.027400 0.023100 -0.007700
v 0.027400 0.022600 -0.007700
v 0.027400 0.022600 -0.006200
v 0.027400 0.023100 -0.007300
v 0.027400 0.023100 -0.006900
v 0.027400 0.023100 -0.006500
v 0.027400 0.022900 -0.006500
v 0.026400 0.024100 -0.007700
v 0.026400 0.024100 -0.006500
v 0.018600 0.024100 -0.007700
v 0.018600 0.024100 -0.006500
v 0.018600 0.024100 -0.007300
v 0.018600 0.024100 -0.006900
v 0.026400 0.024100 -0.006900
v 0.026400 0.024100 -0.007300
v 0.017600 0.022600 -0.006200
v 0.017600 0.023100 -0.007700
v 0.017600 0.022600 -0.007700
v 0.017600 0.023100 -0.006500
v 0.017600 0.023100 -0.006900
v 0.017600 0.023100 -0.007300
v 0.017600 0.022900 -0.006500
v 0.027400 0.022900 -0.006500
v 0.017600 0.022900 -0.006500
v 0.027400 0.023100 -0.006500
v 0.026400 0.024100 -0.006500
v 0.018600 0.024100 -0.006500
v 0.017600 0.023100 -0.006500
v 0.018444 0.024088 -0.006500
v 0.018291 0.024051 -0.006500
v 0.018146 0.023991 -0.006500
v 0.018012 0.023909 -0.006500
v 0.017893 0.023807 -0.006500
v 0.017791 0.023688 -0.006500
v 0.017709 0.023554 -0.006500
v 0.017649 0.023409 -0.006500
v 0.017612 0.023256 -0.006500
v 0.027388 0.023256 -0.006500
v 0.027351 0.023409 -0.006500
v 0.027291 0.023554 -0.006500
v 0.027209 0.023688 -0.006500
v 0.027107 0.023807 -0.006500
v 0.026988 0.023909 -0.006500
v 0.026854 0.023991 -0.006500
v 0.026709 0.024051 -0.006500
v 0.026556 0.024088 -0.006500
v 0.018600 0.024100 -0.007700
v 0.018600 0.024100 -0.006500
v 0.017600 0.023100 -0.007700
v 0.017600 0.023100 -0.006500
v 0.018600 0.024100 -0.006900
v 0.018600 0.024100 -0.007300
v 0.017600 0.023100 -0.007300
v 0.017600 0.023100 -0.006900
v 0.018444 0.024088 -0.007700
v 0.018291 0.024051 -0.007700
v 0.018146 0.023991 -0.007700
v 0.018012 0.023909 -0.007700
v 0.017893 0.023807 -0.007700
v 0.017791 0.023688 -0.007700
v 0.017709 0.023554 -0.007700
v 0.017649 0.023409 -0.007700
v 0.017612 0.023256 -0.007700
v 0.017612 0.023256 -0.006500
v 0.017649 0.023409 -0.006500
v 0.017709 0.023554 -0.006500
v 0.017791 0.023688 -0.006500
v 0.017893 0.023807 -0.006500
v 0.018012 0.023909 -0.006500
v 0.018146 0.023991 -0.006500
v 0.018291 0.024051 -0.006500
v 0.018444 0.024088 -0.006500
v 0.018405 0.024081 -0.007100
v 0.018044 0.023931 -0.007100
v 0.017893 0.023807 -0.007100
v 0.017676 0.023483 -0.007100
v 0.017769 0.023656 -0.007100
v 0.017619 0.023295 -0.007100
v 0.027400 0.023100 -0.007700
v 0.027400 0.023100 -0.006500
v 0.026400 0.024100 -0.007700
v 0.026400 0.024100 -0.006500
v 0.027400 0.023100 -0.006900
v 0.027400 0.023100 -0.007300
v 0.026400 0.024100 -0.007300
v 0.026400 0.024100 -0.006900
v 0.027388 0.023256 -0.007700
v 0.027351 0.023409 -0.007700
v 0.027291 0.023554 -0.007700
v 0.027209 0.023688 -0.007700
v 0.027107 0.023807 -0.007700
v 0.026988 0.023909 -0.007700
v 0.026854 0.023991 -0.007700
v 0.026709 0.024051 -0.007700
v 0.026556 0.024088 -0.007700
v 0.026556 0.024088 -0.006500
v 0.026709 0.024051 -0.006500
v 0.026854 0.023991 -0.006500
v 0.026988 0.023909 -0.006500
v 0.027107 0.023807 -0.006500
v 0.027209 0.023688 -0.006500
v 0.027291 0.023554 -0.006500
v 0.027351 0.023409 -0.006500
v 0.027388 0.023256 -0.006500
v 0.027381 0.023295 -0.007100
v 0.027231 0.023656 -0.007100
v 0.027107 0.023807 -0.007100
v 0.026956 0.023931 -0.007100
v 0.026783 0.024024 -0.007100
v 0.026595 0.024081 -0.007100
v 0.027400 -0.022600 0.006200
v 0.027400 -0.022600 0.007700
v 0.027400 -0.023100 0.007700
v 0.027400 -0.023100 0.007300
v 0.027400 -0.023100 0.006900
v 0.027400 -0.023100 0.006500
v 0.027400 -0.022900 0.006500
v 0.018600 -0.024100 0.006500
v 0.018600 -0.024100 0.007700
v 0.026400 -0.024100 0.006500
v 0.026400 -0.024100 0.007700
v 0.018600 -0.024100 0.007300
v 0.018600 -0.024100 0.006900
v 0.026400 -0.024100 0.006900
v 0.026400 -0.024100 0.007300
v 0.017600 -0.023100 0.007700
v 0.017600 -0.022600 0.006200
v 0.017600 -0.022600 0.007700
v 0.017600 -0.023100 0.006500
v 0.017600 -0.023100 0.006900
v 0.017600 -0.023100 0.007300
v 0.017600 -0.022900 0.006500
v 0.017600 -0.022900 0.006500
v 0.027400 -0.022900 0.006500
v 0.027400 -0.023100 0.006500
v 0.026400 -0.024100 0.006500
v 0.018600 -0.024100 0.006500
v 0.017600 -0.023100 0.006500
v 0.027388 -0.023256 0.006500
v 0.027351 -0.023409 0.006500
v 0.027291 -0.023554 0.006500
v 0.027209 -0.023688 0.006500
v 0.027107 -0.023807 0.006500
v 0.026988 -0.023909 0.006500
v 0.026854 -0.023991 0.006500
v 0.026709 -0.024051 0.006500
v 0.026556 -0.024088 0.006500
v 0.018444 -0.024088 0.006500
v 0.018291 -0.024051 0.006500
v 0.018146 -0.023991 0.006500
v 0.018012 -0.023909 0.006500
v 0.017893 -0.023807 0.006500
v 0.017791 -0.023688 0.006500
v 0.017709 -0.023554 0.006500
v 0.017649 -0.023409 0.006500
v 0.017612 -0.023256 0.006500
v 0.027400 -0.023100 0.007700
v 0.027400 -0.023100 0.006500
v 0.026400 -0.024100 0.007700
v 0.026400 -0.024100 0.006500
v 0.027400 -0.023100 0.006900
v 0.027400 -0.023100 0.007300
v 0.026400 -0.024100 0.007300
v 0.026400 -0.024100 0.006900
v 0.027388 -0.023256 0.007700
v 0.027351 -0.023409 0.007700
v 0.027291 -0.023554 0.007700
v 0.027209 -0.023688 0.007700
v 0.027107 -0.023807 0.007700
v 0.026988 -0.023909 0.007700
v 0.026854 -0.023991 0.007700
v 0.026709 -0.024051 0.007700
v 0.026556 -0.024088 0.007700
v 0.026556 -0.024088 0.006500
v 0.026709 -0.024051 0.006500
v 0.026854 -0.023991 0.006500
v 0.026988 -0.023909 0.006500
v 0.027107 -0.023807 0.006500
v 0.027209 -0.023688 0.006500
v 0.027291 -0.023554 0.006500
v 0.027351 -0.023409 0.006500
v 0.027388 -0.023256 0.006500
v 0.027381 -0.023295 0.007100
v 0.027231 -0.023656 0.007100
v 0.027107 -0.023807 0.007100
v 0.026956 -0.023931 0.007100
v 0.026783 -0.024024 0.007100
v 0.026595 -0.024081 0.007100
v 0.018600 -0.024100 0.007700
v 0.018600 -0.024100 0.006500
v 0.017600 -0.023100 0.007700
v 0.017600 -0.023100 0.006500
v 0.018600 -0.024100 0.006900
v 0.018600 -0.024100 0.007300
v 0.017600 -0.023100 0.007300
v 0.017600 -0.023100 0.006900
v 0.018444 -0.024088 0.007700
v 0.018291 -0.024051 0.007700
v 0.018146 -0.023991 0.007700
v 0.018012 -0.023909 0.007700
v 0.017893 -0.023807 0.007700
v 0.017791 -0.023688 0.007700
v 0.017709 -0.023554 0.007700
v 0.017649 -0.023409 0.007700
v 0.017612 -0.023256 0.007700
v 0.017612 -0.023256 0.006500
v 0.017649 -0.023409 0.006500
v 0.017709 -0.023554 0.006500
v 0.017791 -0.023688 0.006500
v 0.017893 -0.023807 0.006500
v 0.018012 -0.023909 0.006500
v 0.018146 -0.023991 0.006500
v 0.018291 -0.024051 0.006500
v 0.018444 -0.024088 0.006500
v 0.018405 -0.024081 0.007100
v 0.018044 -0.023931 0.007100
v 0.017893 -0.023807 0.007100
v 0.017676 -0.023483 0.007100
v 0.017769 -0.023656 0.007100
v 0.017619 -0.023295 0.007100
v 0.027700 -0.007602 0.002500
v 0.028200 -0.007602 0.002000
v 0.027700 -0.007602 0.007500
v 0.028200 -0.007602 0.008000
v 0.027950 -0.007602 0.002250
v 0.027950 -0.007602 0.007750
v 0.028200 -0.007109 0.007959
v 0.028200 -0.006628 0.007837
v 0.028200 -0.006175 0.007638
v 0.028200 -0.005760 0.007367
v 0.028200 -0.005395 0.007032
v 0.028200 -0.005091 0.006641
v 0.028200 -0.004855 0.006205
v 0.028200 -0.004694 0.005736
v 0.028200 -0.004613 0.005248
v 0.028200 -0.004613 0.004752
v 0.028200 -0.004694 0.004264
v 0.028200 -0.004855 0.003795
v 0.028200 -0.005091 0.003359
v 0.028200 -0.005395 0.002968
v 0.028200 -0.005760 0.002633
v 0.028200 -0.006175 0.002362
v 0.028200 -0.006628 0.002163
v 0.028200 -0.007109 0.002041
v 0.027700 -0.007191 0.002534
v 0.027700 -0.006791 0.002635
v 0.027700 -0.006413 0.002801
v 0.027700 -0.006067 0.003027
v 0.027700 -0.005763 0.003307
v 0.027700 -0.005509 0.003633
v 0.027700 -0.005313 0.003996
v 0.027700 -0.005179 0.004386
v 0.027700 -0.005111 0.004794
v 0.027700 -0.005111 0.005206
v 0.027700 -0.005179 0.005614
v 0.027700 -0.005313 0.006004
v 0.027700 -0.005509 0.006367
v 0.027700 -0.005763 0.006693
v 0.027700 -0.006067 0.006973
v 0.027700 -0.006413 0.007199
v 0.027700 -0.006791 0.007365
v 0.027700 -0.007191 0.007466
v 0.027700 0.007602 -0.007500
v 0.028200 0.007602 -0.008000
v 0.028200 0.010602 -0.005000
v 0.027700 0.007602 -0.002500
v 0.028200 0.007602 -0.002000
v 0.027950 0.007602 -0.007750
v 0.027950 0.007602 -0.002250
v 0.028200 0.008029 -0.002031
v 0.028200 0.008448 -0.002122
v 0.028200 0.008849 -0.002271
v 0.028200 0.009224 -0.002476
v 0.028200 0.009567 -0.002733
v 0.028200 0.009870 -0.003035
v 0.028200 0.010126 -0.003378
v 0.028200 0.010331 -0.003754
v 0.028200 0.010481 -0.004155
v 0.028200 0.010572 -0.004573
v 0.028200 0.010572 -0.005427
v 0.028200 0.010481 -0.005845
v 0.028200 0.010331 -0.006246
v 0.028200 0.010126 -0.006622
v 0.028200 0.009870 -0.006965
v 0.028200 0.009567 -0.007267
v 0.028200 0.009224 -0.007524
v 0.028200 0.008849 -0.007729
v 0.028200 0.008448 -0.007878
v 0.028200 0.008029 -0.007969
v 0.027700 0.008014 -0.007466
v 0.027700 0.008414 -0.007365
v 0.027700 0.008792 -0.007199
v 0.027700 0.009138 -0.006973
v 0.027700 0.009442 -0.006693
v 0.027700 0.009695 -0.006367
v 0.027700 0.009892 -0.006004
v 0.027700 0.010026 -0.005614
v 0.027700 0.010094 -0.005206
v 0.027700 0.010094 -0.004794
v 0.027700 0.010026 -0.004386
v 0.027700 0.009892 -0.003996
v 0.027700 0.009695 -0.003633
v 0.027700 0.009442 -0.003307
v 0.027700 0.009138 -0.003027
v 0.027700 0.008792 -0.002801
v 0.027700 0.008414 -0.002635
v 0.027700 0.008014 -0.002534
v 0.027950 0.008139 -0.007697
v 0.027950 0.009130 -0.007287
v 0.027950 0.009547 -0.006945
v 0.027950 0.009889 -0.006528
v 0.027950 0.010143 -0.006052
v 0.027950 0.010300 -0.005536
v 0.027950 0.010352 -0.005000
v 0.027950 0.010300 -0.004464
v 0.027950 0.010143 -0.003948
v 0.027950 0.009889 -0.003472
v 0.027950 0.009547 -0.003055
v 0.027950 0.009130 -0.002713
v 0.027950 0.008655 -0.002459
v 0.027950 0.008139 -0.002303
v 0.001700 0.023000 0.000000
v 0.001700 0.026600 0.000000
v 0.005900 0.023000 0.000000
v 0.005900 0.026600 0.000000
v 0.005900 0.024800 0.000000
v 0.001700 0.024800 0.000000
v 0.001729 0.023000 0.000346
v 0.001814 0.023000 0.000682
v 0.001953 0.023000 0.000999
v 0.002143 0.023000 0.001290
v 0.002378 0.023000 0.001545
v 0.002651 0.023000 0.001758
v 0.002956 0.023000 0.001923
v 0.003284 0.023000 0.002036
v 0.003627 0.023000 0.002093
v 0.003973 0.023000 0.002093
v 0.004316 0.023000 0.002036
v 0.004644 0.023000 0.001923
v 0.004949 0.023000 0.001758
v 0.005222 0.023000 0.001545
v 0.005457 0.023000 0.001290
v 0.005647 0.023000 0.000999
v 0.005786 0.023000 0.000682
v 0.005871 0.023000 0.000346
v 0.005871 0.026600 0.000346
v 0.005786 0.026600 0.000682
v 0.005647 0.026600 0.000999
v 0.005457 0.026600 0.001290
v 0.005222 0.026600 0.001545
v 0.004949 0.026600 0.001758
v 0.004644 0.026600 0.001923
v 0.004316 0.026600 0.002036
v 0.003973 0.026600 0.002093
v 0.003627 0.026600 0.002093
v 0.003284 0.026600 0.002036
v 0.002956 0.026600 0.001923
v 0.002651 0.026600 0.001758
v 0.002378 0.026600 0.001545
v 0.002143 0.026600 0.001290
v 0.001953 0.026600 0.000999
v 0.001814 0.026600 0.000682
v 0.001729 0.026600 0.000346
v 0.005900 0.023000 0.000000
v 0.005871 0.023000 -0.000346
v 0.005786 0.023000 -0.000682
v 0.005647 0.023000 -0.000999
v 0.005457 0.023000 -0.001290
v 0.005222 0.023000 -0.001545
v 0.004949 0.023000 -0.001758
v 0.004644 0.023000 -0.001923
v 0.004316 0.023000 -0.002036
v 0.003973 0.023000 -0.002093
v 0.003627 0.023000 -0.002093
v 0.003284 0.023000 -0.002036
v 0.002956 0.023000 -0.001923
v 0.002651 0.023000 -0.001758
v 0.002378 0.023000 -0.001545
v 0.002143 0.023000 -0.001290
v 0.001953 0.023000 -0.000999
v 0.001814 0.023000 -0.000682
v 0.001729 0.023000 -0.000346
v 0.001700 0.023000 0.000000
v 0.002650 0.023000 0.000000
v 0.002666 0.023000 -0.000189
v 0.002712 0.023000 -0.000373
v 0.002789 0.023000 -0.000547
v 0.002893 0.023000 -0.000706
v 0.003021 0.023000 -0.000846
v 0.003171 0.023000 -0.000963
v 0.003338 0.023000 -0.001053
v 0.003518 0.023000 -0.001115
v 0.003705 0.023000 -0.001146
v 0.003895 0.023000 -0.001146
v 0.004082 0.023000 -0.001115
v 0.004262 0.023000 -0.001053
v 0.004429 0.023000 -0.000963
v 0.004579 0.023000 -0.000846
v 0.004708 0.023000 -0.000706
v 0.004811 0.023000 -0.000547
v 0.004888 0.023000 -0.000373
v 0.004934 0.023000 -0.000189
v 0.004950 0.023000 0.000000
v 0.004934 0.023000 0.000189
v 0.004888 0.023000 0.000373
v 0.004811 0.023000 0.000547
v 0.004708 0.023000 0.000706
v 0.004579 0.023000 0.000846
v 0.004429 0.023000 0.000963
v 0.004262 0.023000 0.001053
v 0.004082 0.023000 0.001115
v 0.003895 0.023000 0.001146
v 0.003705 0.023000 0.001146
v 0.003518 0.023000 0.001115
v 0.003338 0.023000 0.001053
v 0.003171 0.023000 0.000963
v 0.003021 0.023000 0.000846
v 0.002893 0.023000 0.000706
v 0.002789 0.023000 0.000547
v 0.002712 0.023000 0.000373
v 0.002666 0.023000 0.000189
v 0.001729 0.023000 0.000346
v 0.001814 0.023000 0.000682
v 0.001953 0.023000 0.000999
v 0.002143 0.023000 0.001290
v 0.002378 0.023000 0.001545
v 0.002651 0.023000 0.001758
v 0.002956 0.023000 0.001923
v 0.003284 0.023000 0.002036
v 0.003627 0.023000 0.002093
v 0.003973 0.023000 0.002093
v 0.004316 0.023000 0.002036
v 0.004644 0.023000 0.001923
v 0.004949 0.023000 0.001758
v 0.005222 0.023000 0.001545
v 0.005457 0.023000 0.001290
v 0.005647 0.023000 0.000999
v 0.005786 0.023000 0.000682
v 0.005871 0.023000 0.000346
v 0.009700 0.023000 0.000000
v 0.009700 0.026600 0.000000
v 0.013900 0.023000 0.000000
v 0.013900 0.026600 0.000000
v 0.013900 0.024800 0.000000
v 0.009700 0.024800 0.000000
v 0.009729 0.023000 0.000346
v 0.009814 0.023000 0.000682
v 0.009953 0.023000 0.000999
v 0.010143 0.023000 0.001290
v 0.010378 0.023000 0.001545
v 0.010651 0.023000 0.001758
v 0.010956 0.023000 0.001923
v 0.011284 0.023000 0.002036
v 0.011627 0.023000 0.002093
v 0.011973 0.023000 0.002093
v 0.012316 0.023000 0.002036
v 0.012644 0.023000 0.001923
v 0.012949 0.023000 0.001758
v 0.013222 0.023000 0.001545
v 0.013457 0.023000 0.001290
v 0.013647 0.023000 0.000999
v 0.013786 0.023000 0.000682
v 0.013871 0.023000 0.000346
v 0.013871 0.026600 0.000346
v 0.013786 0.026600 0.000682
v 0.013647 0.026600 0.000999
v 0.013457 0.026600 0.001290
v 0.013222 0.026600 0.001545
v 0.012949 0.026600 0.001758
v 0.012644 0.026600 0.001923
v 0.012316 0.026600 0.002036
v 0.011973 0.026600 0.002093
v 0.011627 0.026600 0.002093
v 0.011284 0.026600 0.002036
v 0.010956 0.026600 0.001923
v 0.010651 0.026600 0.001758
v 0.010378 0.026600 0.001545
v 0.010143 0.026600 0.001290
v 0.009953 0.026600 0.000999
v 0.009814 0.026600 0.000682
v 0.009729 0.026600 0.000346
v 0.013900 0.023000 0.000000
v 0.013871 0.023000 -0.000346
v 0.013786 0.023000 -0.000682
v 0.013647 0.023000 -0.000999
v 0.013457 0.023000 -0.001290
v 0.013222 0.023000 -0.001545
v 0.012949 0.023000 -0.001758
v 0.012644 0.023000 -0.001923
v 0.012316 0.023000 -0.002036
v 0.011973 0.023000 -0.002093
v 0.011627 0.023000 -0.002093
v 0.011284 0.023000 -0.002036
v 0.010956 0.023000 -0.001923
v 0.010651 0.023000 -0.001758
v 0.010378 0.023000 -0.001545
v 0.010143 0.023000 -0.001290
v 0.009953 0.023000 -0.000999
v 0.009814 0.023000 -0.000682
v 0.009729 0.023000 -0.000346
v 0.009700 0.023000 0.000000
v 0.010650 0.023000 0.000000
v 0.010666 0.023000 -0.000189
v 0.010712 0.023000 -0.000373
v 0.010789 0.023000 -0.000547
v 0.010893 0.023000 -0.000706
v 0.011021 0.023000 -0.000846
v 0.011171 0.023000 -0.000963
v 0.011338 0.023000 -0.001053
v 0.011518 0.023000 -0.001115
v 0.011705 0.023000 -0.001146
v 0.011895 0.023000 -0.001146
v 0.012082 0.023000 -0.001115
v 0.012262 0.023000 -0.001053
v 0.012429 0.023000 -0.000963
v 0.012579 0.023000 -0.000846
v 0.012708 0.023000 -0.000706
v 0.012811 0.023000 -0.000547
v 0.012888 0.023000 -0.000373
v 0.012934 0.023000 -0.000189
v 0.012950 0.023000 0.000000
v 0.012934 0.023000 0.000189
v 0.012888 0.023000 0.000373
v 0.012811 0.023000 0.000547
v 0.012708 0.023000 0.000706
v 0.012579 0.023000 0.000846
v 0.012429 0.023000 0.000963
v 0.012262 0.023000 0.001053
v 0.012082 0.023000 0.001115
v 0.011895 0.023000 0.001146
v 0.011705 0.023000 0.001146
v 0.011518 0.023000 0.001115
v 0.011338 0.023000 0.001053
v 0.011171 0.023000 0.000963
v 0.011021 0.023000 0.000846
v 0.010893 0.023000 0.000706
v 0.010789 0.023000 0.000547
v 0.010712 0.023000 0.000373
v 0.010666 0.023000 0.000189
v 0.009729 0.023000 0.000346
v 0.009814 0.023000 0.000682
v 0.009953 0.023000 0.000999
v 0.010143 0.023000 0.001290
v 0.010378 0.023000 0.001545
v 0.010651 0.023000 0.001758
v 0.010956 0.023000 0.001923
v 0.011284 0.023000 0.002036
v 0.011627 0.023000 0.002093
v 0.011973 0.023000 0.002093
v 0.012316 0.023000 0.002036
v 0.012644 0.023000 0.001923
v 0.012949 0.023000 0.001758
v 0.013222 0.023000 0.001545
v 0.013457 0.023000 0.001290
v 0.013647 0.023000 0.000999
v 0.013786 0.023000 0.000682
v 0.013871 0.023000 0.000346
v 0.005900 -0.023000 0.000000
v 0.005871 -0.023000 -0.000346
v 0.005786 -0.023000 -0.000682
v 0.005647 -0.023000 -0.000999
v 0.005457 -0.023000 -0.001290
v 0.005222 -0.023000 -0.001545
v 0.004949 -0.023000 -0.001758
v 0.004644 -0.023000 -0.001923
v 0.004316 -0.023000 -0.002036
v 0.003973 -0.023000 -0.002093
v 0.003627 -0.023000 -0.002093
v 0.003284 -0.023000 -0.002036
v 0.002956 -0.023000 -0.001923
v 0.002651 -0.023000 -0.001758
v 0.002378 -0.023000 -0.001545
v 0.002143 -0.023000 -0.001290
v 0.001953 -0.023000 -0.000999
v 0.001814 -0.023000 -0.000682
v 0.001729 -0.023000 -0.000346
v 0.001700 -0.023000 0.000000
v 0.002650 -0.023000 0.000000
v 0.002666 -0.023000 -0.000189
v 0.002712 -0.023000 -0.000373
v 0.002789 -0.023000 -0.000547
v 0.002893 -0.023000 -0.000706
v 0.003021 -0.023000 -0.000846
v 0.003171 -0.023000 -0.000963
v 0.003338 -0.023000 -0.001053
v 0.003518 -0.023000 -0.001115
v 0.003705 -0.023000 -0.001146
v 0.003895 -0.023000 -0.001146
v 0.004082 -0.023000 -0.001115
v 0.004262 -0.023000 -0.001053
v 0.004429 -0.023000 -0.000963
v 0.004579 -0.023000 -0.000846
v 0.004708 -0.023000 -0.000706
v 0.004811 -0.023000 -0.000547
v 0.004888 -0.023000 -0.000373
v 0.004934 -0.023000 -0.000189
v 0.004950 -0.023000 0.000000
v 0.004934 -0.023000 0.000189
v 0.004888 -0.023000 0.000373
v 0.004811 -0.023000 0.000547
v 0.004708 -0.023000 0.000706
v 0.004579 -0.023000 0.000846
v 0.004429 -0.023000 0.000963
v 0.004262 -0.023000 0.001053
v 0.004082 -0.023000 0.001115
v 0.003895 -0.023000 0.001146
v 0.003705 -0.023000 0.001146
v 0.003518 -0.023000 0.001115
v 0.003338 -0.023000 0.001053
v 0.003171 -0.023000 0.000963
v 0.003021 -0.023000 0.000846
v 0.002893 -0.023000 0.000706
v 0.002789 -0.023000 0.000547
v 0.002712 -0.023000 0.000373
v 0.002666 -0.023000 0.000189
v 0.001729 -0.023000 0.000346
v 0.001814 -0.023000 0.000682
v 0.001953 -0.023000 0.000999
v 0.002143 -0.023000 0.001290
v 0.002378 -0.023000 0.001545
v 0.002651 -0.023000 0.001758
v 0.002956 -0.023000 0.001923
v 0.003284 -0.023000 0.002036
v 0.003627 -0.023000 0.002093
v 0.003973 -0.023000 0.002093
v 0.004316 -0.023000 0.002036
v 0.004644 -0.023000 0.001923
v 0.004949 -0.023000 0.001758
v 0.005222 -0.023000 0.001545
v 0.005457 -0.023000 0.001290
v 0.005647 -0.023000 0.000999
v 0.005786 -0.023000 0.000682
v 0.005871 -0.023000 0.000346
v 0.005900 -0.023000 0.000000
v 0.005900 -0.026600 0.000000
v 0.001700 -0.023000 0.000000
v 0.001700 -0.026600 0.000000
v 0.001700 -0.024800 0.000000
v 0.005900 -0.024800 0.000000
v 0.005871 -0.023000 0.000346
v 0.005786 -0.023000 0.000682
v 0.005647 -0.023000 0.000999
v 0.005457 -0.023000 0.001290
v 0.005222 -0.023000 0.001545
v 0.004949 -0.023000 0.001758
v 0.004644 -0.023000 0.001923
v 0.004316 -0.023000 0.002036
v 0.003973 -0.023000 0.002093
v 0.003627 -0.023000 0.002093
v 0.003284 -0.023000 0.002036
v 0.002956 -0.023000 0.001923
v 0.002651 -0.023000 0.001758
v 0.002378 -0.023000 0.001545
v 0.002143 -0.023000 0.001290
v 0.001953 -0.023000 0.000999
v 0.001814 -0.023000 0.000682
v 0.001729 -0.023000 0.000346
v 0.001729 -0.026600 0.000346
v 0.001814 -0.026600 0.000682
v 0.001953 -0.026600 0.000999
v 0.002143 -0.026600 0.001290
v 0.002378 -0.026600 0.001545
v 0.002651 -0.026600 0.001758
v 0.002956 -0.026600 0.001923
v 0.003284 -0.026600 0.002036
v 0.003627 -0.026600 0.002093
v 0.003973 -0.026600 0.002093
v 0.004316 -0.026600 0.002036
v 0.004644 -0.026600 0.001923
v 0.004949 -0.026600 0.001758
v 0.005222 -0.026600 0.001545
v 0.005457 -0.026600 0.001290
v 0.005647 -0.026600 0.000999
v 0.005786 -0.026600 0.000682
v 0.005871 -0.026600 0.000346
v 0.013900 -0.023000 0.000000
v 0.013871 -0.023000 -0.000346
v 0.013786 -0.023000 -0.000682
v 0.013647 -0.023000 -0.000999
v 0.013457 -0.023000 -0.001290
v 0.013222 -0.023000 -0.001545
v 0.012949 -0.023000 -0.001758
v 0.012644 -0.023000 -0.001923
v 0.012316 -0.023000 -0.002036
v 0.011973 -0.023000 -0.002093
v 0.011627 -0.023000 -0.002093
v 0.011284 -0.023000 -0.002036
v 0.010956 -0.023000 -0.001923
v 0.010651 -0.023000 -0.001758
v 0.010378 -0.023000 -0.001545
v 0.010143 -0.023000 -0.001290
v 0.009953 -0.023000 -0.000999
v 0.009814 -0.023000 -0.000682
v 0.009729 -0.023000 -0.000346
v 0.009700 -0.023000 0.000000
v 0.010650 -0.023000 0.000000
v 0.010666 -0.023000 -0.000189
v 0.010712 -0.023000 -0.000373
v 0.010789 -0.023000 -0.000547
v 0.010893 -0.023000 -0.000706
v 0.011021 -0.023000 -0.000846
v 0.011171 -0.023000 -0.000963
v 0.011338 -0.023000 -0.001053
v 0.011518 -0.023000 -0.001115
v 0.011705 -0.023000 -0.001146
v 0.011895 -0.023000 -0.001146
v 0.012082 -0.023000 -0.001115
v 0.012262 -0.023000 -0.001053
v 0.012429 -0.023000 -0.000963
v 0.012579 -0.023000 -0.000846
v 0.012708 -0.023000 -0.000706
v 0.012811 -0.023000 -0.000547
v 0.012888 -0.023000 -0.000373
v 0.012934 -0.023000 -0.000189
v 0.012950 -0.023000 0.000000
v 0.012934 -0.023000 0.000189
v 0.012888 -0.023000 0.000373
v 0.012811 -0.023000 0.000547
v 0.012708 -0.023000 0.000706
v 0.012579 -0.023000 0.000846
v 0.012429 -0.023000 0.000963
v 0.012262 -0.023000 0.001053
v 0.012082 -0.023000 0.001115
v 0.011895 -0.023000 0.001146
v 0.011705 -0.023000 0.001146
v 0.011518 -0.023000 0.001115
v 0.011338 -0.023000 0.001053
v 0.011171 -0.023000 0.000963
v 0.011021 -0.023000 0.000846
v 0.010893 -0.023000 0.000706
v 0.010789 -0.023000 0.000547
v 0.010712 -0.023000 0.000373
v 0.010666 -0.023000 0.000189
v 0.009729 -0.023000 0.000346
v 0.009814 -0.023000 0.000682
v 0.009953 -0.023000 0.000999
v 0.010143 -0.023000 0.001290
v 0.010378 -0.023000 0.001545
v 0.010651 -0.023000 0.001758
v 0.010956 -0.023000 0.001923
v 0.011284 -0.023000 0.002036
v 0.011627 -0.023000 0.002093
v 0.011973 -0.023000 0.002093
v 0.012316 -0.023000 0.002036
v 0.012644 -0.023000 0.001923
v 0.012949 -0.023000 0.001758
v 0.013222 -0.023000 0.001545
v 0.013457 -0.023000 0.001290
v 0.013647 -0.023000 0.000999
v 0.013786 -0.023000 0.000682
v 0.013871 -0.023000 0.000346
v 0.013900 -0.023000 0.000000
v 0.013900 -0.026600 0.000000
v 0.009700 -0.023000 0.000000
v 0.009700 -0.026600 0.000000
v 0.009700 -0.024800 0.000000
v 0.013900 -0.024800 0.000000
v 0.013871 -0.023000 0.000346
v 0.013786 -0.023000 0.000682
v 0.013647 -0.023000 0.000999
v 0.013457 -0.023000 0.001290
v 0.013222 -0.023000 0.001545
v 0.012949 -0.023000 0.001758
v 0.012644 -0.023000 0.001923
v 0.012316 -0.023000 0.002036
v 0.011973 -0.023000 0.002093
v 0.011627 -0.023000 0.002093
v 0.011284 -0.023000 0.002036
v 0.010956 -0.023000 0.001923
v 0.010651 -0.023000 0.001758
v 0.010378 -0.023000 0.001545
v 0.010143 -0.023000 0.001290
v 0.009953 -0.023000 0.000999
v 0.009814 -0.023000 0.000682
v 0.009729 -0.023000 0.000346
v 0.009729 -0.026600 0.000346
v 0.009814 -0.026600 0.000682
v 0.009953 -0.026600 0.000999
v 0.010143 -0.026600 0.001290
v 0.010378 -0.026600 0.001545
v 0.010651 -0.026600 0.001758
v 0.010956 -0.026600 0.001923
v 0.011284 -0.026600 0.002036
v 0.011627 -0.026600 0.002093
v 0.011973 -0.026600 0.002093
v 0.012316 -0.026600 0.002036
v 0.012644 -0.026600 0.001923
v 0.012949 -0.026600 0.001758
v 0.013222 -0.026600 0.001545
v 0.013457 -0.026600 0.001290
v 0.013647 -0.026600 0.000999
v 0.013786 -0.026600 0.000682
v 0.013871 -0.026600 0.000346
v 0.033900 -0.025600 0.007700
v 0.033900 0.025600 0.007700
v 0.033600 -0.025476 0.008000
v 0.033600 0.025476 0.008000
v 0.033900 -0.025600 0.007700
v 0.032900 -0.026600 0.007700
v 0.033600 -0.025476 0.008000
v 0.032776 -0.026300 0.008000
v 0.033900 0.025600 0.007700
v 0.032900 0.026600 0.007700
v 0.033600 0.025476 0.008000
v 0.032776 0.026300 0.008000
v -0.000000 -0.026600 0.007700
v 0.032900 -0.026600 0.007700
v 0.000300 -0.026300 0.008000
v 0.032776 -0.026300 0.008000
v 0.032900 0.026600 0.007700
v 0.000300 0.026300 0.008000
v 0.032776 0.026300 0.008000
v -0.000000 0.026600 0.007700
v -0.000000 -0.019100 0.007700
v -0.000000 -0.026600 0.007700
v 0.000300 -0.019400 0.008000
v 0.000300 -0.026300 0.008000
v -0.000000 0.019100 0.007700
v -0.000000 0.026600 0.007700
v 0.000300 0.019400 0.008000
v 0.000300 0.026300 0.008000
v -0.000000 -0.019100 0.007700
v 0.001700 -0.019100 0.007700
v 0.000300 -0.019400 0.008000
v 0.001400 -0.019400 0.008000
v 0.001700 0.019100 0.007700
v -0.000000 0.019100 0.007700
v 0.001400 0.019400 0.008000
v 0.000300 0.019400 0.008000
v 0.001700 -0.019100 0.007700
v 0.001400 -0.021400 0.008000
v 0.001400 -0.019400 0.008000
v 0.001700 -0.021100 0.007700
v 0.001700 0.019100 0.007700
v 0.001400 0.021400 0.008000
v 0.001400 0.019400 0.008000
v 0.001700 0.021100 0.007700
v 0.014200 -0.021400 0.008000
v 0.001400 -0.021400 0.008000
v 0.001700 -0.021100 0.007700
v 0.013900 -0.021100 0.007700
v 0.014200 0.021400 0.008000
v 0.001400 0.021400 0.008000
v 0.001700 0.021100 0.007700
v 0.013900 0.021100 0.007700
v 0.014200 -0.021400 0.008000
v 0.013900 -0.019100 0.007700
v 0.014200 -0.019400 0.008000
v 0.013900 -0.021100 0.007700
v 0.014200 0.021400 0.008000
v 0.013900 0.019100 0.007700
v 0.014200 0.019400 0.008000
v 0.013900 0.021100 0.007700
v 0.013900 -0.019100 0.007700
v 0.015600 -0.019100 0.007700
v 0.014200 -0.019400 0.008000
v 0.015300 -0.019400 0.008000
v 0.015600 0.019100 0.007700
v 0.013900 0.019100 0.007700
v 0.015300 0.019400 0.008000
v 0.014200 0.019400 0.008000
v 0.015300 -0.022900 0.008000
v 0.015600 -0.019100 0.007700
v 0.015300 -0.019400 0.008000
v 0.015600 -0.022600 0.007700
v 0.015300 0.022900 0.008000
v 0.015600 0.019100 0.007700
v 0.015300 0.019400 0.008000
v 0.015600 0.022600 0.007700
v 0.015300 -0.022900 0.008000
v 0.017300 -0.022900 0.008000
v 0.015600 -0.022600 0.007700
v 0.017600 -0.022600 0.007700
v 0.028400 0.022900 0.008000
v 0.028400 0.022600 0.007700
v 0.015300 0.022900 0.008000
v 0.015600 0.022600 0.007700
v 0.028400 0.022700 0.007800
v 0.028400 0.022800 0.007900
v 0.017600 -0.023100 0.007700
v 0.017300 -0.023100 0.008000
v 0.017600 -0.022600 0.007700
v 0.017300 -0.022900 0.008000
v 0.017400 -0.023100 0.007900
v 0.017500 -0.023100 0.007800
v 0.029400 0.021600 0.007700
v 0.029700 0.021600 0.008000
v 0.028400 0.022600 0.007700
v 0.028400 0.022900 0.008000
v 0.029388 0.021756 0.007700
v 0.029351 0.021909 0.007700
v 0.029291 0.022054 0.007700
v 0.029209 0.022188 0.007700
v 0.029107 0.022307 0.007700
v 0.028988 0.022409 0.007700
v 0.028854 0.022491 0.007700
v 0.028709 0.022551 0.007700
v 0.028556 0.022588 0.007700
v 0.028400 0.022700 0.007800
v 0.028400 0.022800 0.007900
v 0.029600 0.021600 0.007900
v 0.029500 0.021600 0.007800
v 0.028585 0.022887 0.008000
v 0.028766 0.022847 0.008000
v 0.028940 0.022783 0.008000
v 0.029103 0.022694 0.008000
v 0.029251 0.022582 0.008000
v 0.029382 0.022451 0.008000
v 0.029494 0.022303 0.008000
v 0.029583 0.022140 0.008000
v 0.029647 0.021966 0.008000
v 0.029687 0.021785 0.008000
v 0.029528 0.021824 0.007850
v 0.029356 0.022239 0.007850
v 0.029213 0.022413 0.007850
v 0.028840 0.022662 0.007850
v 0.029039 0.022556 0.007850
v 0.028624 0.022728 0.007850
v 0.017600 -0.023100 0.007700
v 0.017300 -0.023100 0.008000
v 0.018600 -0.024100 0.007700
v 0.018600 -0.024400 0.008000
v 0.017612 -0.023256 0.007700
v 0.017649 -0.023409 0.007700
v 0.017709 -0.023554 0.007700
v 0.017791 -0.023688 0.007700
v 0.017893 -0.023807 0.007700
v 0.018012 -0.023909 0.007700
v 0.018146 -0.023991 0.007700
v 0.018291 -0.024051 0.007700
v 0.018444 -0.024088 0.007700
v 0.017400 -0.023100 0.007900
v 0.017500 -0.023100 0.007800
v 0.018415 -0.024387 0.008000
v 0.018234 -0.024347 0.008000
v 0.018060 -0.024283 0.008000
v 0.017897 -0.024194 0.008000
v 0.017749 -0.024082 0.008000
v 0.017618 -0.023951 0.008000
v 0.017506 -0.023803 0.008000
v 0.017417 -0.023640 0.008000
v 0.017353 -0.023466 0.008000
v 0.017313 -0.023285 0.008000
v 0.018600 -0.024200 0.007800
v 0.018600 -0.024300 0.007900
v 0.017472 -0.023324 0.007850
v 0.017644 -0.023739 0.007850
v 0.017787 -0.023913 0.007850
v 0.017961 -0.024056 0.007850
v 0.018160 -0.024162 0.007850
v 0.018376 -0.024228 0.007850
v 0.029700 -0.007602 0.008000
v 0.029400 0.021600 0.007700
v 0.029700 0.021600 0.008000
v 0.029400 -0.006295 0.007700
v 0.029500 0.021600 0.007800
v 0.029600 0.021600 0.007900
v 0.029681 -0.007266 0.007981
v 0.029624 -0.006932 0.007924
v 0.029530 -0.006606 0.007830
v 0.026400 -0.024100 0.007700
v 0.026400 -0.024400 0.008000
v 0.018600 -0.024100 0.007700
v 0.018600 -0.024400 0.008000
v 0.018600 -0.024200 0.007800
v 0.018600 -0.024300 0.007900
v 0.026400 -0.024300 0.007900
v 0.026400 -0.024200 0.007800
v 0.029400 -0.021600 0.007700
v 0.029700 -0.021600 0.008000
v 0.029700 -0.007602 0.008000
v 0.029400 -0.008910 0.007700
v 0.029530 -0.008599 0.007830
v 0.029624 -0.008273 0.007924
v 0.029681 -0.007939 0.007981
v 0.029600 -0.021600 0.007900
v 0.029500 -0.021600 0.007800
v 0.026400 -0.024100 0.007700
v 0.027700 -0.023100 0.008000
v 0.026556 -0.024088 0.007700
v 0.026709 -0.024051 0.007700
v 0.026854 -0.023991 0.007700
v 0.026988 -0.023909 0.007700
v 0.027107 -0.023807 0.007700
v 0.027209 -0.023688 0.007700
v 0.027291 -0.023554 0.007700
v 0.027351 -0.023409 0.007700
v 0.027388 -0.023256 0.007700
v 0.026400 -0.024400 0.008000
v 0.026400 -0.024300 0.007900
v 0.026400 -0.024200 0.007800
v 0.027687 -0.023285 0.008000
v 0.027647 -0.023466 0.008000
v 0.027583 -0.023640 0.008000
v 0.027494 -0.023803 0.008000
v 0.027382 -0.023951 0.008000
v 0.027251 -0.024082 0.008000
v 0.027103 -0.024194 0.008000
v 0.026940 -0.024283 0.008000
v 0.026766 -0.024347 0.008000
v 0.026585 -0.024387 0.008000
v 0.027400 -0.023100 0.007700
v 0.027500 -0.023100 0.007800
v 0.027600 -0.023100 0.007900
v 0.026624 -0.024228 0.007850
v 0.027039 -0.024056 0.007850
v 0.027213 -0.023913 0.007850
v 0.027462 -0.023540 0.007850
v 0.027356 -0.023739 0.007850
v 0.027528 -0.023324 0.007850
v 0.028400 -0.022600 0.007700
v 0.028400 -0.022900 0.008000
v 0.029107 -0.022307 0.007700
v 0.029400 -0.021600 0.007700
v 0.029700 -0.021600 0.008000
v 0.028556 -0.022588 0.007700
v 0.028709 -0.022551 0.007700
v 0.028854 -0.022491 0.007700
v 0.028988 -0.022409 0.007700
v 0.029209 -0.022188 0.007700
v 0.029291 -0.022054 0.007700
v 0.029351 -0.021909 0.007700
v 0.029388 -0.021756 0.007700
v 0.029500 -0.021600 0.007800
v 0.029600 -0.021600 0.007900
v 0.028400 -0.022800 0.007900
v 0.028400 -0.022700 0.007800
v 0.029687 -0.021785 0.008000
v 0.029647 -0.021966 0.008000
v 0.029583 -0.022140 0.008000
v 0.029494 -0.022303 0.008000
v 0.029382 -0.022451 0.008000
v 0.029251 -0.022582 0.008000
v 0.029103 -0.022694 0.008000
v 0.028940 -0.022783 0.008000
v 0.028766 -0.022847 0.008000
v 0.028585 -0.022887 0.008000
v 0.028624 -0.022728 0.007850
v 0.029039 -0.022556 0.007850
v 0.029213 -0.022413 0.007850
v 0.029462 -0.022040 0.007850
v 0.029356 -0.022239 0.007850
v 0.029528 -0.021824 0.007850
v 0.027400 -0.022600 0.007700
v 0.027400 -0.023100 0.007700
v 0.027700 -0.023100 0.008000
v 0.027700 -0.022900 0.008000
v 0.027500 -0.023100 0.007800
v 0.027600 -0.023100 0.007900
v 0.028400 -0.022900 0.008000
v 0.028400 -0.022600 0.007700
v 0.027700 -0.022900 0.008000
v 0.027400 -0.022600 0.007700
v 0.028400 -0.022700 0.007800
v 0.028400 -0.022800 0.007900
v 0.032900 0.026600 -0.007700
v 0.033900 0.025600 -0.007700
v 0.032776 0.026300 -0.008000
v 0.033600 0.025476 -0.008000
v 0.033900 0.025600 -0.007700
v 0.033900 -0.025600 -0.007700
v 0.033600 0.025476 -0.008000
v 0.033600 -0.025476 -0.008000
v 0.032900 0.026600 -0.007700
v -0.000000 0.026600 -0.007700
v 0.032776 0.026300 -0.008000
v 0.000300 0.026300 -0.008000
v 0.032900 -0.026600 -0.007700
v 0.033900 -0.025600 -0.007700
v 0.033600 -0.025476 -0.008000
v 0.032776 -0.026300 -0.008000
v -0.000000 0.026600 -0.007700
v -0.000000 0.019100 -0.007700
v 0.000300 0.026300 -0.008000
v 0.000300 0.019400 -0.008000
v -0.000000 -0.026600 -0.007700
v 0.032900 -0.026600 -0.007700
v 0.032776 -0.026300 -0.008000
v 0.000300 -0.026300 -0.008000
v -0.000000 0.019100 -0.007700
v 0.001700 0.019100 -0.007700
v 0.000300 0.019400 -0.008000
v 0.001400 0.019400 -0.008000
v -0.000000 -0.026600 -0.007700
v -0.000000 -0.019100 -0.007700
v 0.000300 -0.026300 -0.008000
v 0.000300 -0.019400 -0.008000
v 0.001400 0.021400 -0.008000
v 0.001700 0.019100 -0.007700
v 0.001700 0.021100 -0.007700
v 0.001400 0.019400 -0.008000
v 0.001700 -0.019100 -0.007700
v -0.000000 -0.019100 -0.007700
v 0.001400 -0.019400 -0.008000
v 0.000300 -0.019400 -0.008000
v 0.001400 0.021400 -0.008000
v 0.014200 0.021400 -0.008000
v 0.013900 0.021100 -0.007700
v 0.001700 0.021100 -0.007700
v 0.001400 -0.021400 -0.008000
v 0.001700 -0.019100 -0.007700
v 0.001700 -0.021100 -0.007700
v 0.001400 -0.019400 -0.008000
v 0.014200 0.021400 -0.008000
v 0.013900 0.019100 -0.007700
v 0.013900 0.021100 -0.007700
v 0.014200 0.019400 -0.008000
v 0.014200 -0.021400 -0.008000
v 0.001400 -0.021400 -0.008000
v 0.013900 -0.021100 -0.007700
v 0.001700 -0.021100 -0.007700
v 0.013900 0.019100 -0.007700
v 0.015600 0.019100 -0.007700
v 0.014200 0.019400 -0.008000
v 0.015300 0.019400 -0.008000
v 0.014200 -0.021400 -0.008000
v 0.013900 -0.021100 -0.007700
v 0.014200 -0.019400 -0.008000
v 0.013900 -0.019100 -0.007700
v 0.015300 0.022900 -0.008000
v 0.015600 0.022600 -0.007700
v 0.015300 0.019400 -0.008000
v 0.015600 0.019100 -0.007700
v 0.015600 -0.019100 -0.007700
v 0.013900 -0.019100 -0.007700
v 0.015300 -0.019400 -0.008000
v 0.014200 -0.019400 -0.008000
v 0.015300 0.022900 -0.008000
v 0.017600 0.022600 -0.007700
v 0.015600 0.022600 -0.007700
v 0.017300 0.022900 -0.008000
v 0.015300 -0.022900 -0.008000
v 0.015600 -0.019100 -0.007700
v 0.015600 -0.022600 -0.007700
v 0.015300 -0.019400 -0.008000
v 0.017600 0.023100 -0.007700
v 0.017300 0.023100 -0.008000
v 0.017600 0.022600 -0.007700
v 0.017300 0.022900 -0.008000
v 0.017400 0.023100 -0.007900
v 0.017500 0.023100 -0.007800
v 0.015300 -0.022900 -0.008000
v 0.028400 -0.022900 -0.008000
v 0.028400 -0.022600 -0.007700
v 0.015600 -0.022600 -0.007700
v 0.028400 -0.022800 -0.007900
v 0.028400 -0.022700 -0.007800
v 0.017600 0.023100 -0.007700
v 0.018600 0.024400 -0.008000
v 0.017612 0.023256 -0.007700
v 0.017649 0.023409 -0.007700
v 0.017709 0.023554 -0.007700
v 0.017791 0.023688 -0.007700
v 0.017893 0.023807 -0.007700
v 0.018012 0.023909 -0.007700
v 0.018146 0.023991 -0.007700
v 0.018291 0.024051 -0.007700
v 0.018444 0.024088 -0.007700
v 0.017300 0.023100 -0.008000
v 0.017400 0.023100 -0.007900
v 0.017500 0.023100 -0.007800
v 0.018415 0.024387 -0.008000
v 0.018234 0.024347 -0.008000
v 0.018060 0.024283 -0.008000
v 0.017897 0.024194 -0.008000
v 0.017749 0.024082 -0.008000
v 0.017618 0.023951 -0.008000
v 0.017506 0.023803 -0.008000
v 0.017417 0.023640 -0.008000
v 0.017353 0.023466 -0.008000
v 0.017313 0.023285 -0.008000
v 0.018600 0.024100 -0.007700
v 0.018600 0.024200 -0.007800
v 0.018600 0.024300 -0.007900
v 0.017472 0.023324 -0.007850
v 0.017644 0.023739 -0.007850
v 0.017787 0.023913 -0.007850
v 0.017961 0.024056 -0.007850
v 0.018160 0.024162 -0.007850
v 0.018376 0.024228 -0.007850
v 0.029700 -0.021600 -0.008000
v 0.028400 -0.022600 -0.007700
v 0.028400 -0.022900 -0.008000
v 0.029400 -0.021600 -0.007700
v 0.029388 -0.021756 -0.007700
v 0.029351 -0.021909 -0.007700
v 0.029291 -0.022054 -0.007700
v 0.029209 -0.022188 -0.007700
v 0.029107 -0.022307 -0.007700
v 0.028988 -0.022409 -0.007700
v 0.028854 -0.022491 -0.007700
v 0.028709 -0.022551 -0.007700
v 0.028556 -0.022588 -0.007700
v 0.028400 -0.022700 -0.007800
v 0.028400 -0.022800 -0.007900
v 0.029600 -0.021600 -0.007900
v 0.029500 -0.021600 -0.007800
v 0.028585 -0.022887 -0.008000
v 0.028766 -0.022847 -0.008000
v 0.028940 -0.022783 -0.008000
v 0.029103 -0.022694 -0.008000
v 0.029251 -0.022582 -0.008000
v 0.029382 -0.022451 -0.008000
v 0.029494 -0.022303 -0.008000
v 0.029583 -0.022140 -0.008000
v 0.029647 -0.021966 -0.008000
v 0.029687 -0.021785 -0.008000
v 0.029528 -0.021824 -0.007850
v 0.029356 -0.022239 -0.007850
v 0.029213 -0.022413 -0.007850
v 0.028840 -0.022662 -0.007850
v 0.029039 -0.022556 -0.007850
v 0.028624 -0.022728 -0.007850
v 0.026400 0.024100 -0.007700
v 0.026400 0.024400 -0.008000
v 0.018600 0.024100 -0.007700
v 0.018600 0.024400 -0.008000
v 0.018600 0.024200 -0.007800
v 0.018600 0.024300 -0.007900
v 0.026400 0.024300 -0.007900
v 0.026400 0.024200 -0.007800
v 0.029700 0.007602 -0.008000
v 0.029400 -0.021600 -0.007700
v 0.029700 -0.021600 -0.008000
v 0.029400 0.006295 -0.007700
v 0.029500 -0.021600 -0.007800
v 0.029600 -0.021600 -0.007900
v 0.029681 0.007266 -0.007981
v 0.029624 0.006932 -0.007924
v 0.029530 0.006606 -0.007830
v 0.026400 0.024100 -0.007700
v 0.026400 0.024400 -0.008000
v 0.027400 0.023100 -0.007700
v 0.027700 0.023100 -0.008000
v 0.026556 0.024088 -0.007700
v 0.026709 0.024051 -0.007700
v 0.026854 0.023991 -0.007700
v 0.026988 0.023909 -0.007700
v 0.027107 0.023807 -0.007700
v 0.027209 0.023688 -0.007700
v 0.027291 0.023554 -0.007700
v 0.027351 0.023409 -0.007700
v 0.027388 0.023256 -0.007700
v 0.026400 0.024300 -0.007900
v 0.026400 0.024200 -0.007800
v 0.027687 0.023285 -0.008000
v 0.027647 0.023466 -0.008000
v 0.027583 0.023640 -0.008000
v 0.027494 0.023803 -0.008000
v 0.027382 0.023951 -0.008000
v 0.027251 0.024082 -0.008000
v 0.027103 0.024194 -0.008000
v 0.026940 0.024283 -0.008000
v 0.026766 0.024347 -0.008000
v 0.026585 0.024387 -0.008000
v 0.027500 0.023100 -0.007800
v 0.027600 0.023100 -0.007900
v 0.026624 0.024228 -0.007850
v 0.027039 0.024056 -0.007850
v 0.027213 0.023913 -0.007850
v 0.027462 0.023540 -0.007850
v 0.027356 0.023739 -0.007850
v 0.027528 0.023324 -0.007850
v 0.029400 0.021600 -0.007700
v 0.029700 0.021600 -0.008000
v 0.029700 0.007602 -0.008000
v 0.029400 0.008910 -0.007700
v 0.029530 0.008599 -0.007830
v 0.029624 0.008273 -0.007924
v 0.029681 0.007939 -0.007981
v 0.029600 0.021600 -0.007900
v 0.029500 0.021600 -0.007800
v 0.027400 0.022600 -0.007700
v 0.027400 0.023100 -0.007700
v 0.027700 0.023100 -0.008000
v 0.027700 0.022900 -0.008000
v 0.027500 0.023100 -0.007800
v 0.027600 0.023100 -0.007900
v 0.028400 0.022600 -0.007700
v 0.028400 0.022900 -0.008000
v 0.029700 0.021600 -0.008000
v 0.028556 0.022588 -0.007700
v 0.028709 0.022551 -0.007700
v 0.028854 0.022491 -0.007700
v 0.028988 0.022409 -0.007700
v 0.029107 0.022307 -0.007700
v 0.029209 0.022188 -0.007700
v 0.029291 0.022054 -0.007700
v 0.029351 0.021909 -0.007700
v 0.029388 0.021756 -0.007700
v 0.029400 0.021600 -0.007700
v 0.029500 0.021600 -0.007800
v 0.029600 0.021600 -0.007900
v 0.028400 0.022800 -0.007900
v 0.028400 0.022700 -0.007800
v 0.029687 0.021785 -0.008000
v 0.029647 0.021966 -0.008000
v 0.029583 0.022140 -0.008000
v 0.029494 0.022303 -0.008000
v 0.029382 0.022451 -0.008000
v 0.029251 0.022582 -0.008000
v 0.029103 0.022694 -0.008000
v 0.028940 0.022783 -0.008000
v 0.028766 0.022847 -0.008000
v 0.028585 0.022887 -0.008000
v 0.028624 0.022728 -0.007850
v 0.029039 0.022556 -0.007850
v 0.029213 0.022413 -0.007850
v 0.029462 0.022040 -0.007850
v 0.029356 0.022239 -0.007850
v 0.029528 0.021824 -0.007850
v 0.028400 0.022600 -0.007700
v 0.028400 0.022900 -0.008000
v 0.027700 0.022900 -0.008000
v 0.027400 0.022600 -0.007700
v 0.028400 0.022800 -0.007900
v 0.028400 0.022700 -0.007800
v 0.027400 -0.000000 -0.002700
v 0.027700 -0.000000 -0.003000
v 0.027400 0.001909 -0.001909
v 0.027400 0.002700 0.000000
v 0.027700 0.003000 0.000000
v 0.027400 0.001909 0.001909
v 0.027400 -0.000000 0.002700
v 0.027700 -0.000000 0.003000
v 0.027700 0.000427 0.002969
v 0.027700 0.000845 0.002878
v 0.027700 0.001246 0.002729
v 0.027700 0.001622 0.002524
v 0.027700 0.001965 0.002267
v 0.027700 0.002267 0.001965
v 0.027700 0.002524 0.001622
v 0.027700 0.002729 0.001246
v 0.027700 0.002878 0.000845
v 0.027700 0.002969 0.000427
v 0.027700 0.002969 -0.000427
v 0.027700 0.002878 -0.000845
v 0.027700 0.002729 -0.001246
v 0.027700 0.002524 -0.001622
v 0.027700 0.002267 -0.001965
v 0.027700 0.001965 -0.002267
v 0.027700 0.001622 -0.002524
v 0.027700 0.001246 -0.002729
v 0.027700 0.000845 -0.002878
v 0.027700 0.000427 -0.002969
v 0.027400 0.000422 -0.002667
v 0.027400 0.000834 -0.002568
v 0.027400 0.001226 -0.002406
v 0.027400 0.001587 -0.002184
v 0.027400 0.002184 -0.001587
v 0.027400 0.002406 -0.001226
v 0.027400 0.002568 -0.000834
v 0.027400 0.002667 -0.000422
v 0.027400 0.002667 0.000422
v 0.027400 0.002568 0.000834
v 0.027400 0.002406 0.001226
v 0.027400 0.002184 0.001587
v 0.027400 0.001587 0.002184
v 0.027400 0.001226 0.002406
v 0.027400 0.000834 0.002568
v 0.027400 0.000422 0.002667
v 0.027400 0.022900 -0.006500
v 0.027400 0.022600 -0.006200
v 0.017600 0.022900 -0.006500
v 0.017600 0.022600 -0.006200
v 0.017600 -0.022900 0.006500
v 0.017600 -0.022600 0.006200
v 0.027400 -0.022900 0.006500
v 0.027400 -0.022600 0.006200
v 0.035600 0.023600 -0.004500
v 0.035900 0.021600 -0.006200
v 0.035600 0.021600 -0.006500
v 0.035600 0.021885 -0.006480
v 0.035600 0.022163 -0.006419
v 0.035600 0.022431 -0.006319
v 0.035600 0.022681 -0.006183
v 0.035600 0.022910 -0.006011
v 0.035600 0.023112 -0.005810
v 0.035600 0.023282 -0.005581
v 0.035600 0.023419 -0.005331
v 0.035600 0.023519 -0.005063
v 0.035600 0.023580 -0.004785
v 0.035750 0.021600 -0.006350
v 0.035750 0.023450 -0.004500
v 0.035900 0.023300 -0.004500
v 0.035900 0.023279 -0.004766
v 0.035900 0.023217 -0.005025
v 0.035900 0.023115 -0.005272
v 0.035900 0.022975 -0.005499
v 0.035900 0.022802 -0.005702
v 0.035900 0.022599 -0.005875
v 0.035900 0.022372 -0.006015
v 0.035900 0.022125 -0.006117
v 0.035900 0.021866 -0.006179
v 0.035750 0.023414 -0.004861
v 0.035750 0.023138 -0.005528
v 0.035750 0.022908 -0.005808
v 0.035750 0.022308 -0.006209
v 0.035750 0.022628 -0.006038
v 0.035750 0.021961 -0.006314
v 0.035900 0.023300 0.004500
v 0.035600 0.023600 0.004500
v 0.035900 0.023300 -0.004500
v 0.035600 0.023600 -0.004500
v 0.035750 0.023450 -0.004500
v 0.035750 0.023450 0.004500
v 0.035900 0.021600 -0.006200
v 0.035600 -0.021600 -0.006500
v 0.035600 0.021600 -0.006500
v 0.035750 0.021600 -0.006350
v 0.035900 -0.021600 -0.006200
v 0.035750 -0.021600 -0.006350
v 0.035900 0.021600 0.006200
v 0.035600 0.021600 0.006500
v 0.035600 0.023600 0.004500
v 0.035600 0.023580 0.004785
v 0.035600 0.023519 0.005063
v 0.035600 0.023419 0.005331
v 0.035600 0.023282 0.005581
v 0.035600 0.023112 0.005810
v 0.035600 0.022910 0.006011
v 0.035600 0.022681 0.006183
v 0.035600 0.022431 0.006319
v 0.035600 0.022163 0.006419
v 0.035600 0.021885 0.006480
v 0.035900 0.023300 0.004500
v 0.035750 0.023450 0.004500
v 0.035750 0.021600 0.006350
v 0.035900 0.021866 0.006179
v 0.035900 0.022125 0.006117
v 0.035900 0.022372 0.006015
v 0.035900 0.022599 0.005875
v 0.035900 0.022802 0.005702
v 0.035900 0.022975 0.005499
v 0.035900 0.023115 0.005272
v 0.035900 0.023217 0.005025
v 0.035900 0.023279 0.004766
v 0.035750 0.021961 0.006314
v 0.035750 0.022628 0.006038
v 0.035750 0.022908 0.005808
v 0.035750 0.023138 0.005528
v 0.035750 0.023309 0.005208
v 0.035750 0.023414 0.004861
v 0.035600 -0.021600 -0.006500
v 0.035900 -0.023300 -0.004500
v 0.035750 -0.023450 -0.004500
v 0.035600 -0.023600 -0.004500
v 0.035600 -0.023580 -0.004785
v 0.035600 -0.023519 -0.005063
v 0.035600 -0.023419 -0.005331
v 0.035600 -0.023283 -0.005581
v 0.035600 -0.023111 -0.005810
v 0.035600 -0.022910 -0.006011
v 0.035600 -0.022681 -0.006183
v 0.035600 -0.022431 -0.006319
v 0.035600 -0.022163 -0.006419
v 0.035600 -0.021885 -0.006480
v 0.035750 -0.021600 -0.006350
v 0.035900 -0.021600 -0.006200
v 0.035900 -0.021866 -0.006179
v 0.035900 -0.022125 -0.006117
v 0.035900 -0.022372 -0.006015
v 0.035900 -0.022599 -0.005875
v 0.035900 -0.022802 -0.005702
v 0.035900 -0.022975 -0.005499
v 0.035900 -0.023115 -0.005272
v 0.035900 -0.023217 -0.005025
v 0.035900 -0.023279 -0.004766
v 0.035750 -0.021961 -0.006314
v 0.035750 -0.022628 -0.006038
v 0.035750 -0.022908 -0.005808
v 0.035750 -0.023138 -0.005528
v 0.035750 -0.023309 -0.005208
v 0.035750 -0.023414 -0.004861
v 0.035900 -0.021600 0.006200
v 0.035600 0.021600 0.006500
v 0.035900 0.021600 0.006200
v 0.035750 0.021600 0.006350
v 0.035600 -0.021600 0.006500
v 0.035750 -0.021600 0.006350
v 0.035900 -0.023300 -0.004500
v 0.035600 -0.023600 -0.004500
v 0.035600 -0.023600 0.004500
v 0.035750 -0.023450 -0.004500
v 0.035900 -0.023300 0.004500
v 0.035750 -0.023450 0.004500
v 0.035900 -0.021600 0.006200
v 0.035600 -0.021600 0.006500
v 0.035600 -0.021885 0.006480
v 0.035600 -0.022163 0.006419
v 0.035600 -0.022431 0.006319
v 0.035600 -0.022681 0.006183
v 0.035600 -0.022910 0.006011
v 0.035600 -0.023111 0.005810
v 0.035600 -0.023283 0.005581
v 0.035600 -0.023419 0.005331
v 0.035600 -0.023519 0.005063
v 0.035600 -0.023580 0.004785
v 0.035750 -0.021600 0.006350
v 0.035600 -0.023600 0.004500
v 0.035750 -0.023450 0.004500
v 0.035900 -0.023300 0.004500
v 0.035900 -0.023279 0.004766
v 0.035900 -0.023217 0.005025
v 0.035900 -0.023115 0.005272
v 0.035900 -0.022975 0.005499
v 0.035900 -0.022802 0.005702
v 0.035900 -0.022599 0.005875
v 0.035900 -0.022372 0.006015
v 0.035900 -0.022125 0.006117
v 0.035900 -0.021866 0.006179
v 0.035750 -0.023414 0.004861
v 0.035750 -0.023138 0.005528
v 0.035750 -0.022908 0.005808
v 0.035750 -0.022628 0.006038
v 0.035750 -0.022308 0.006209
v 0.035750 -0.021961 0.006314
v 0.022400 -0.000814 0.000663
v 0.022600 -0.000969 0.000789
v 0.022400 0.000814 -0.000663
v 0.022600 0.000969 -0.000789
v 0.022400 -0.000908 0.000527
v 0.022400 -0.000979 0.000379
v 0.022400 -0.001026 0.000221
v 0.022400 -0.001048 0.000058
v 0.022400 -0.001045 -0.000107
v 0.022400 -0.001015 -0.000269
v 0.022400 -0.000960 -0.000425
v 0.022400 -0.000882 -0.000570
v 0.022400 -0.000782 -0.000701
v 0.022400 -0.000663 -0.000814
v 0.022400 -0.000527 -0.000908
v 0.022400 -0.000379 -0.000979
v 0.022400 -0.000221 -0.001026
v 0.022400 -0.000058 -0.001048
v 0.022400 0.000107 -0.001045
v 0.022400 0.000269 -0.001015
v 0.022400 0.000425 -0.000960
v 0.022400 0.000570 -0.000882
v 0.022400 0.000701 -0.000782
v 0.022500 0.000892 -0.000726
v 0.022600 0.000847 -0.000919
v 0.022600 0.000708 -0.001030
v 0.022600 0.000554 -0.001121
v 0.022600 0.000389 -0.001188
v 0.022600 0.000216 -0.001231
v 0.022600 0.000038 -0.001249
v 0.022600 -0.000140 -0.001242
v 0.022600 -0.000315 -0.001210
v 0.022600 -0.000484 -0.001152
v 0.022600 -0.000643 -0.001072
v 0.022600 -0.000789 -0.000969
v 0.022600 -0.000919 -0.000847
v 0.022600 -0.001030 -0.000708
v 0.022600 -0.001121 -0.000554
v 0.022600 -0.001188 -0.000389
v 0.022600 -0.001231 -0.000216
v 0.022600 -0.001249 -0.000038
v 0.022600 -0.001242 0.000140
v 0.022600 -0.001210 0.000315
v 0.022600 -0.001152 0.000484
v 0.022600 -0.001072 0.000643
v 0.022500 -0.000892 0.000726
v 0.032800 0.002016 -0.001641
v 0.032500 0.002249 -0.001831
v 0.032794 0.001887 -0.001872
v 0.032777 0.001927 -0.001912
v 0.032749 0.001964 -0.001949
v 0.032712 0.001996 -0.001981
v 0.032667 0.002023 -0.002007
v 0.032615 0.002042 -0.002026
v 0.032559 0.002055 -0.002038
v 0.032794 0.001695 -0.002048
v 0.032777 0.001730 -0.002092
v 0.032749 0.001764 -0.002132
v 0.032712 0.001793 -0.002167
v 0.032667 0.001816 -0.002196
v 0.032615 0.001834 -0.002217
v 0.032559 0.001845 -0.002230
v 0.032794 0.001592 -0.002129
v 0.032777 0.001626 -0.002174
v 0.032749 0.001657 -0.002216
v 0.032712 0.001684 -0.002252
v 0.032667 0.001706 -0.002282
v 0.032615 0.001723 -0.002304
v 0.032559 0.001733 -0.002318
v 0.032794 0.001486 -0.002205
v 0.032777 0.001517 -0.002251
v 0.032749 0.001546 -0.002294
v 0.032712 0.001572 -0.002332
v 0.032667 0.001592 -0.002363
v 0.032615 0.001608 -0.002386
v 0.032559 0.001617 -0.002400
v 0.032794 0.001376 -0.002275
v 0.032777 0.001405 -0.002323
v 0.032749 0.001432 -0.002367
v 0.032712 0.001455 -0.002406
v 0.032667 0.001475 -0.002438
v 0.032615 0.001489 -0.002462
v 0.032559 0.001498 -0.002477
v 0.032794 0.001262 -0.002340
v 0.032777 0.001289 -0.002389
v 0.032749 0.001314 -0.002435
v 0.032712 0.001335 -0.002475
v 0.032667 0.001353 -0.002508
v 0.032615 0.001366 -0.002532
v 0.032559 0.001374 -0.002547
v 0.032794 0.001146 -0.002399
v 0.032777 0.001170 -0.002450
v 0.032749 0.001193 -0.002496
v 0.032712 0.001212 -0.002537
v 0.032667 0.001228 -0.002571
v 0.032615 0.001240 -0.002596
v 0.032559 0.001248 -0.002611
v 0.032794 0.001027 -0.002452
v 0.032777 0.001049 -0.002504
v 0.032749 0.001069 -0.002552
v 0.032712 0.001086 -0.002594
v 0.032667 0.001101 -0.002628
v 0.032615 0.001112 -0.002654
v 0.032559 0.001118 -0.002670
v 0.032794 0.000905 -0.002500
v 0.032777 0.000925 -0.002552
v 0.032749 0.000942 -0.002601
v 0.032712 0.000958 -0.002644
v 0.032667 0.000971 -0.002679
v 0.032615 0.000980 -0.002705
v 0.032559 0.000986 -0.002721
v 0.032794 0.000782 -0.002541
v 0.032777 0.000798 -0.002595
v 0.032749 0.000814 -0.002644
v 0.032712 0.000827 -0.002688
v 0.032667 0.000838 -0.002723
v 0.032615 0.000846 -0.002750
v 0.032559 0.000851 -0.002766
v 0.032794 0.000656 -0.002576
v 0.032777 0.000670 -0.002631
v 0.032749 0.000683 -0.002681
v 0.032712 0.000694 -0.002725
v 0.032667 0.000703 -0.002761
v 0.032615 0.000710 -0.002788
v 0.032559 0.000714 -0.002805
v 0.032794 0.000529 -0.002605
v 0.032777 0.000540 -0.002661
v 0.032749 0.000550 -0.002711
v 0.032712 0.000559 -0.002756
v 0.032667 0.000567 -0.002792
v 0.032615 0.000572 -0.002820
v 0.032559 0.000576 -0.002836
v 0.032794 0.000400 -0.002628
v 0.032777 0.000409 -0.002684
v 0.032749 0.000417 -0.002735
v 0.032712 0.000424 -0.002780
v 0.032667 0.000429 -0.002817
v 0.032615 0.000433 -0.002844
v 0.032559 0.000436 -0.002861
v 0.032794 0.000271 -0.002645
v 0.032777 0.000277 -0.002701
v 0.032749 0.000282 -0.002752
v 0.032712 0.000287 -0.002797
v 0.032667 0.000290 -0.002835
v 0.032615 0.000293 -0.002862
v 0.032559 0.000295 -0.002879
v 0.032794 0.000141 -0.002655
v 0.032777 0.000144 -0.002711
v 0.032749 0.000147 -0.002763
v 0.032712 0.000149 -0.002808
v 0.032667 0.000151 -0.002845
v 0.032615 0.000152 -0.002873
v 0.032559 0.000153 -0.002890
v 0.032794 0.000010 -0.002659
v 0.032777 0.000011 -0.002715
v 0.032749 0.000011 -0.002767
v 0.032712 0.000011 -0.002812
v 0.032667 0.000011 -0.002849
v 0.032615 0.000011 -0.002877
v 0.032559 0.000011 -0.002894
v 0.032794 -0.000120 -0.002656
v 0.032777 -0.000123 -0.002712
v 0.032749 -0.000125 -0.002764
v 0.032712 -0.000127 -0.002809
v 0.032667 -0.000129 -0.002847
v 0.032615 -0.000130 -0.002874
v 0.032559 -0.000131 -0.002891
v 0.032794 -0.000250 -0.002647
v 0.032777 -0.000255 -0.002703
v 0.032749 -0.000260 -0.002754
v 0.032712 -0.000265 -0.002800
v 0.032667 -0.000268 -0.002837
v 0.032615 -0.000271 -0.002864
v 0.032559 -0.000272 -0.002881
v 0.032794 -0.000380 -0.002631
v 0.032777 -0.000388 -0.002687
v 0.032749 -0.000395 -0.002738
v 0.032712 -0.000402 -0.002783
v 0.032667 -0.000407 -0.002820
v 0.032615 -0.000411 -0.002848
v 0.032559 -0.000413 -0.002865
v 0.032794 -0.000508 -0.002609
v 0.032777 -0.000519 -0.002665
v 0.032749 -0.000529 -0.002716
v 0.032712 -0.000538 -0.002760
v 0.032667 -0.000545 -0.002797
v 0.032615 -0.000550 -0.002824
v 0.032559 -0.000553 -0.002841
v 0.032794 -0.000636 -0.002581
v 0.032777 -0.000649 -0.002636
v 0.032749 -0.000662 -0.002686
v 0.032712 -0.000673 -0.002731
v 0.032667 -0.000681 -0.002767
v 0.032615 -0.000688 -0.002794
v 0.032559 -0.000692 -0.002810
v 0.032794 -0.000762 -0.002547
v 0.032777 -0.000778 -0.002601
v 0.032749 -0.000793 -0.002651
v 0.032712 -0.000806 -0.002694
v 0.032667 -0.000816 -0.002730
v 0.032615 -0.000824 -0.002757
v 0.032559 -0.000829 -0.002773
v 0.032794 -0.000886 -0.002507
v 0.032777 -0.000905 -0.002560
v 0.032749 -0.000922 -0.002609
v 0.032712 -0.000937 -0.002651
v 0.032667 -0.000949 -0.002687
v 0.032615 -0.000959 -0.002713
v 0.032559 -0.000964 -0.002729
v 0.032794 -0.001008 -0.002460
v 0.032777 -0.001029 -0.002512
v 0.032749 -0.001049 -0.002560
v 0.032712 -0.001066 -0.002602
v 0.032667 -0.001080 -0.002637
v 0.032615 -0.001091 -0.002662
v 0.032559 -0.001097 -0.002678
v 0.032794 -0.001127 -0.002408
v 0.032777 -0.001151 -0.002459
v 0.032749 -0.001173 -0.002506
v 0.032712 -0.001192 -0.002547
v 0.032667 -0.001208 -0.002581
v 0.032615 -0.001220 -0.002606
v 0.032559 -0.001227 -0.002621
v 0.032794 -0.001244 -0.002350
v 0.032777 -0.001270 -0.002399
v 0.032749 -0.001295 -0.002445
v 0.032712 -0.001316 -0.002485
v 0.032667 -0.001333 -0.002518
v 0.032615 -0.001346 -0.002543
v 0.032559 -0.001354 -0.002558
v 0.032794 -0.001468 -0.002216
v 0.032777 -0.001499 -0.002263
v 0.032749 -0.001528 -0.002306
v 0.032712 -0.001553 -0.002344
v 0.032667 -0.001574 -0.002375
v 0.032615 -0.001589 -0.002399
v 0.032559 -0.001598 -0.002413
v 0.032794 -0.001678 -0.002062
v 0.032777 -0.001714 -0.002105
v 0.032749 -0.001747 -0.002146
v 0.032712 -0.001775 -0.002181
v 0.032667 -0.001799 -0.002210
v 0.032615 -0.001816 -0.002231
v 0.032559 -0.001827 -0.002244
v 0.032794 -0.001872 -0.001887
v 0.032777 -0.001912 -0.001927
v 0.032749 -0.001949 -0.001964
v 0.032712 -0.001981 -0.001996
v 0.032667 -0.002007 -0.002023
v 0.032615 -0.002026 -0.002042
v 0.032559 -0.002038 -0.002055
v 0.032794 -0.002048 -0.001695
v 0.032777 -0.002092 -0.001731
v 0.032749 -0.002132 -0.001764
v 0.032712 -0.002167 -0.001793
v 0.032667 -0.002195 -0.001816
v 0.032615 -0.002217 -0.001834
v 0.032559 -0.002230 -0.001845
v 0.032794 -0.002129 -0.001592
v 0.032777 -0.002174 -0.001626
v 0.032749 -0.002216 -0.001657
v 0.032712 -0.002252 -0.001684
v 0.032667 -0.002282 -0.001706
v 0.032615 -0.002304 -0.001723
v 0.032559 -0.002318 -0.001733
v 0.032794 -0.002205 -0.001486
v 0.032777 -0.002251 -0.001517
v 0.032749 -0.002294 -0.001546
v 0.032712 -0.002332 -0.001572
v 0.032667 -0.002363 -0.001592
v 0.032615 -0.002386 -0.001608
v 0.032559 -0.002400 -0.001617
v 0.032794 -0.002275 -0.001376
v 0.032777 -0.002323 -0.001405
v 0.032749 -0.002367 -0.001432
v 0.032712 -0.002406 -0.001455
v 0.032667 -0.002438 -0.001475
v 0.032615 -0.002462 -0.001489
v 0.032559 -0.002477 -0.001498
v 0.032794 -0.002340 -0.001262
v 0.032777 -0.002389 -0.001289
v 0.032749 -0.002435 -0.001314
v 0.032712 -0.002475 -0.001335
v 0.032667 -0.002508 -0.001353
v 0.032615 -0.002532 -0.001366
v 0.032559 -0.002547 -0.001374
v 0.032794 -0.002399 -0.001146
v 0.032777 -0.002450 -0.001170
v 0.032749 -0.002496 -0.001193
v 0.032712 -0.002537 -0.001212
v 0.032667 -0.002571 -0.001228
v 0.032615 -0.002596 -0.001240
v 0.032559 -0.002611 -0.001248
v 0.032794 -0.002452 -0.001027
v 0.032777 -0.002504 -0.001049
v 0.032749 -0.002552 -0.001069
v 0.032712 -0.002594 -0.001086
v 0.032667 -0.002628 -0.001101
v 0.032615 -0.002654 -0.001111
v 0.032559 -0.002670 -0.001118
v 0.032794 -0.002500 -0.000905
v 0.032777 -0.002552 -0.000925
v 0.032749 -0.002601 -0.000942
v 0.032712 -0.002644 -0.000958
v 0.032667 -0.002679 -0.000971
v 0.032615 -0.002705 -0.000980
v 0.032559 -0.002721 -0.000986
v 0.032794 -0.002541 -0.000782
v 0.032777 -0.002595 -0.000798
v 0.032749 -0.002644 -0.000814
v 0.032712 -0.002688 -0.000827
v 0.032667 -0.002723 -0.000838
v 0.032615 -0.002750 -0.000846
v 0.032559 -0.002766 -0.000851
v 0.032794 -0.002576 -0.000656
v 0.032777 -0.002631 -0.000670
v 0.032749 -0.002681 -0.000683
v 0.032712 -0.002725 -0.000694
v 0.032667 -0.002761 -0.000703
v 0.032615 -0.002788 -0.000710
v 0.032559 -0.002805 -0.000714
v 0.032794 -0.002605 -0.000529
v 0.032777 -0.002661 -0.000540
v 0.032749 -0.002711 -0.000550
v 0.032712 -0.002756 -0.000559
v 0.032667 -0.002792 -0.000567
v 0.032615 -0.002820 -0.000572
v 0.032559 -0.002836 -0.000576
v 0.032794 -0.002628 -0.000400
v 0.032777 -0.002684 -0.000409
v 0.032749 -0.002735 -0.000417
v 0.032712 -0.002780 -0.000424
v 0.032667 -0.002817 -0.000429
v 0.032615 -0.002844 -0.000433
v 0.032559 -0.002861 -0.000436
v 0.032794 -0.002645 -0.000271
v 0.032777 -0.002701 -0.000277
v 0.032749 -0.002752 -0.000282
v 0.032712 -0.002797 -0.000287
v 0.032667 -0.002835 -0.000290
v 0.032615 -0.002862 -0.000293
v 0.032559 -0.002879 -0.000295
v 0.032794 -0.002655 -0.000141
v 0.032777 -0.002711 -0.000144
v 0.032749 -0.002763 -0.000147
v 0.032712 -0.002808 -0.000149
v 0.032667 -0.002845 -0.000151
v 0.032615 -0.002873 -0.000152
v 0.032559 -0.002890 -0.000153
v 0.032794 -0.002659 -0.000010
v 0.032777 -0.002715 -0.000011
v 0.032749 -0.002767 -0.000011
v 0.032712 -0.002812 -0.000011
v 0.032667 -0.002849 -0.000011
v 0.032615 -0.002877 -0.000011
v 0.032559 -0.002894 -0.000011
v 0.032794 -0.002656 0.000120
v 0.032777 -0.002712 0.000123
v 0.032749 -0.002764 0.000125
v 0.032712 -0.002809 0.000127
v 0.032667 -0.002847 0.000129
v 0.032615 -0.002874 0.000130
v 0.032559 -0.002891 0.000131
v 0.032794 -0.002647 0.000250
v 0.032777 -0.002703 0.000255
v 0.032749 -0.002754 0.000260
v 0.032712 -0.002800 0.000265
v 0.032667 -0.002837 0.000268
v 0.032615 -0.002864 0.000271
v 0.032559 -0.002881 0.000272
v 0.032794 -0.002631 0.000380
v 0.032777 -0.002687 0.000388
v 0.032749 -0.002738 0.000395
v 0.032712 -0.002783 0.000402
v 0.032667 -0.002820 0.000407
v 0.032615 -0.002848 0.000411
v 0.032559 -0.002865 0.000413
v 0.032794 -0.002609 0.000508
v 0.032777 -0.002665 0.000519
v 0.032749 -0.002716 0.000529
v 0.032712 -0.002760 0.000538
v 0.032667 -0.002797 0.000545
v 0.032615 -0.002824 0.000550
v 0.032559 -0.002841 0.000553
v 0.032794 -0.002581 0.000636
v 0.032777 -0.002636 0.000649
v 0.032749 -0.002686 0.000662
v 0.032712 -0.002731 0.000673
v 0.032667 -0.002767 0.000681
v 0.032615 -0.002794 0.000688
v 0.032559 -0.002810 0.000692
v 0.032794 -0.002547 0.000762
v 0.032777 -0.002601 0.000778
v 0.032749 -0.002651 0.000793
v 0.032712 -0.002694 0.000806
v 0.032667 -0.002730 0.000816
v 0.032615 -0.002757 0.000824
v 0.032559 -0.002773 0.000829
v 0.032794 -0.002507 0.000886
v 0.032777 -0.002560 0.000905
v 0.032749 -0.002609 0.000922
v 0.032712 -0.002651 0.000937
v 0.032667 -0.002687 0.000949
v 0.032615 -0.002713 0.000959
v 0.032559 -0.002729 0.000964
v 0.032794 -0.002460 0.001008
v 0.032777 -0.002512 0.001029
v 0.032749 -0.002560 0.001049
v 0.032712 -0.002602 0.001066
v 0.032667 -0.002637 0.001080
v 0.032615 -0.002662 0.001091
v 0.032559 -0.002678 0.001097
v 0.032794 -0.002408 0.001127
v 0.032777 -0.002459 0.001151
v 0.032749 -0.002506 0.001173
v 0.032712 -0.002547 0.001192
v 0.032667 -0.002581 0.001208
v 0.032615 -0.002606 0.001220
v 0.032559 -0.002621 0.001227
v 0.032794 -0.002350 0.001244
v 0.032777 -0.002399 0.001270
v 0.032749 -0.002445 0.001295
v 0.032712 -0.002485 0.001316
v 0.032667 -0.002518 0.001333
v 0.032615 -0.002543 0.001346
v 0.032559 -0.002558 0.001354
v 0.032794 -0.002216 0.001468
v 0.032777 -0.002263 0.001499
v 0.032749 -0.002306 0.001528
v 0.032712 -0.002344 0.001553
v 0.032667 -0.002375 0.001574
v 0.032615 -0.002399 0.001589
v 0.032559 -0.002413 0.001598
v 0.032800 -0.002016 0.001641
v 0.032500 -0.002249 0.001831
v 0.032765 0.001946 -0.001931
v 0.032749 0.002057 -0.001850
v 0.032777 0.002019 -0.001815
v 0.032765 0.002038 -0.001833
v 0.032732 0.001981 -0.001965
v 0.032712 0.002091 -0.001880
v 0.032732 0.002075 -0.001866
v 0.032690 0.002010 -0.001995
v 0.032667 0.002119 -0.001905
v 0.032690 0.002106 -0.001894
v 0.032641 0.002034 -0.002018
v 0.032615 0.002139 -0.001924
v 0.032641 0.002130 -0.001915
v 0.032587 0.002049 -0.002033
v 0.032559 0.002152 -0.001935
v 0.032587 0.002147 -0.001930
v 0.032529 0.002058 -0.002042
v 0.032529 0.002155 -0.001938
v 0.032765 0.001747 -0.002112
v 0.032749 0.001866 -0.002043
v 0.032777 0.001831 -0.002004
v 0.032765 0.001849 -0.002024
v 0.032732 0.001779 -0.002150
v 0.032712 0.001897 -0.002076
v 0.032732 0.001882 -0.002060
v 0.032690 0.001805 -0.002182
v 0.032667 0.001922 -0.002104
v 0.032690 0.001910 -0.002091
v 0.032641 0.001826 -0.002207
v 0.032615 0.001941 -0.002124
v 0.032641 0.001932 -0.002115
v 0.032587 0.001840 -0.002225
v 0.032559 0.001952 -0.002137
v 0.032587 0.001947 -0.002132
v 0.032529 0.001848 -0.002233
v 0.032529 0.001955 -0.002140
v 0.032765 -0.001514 -0.002285
v 0.032749 -0.001413 -0.002379
v 0.032765 -0.001283 -0.002423
v 0.032777 -0.001387 -0.002334
v 0.032765 -0.001400 -0.002357
v 0.032732 -0.001541 -0.002326
v 0.032712 -0.001436 -0.002418
v 0.032732 -0.001306 -0.002466
v 0.032732 -0.001425 -0.002399
v 0.032690 -0.001564 -0.002361
v 0.032667 -0.001455 -0.002450
v 0.032690 -0.001325 -0.002503
v 0.032690 -0.001446 -0.002435
v 0.032641 -0.001582 -0.002388
v 0.032615 -0.001469 -0.002474
v 0.032641 -0.001340 -0.002532
v 0.032641 -0.001463 -0.002463
v 0.032587 -0.001595 -0.002407
v 0.032559 -0.001478 -0.002488
v 0.032587 -0.001351 -0.002552
v 0.032587 -0.001474 -0.002482
v 0.032529 -0.001601 -0.002416
v 0.032529 -0.001356 -0.002562
v 0.032529 -0.001480 -0.002492
v 0.032765 -0.001731 -0.002126
v 0.032749 -0.001639 -0.002229
v 0.032777 -0.001609 -0.002187
v 0.032765 -0.001624 -0.002208
v 0.032732 -0.001762 -0.002164
v 0.032712 -0.001666 -0.002265
v 0.032732 -0.001653 -0.002248
v 0.032690 -0.001788 -0.002196
v 0.032667 -0.001688 -0.002295
v 0.032690 -0.001678 -0.002281
v 0.032641 -0.001809 -0.002221
v 0.032615 -0.001705 -0.002318
v 0.032641 -0.001697 -0.002308
v 0.032587 -0.001823 -0.002239
v 0.032559 -0.001715 -0.002331
v 0.032587 -0.001711 -0.002326
v 0.032529 -0.001830 -0.002248
v 0.032529 -0.001718 -0.002335
v 0.032765 -0.001931 -0.001946
v 0.032749 -0.001850 -0.002057
v 0.032777 -0.001815 -0.002019
v 0.032765 -0.001833 -0.002038
v 0.032732 -0.001965 -0.001981
v 0.032712 -0.001880 -0.002091
v 0.032732 -0.001866 -0.002075
v 0.032690 -0.001995 -0.002010
v 0.032667 -0.001905 -0.002119
v 0.032690 -0.001894 -0.002106
v 0.032641 -0.002018 -0.002034
v 0.032615 -0.001924 -0.002139
v 0.032641 -0.001915 -0.002130
v 0.032587 -0.002033 -0.002049
v 0.032559 -0.001935 -0.002152
v 0.032587 -0.001930 -0.002147
v 0.032529 -0.002042 -0.002058
v 0.032529 -0.001938 -0.002155
v 0.032765 -0.002112 -0.001747
v 0.032749 -0.002043 -0.001866
v 0.032777 -0.002004 -0.001831
v 0.032765 -0.002024 -0.001849
v 0.032732 -0.002150 -0.001779
v 0.032712 -0.002076 -0.001897
v 0.032732 -0.002060 -0.001882
v 0.032690 -0.002182 -0.001805
v 0.032667 -0.002104 -0.001922
v 0.032690 -0.002091 -0.001910
v 0.032641 -0.002207 -0.001826
v 0.032615 -0.002124 -0.001941
v 0.032641 -0.002115 -0.001932
v 0.032587 -0.002225 -0.001840
v 0.032559 -0.002137 -0.001952
v 0.032587 -0.002132 -0.001947
v 0.032529 -0.002233 -0.001848
v 0.032529 -0.002140 -0.001955
v 0.032765 -0.002285 0.001514
v 0.032749 -0.002379 0.001413
v 0.032765 -0.002423 0.001283
v 0.032777 -0.002334 0.001387
v 0.032765 -0.002357 0.001400
v 0.032732 -0.002326 0.001541
v 0.032712 -0.002418 0.001436
v 0.032732 -0.002466 0.001306
v 0.032732 -0.002399 0.001425
v 0.032690 -0.002361 0.001564
v 0.032667 -0.002450 0.001455
v 0.032690 -0.002503 0.001325
v 0.032690 -0.002435 0.001446
v 0.032641 -0.002388 0.001582
v 0.032615 -0.002474 0.001469
v 0.032641 -0.002532 0.001340
v 0.032641 -0.002463 0.001463
v 0.032587 -0.002407 0.001595
v 0.032559 -0.002488 0.001478
v 0.032587 -0.002552 0.001351
v 0.032587 -0.002482 0.001474
v 0.032529 -0.002416 0.001601
v 0.032529 -0.002562 0.001356
v 0.032529 -0.002492 0.001480
v 0.032749 -0.002229 0.001639
v 0.032777 -0.002187 0.001609
v 0.032765 -0.002208 0.001624
v 0.032712 -0.002265 0.001666
v 0.032732 -0.002248 0.001653
v 0.032667 -0.002295 0.001688
v 0.032690 -0.002281 0.001678
v 0.032615 -0.002318 0.001705
v 0.032641 -0.002308 0.001697
v 0.032559 -0.002331 0.001715
v 0.032587 -0.002326 0.001711
v 0.032529 -0.002335 0.001717
v 0.032500 -0.002324 0.001735
v 0.032500 -0.002394 0.001636
v 0.032500 -0.002461 0.001535
v 0.032500 -0.002523 0.001430
v 0.032500 -0.002580 0.001323
v 0.032500 -0.002634 0.001214
v 0.032500 -0.002682 0.001103
v 0.032500 -0.002726 0.000989
v 0.032500 -0.002765 0.000874
v 0.032500 -0.002799 0.000758
v 0.032500 -0.002828 0.000640
v 0.032500 -0.002853 0.000521
v 0.032500 -0.002872 0.000401
v 0.032500 -0.002886 0.000280
v 0.032500 -0.002896 0.000159
v 0.032500 -0.002900 0.000038
v 0.032500 -0.002899 -0.000084
v 0.032500 -0.002893 -0.000205
v 0.032500 -0.002882 -0.000326
v 0.032500 -0.002865 -0.000446
v 0.032500 -0.002844 -0.000566
v 0.032500 -0.002818 -0.000684
v 0.032500 -0.002787 -0.000802
v 0.032500 -0.002751 -0.000918
v 0.032500 -0.002710 -0.001032
v 0.032500 -0.002664 -0.001145
v 0.032500 -0.002614 -0.001255
v 0.032500 -0.002559 -0.001364
v 0.032500 -0.002500 -0.001470
v 0.032500 -0.002436 -0.001573
v 0.032500 -0.002368 -0.001674
v 0.032500 -0.002296 -0.001771
v 0.032500 -0.002220 -0.001866
v 0.032500 -0.002140 -0.001957
v 0.032500 -0.002056 -0.002045
v 0.032500 -0.001969 -0.002130
v 0.032500 -0.001878 -0.002210
v 0.032500 -0.001783 -0.002287
v 0.032500 -0.001686 -0.002359
v 0.032500 -0.001586 -0.002428
v 0.032500 -0.001483 -0.002492
v 0.032500 -0.001377 -0.002552
v 0.032500 -0.001269 -0.002608
v 0.032500 -0.001159 -0.002658
v 0.032500 -0.001046 -0.002705
v 0.032500 -0.000932 -0.002746
v 0.032500 -0.000816 -0.002783
v 0.032500 -0.000699 -0.002814
v 0.032500 -0.000581 -0.002841
v 0.032500 -0.000461 -0.002863
v 0.032500 -0.000341 -0.002880
v 0.032500 -0.000220 -0.002892
v 0.032500 -0.000099 -0.002898
v 0.032500 0.000023 -0.002900
v 0.032500 0.000144 -0.002896
v 0.032500 0.000265 -0.002888
v 0.032500 0.000386 -0.002874
v 0.032500 0.000506 -0.002855
v 0.032500 0.000625 -0.002832
v 0.032500 0.000743 -0.002803
v 0.032500 0.000860 -0.002770
v 0.032500 0.000975 -0.002731
v 0.032500 0.001089 -0.002688
v 0.032500 0.001200 -0.002640
v 0.032500 0.001310 -0.002587
v 0.032500 0.001417 -0.002530
v 0.032500 0.001522 -0.002469
v 0.032500 0.001624 -0.002403
v 0.032500 0.001723 -0.002333
v 0.032500 0.001819 -0.002258
v 0.032500 0.001912 -0.002180
v 0.032500 0.002002 -0.002098
v 0.032500 0.002088 -0.002013
v 0.032500 0.002170 -0.001923
v 0.032800 0.001937 -0.001734
v 0.032800 0.001854 -0.001823
v 0.032800 0.001766 -0.001908
v 0.032800 0.001675 -0.001989
v 0.032800 0.001580 -0.002065
v 0.032800 0.001481 -0.002137
v 0.032800 0.001380 -0.002204
v 0.032800 0.001275 -0.002266
v 0.032800 0.001167 -0.002323
v 0.032800 0.001057 -0.002375
v 0.032800 0.000944 -0.002422
v 0.032800 0.000830 -0.002464
v 0.032800 0.000713 -0.002500
v 0.032800 0.000595 -0.002531
v 0.032800 0.000476 -0.002556
v 0.032800 0.000356 -0.002576
v 0.032800 0.000235 -0.002589
v 0.032800 0.000113 -0.002598
v 0.032800 -0.000009 -0.002600
v 0.032800 -0.000131 -0.002597
v 0.032800 -0.000252 -0.002588
v 0.032800 -0.000373 -0.002573
v 0.032800 -0.000493 -0.002553
v 0.032800 -0.000613 -0.002527
v 0.032800 -0.000730 -0.002495
v 0.032800 -0.000847 -0.002458
v 0.032800 -0.000961 -0.002416
v 0.032800 -0.001073 -0.002368
v 0.032800 -0.001183 -0.002315
v 0.032800 -0.001290 -0.002257
v 0.032800 -0.001394 -0.002194
v 0.032800 -0.001496 -0.002127
v 0.032800 -0.001594 -0.002054
v 0.032800 -0.001688 -0.001977
v 0.032800 -0.001779 -0.001896
v 0.032800 -0.001866 -0.001810
v 0.032800 -0.001949 -0.001721
v 0.032800 -0.002027 -0.001628
v 0.032800 -0.002101 -0.001531
v 0.032800 -0.002171 -0.001431
v 0.032800 -0.002236 -0.001327
v 0.032800 -0.002295 -0.001221
v 0.032800 -0.002350 -0.001112
v 0.032800 -0.002400 -0.001001
v 0.032800 -0.002444 -0.000887
v 0.032800 -0.002483 -0.000772
v 0.032800 -0.002516 -0.000655
v 0.032800 -0.002544 -0.000536
v 0.032800 -0.002567 -0.000416
v 0.032800 -0.002583 -0.000295
v 0.032800 -0.002594 -0.000174
v 0.032800 -0.002599 -0.000052
v 0.032800 -0.002599 0.000070
v 0.032800 -0.002593 0.000192
v 0.032800 -0.002581 0.000313
v 0.032800 -0.002564 0.000433
v 0.032800 -0.002540 0.000553
v 0.032800 -0.002512 0.000672
v 0.032800 -0.002478 0.000789
v 0.032800 -0.002438 0.000904
v 0.032800 -0.002393 0.001017
v 0.032800 -0.002342 0.001128
v 0.032800 -0.002287 0.001237
v 0.032800 -0.002227 0.001343
v 0.032800 -0.002161 0.001445
v 0.032800 -0.002091 0.001545
v 0.032796 -0.002053 0.001671
v 0.032785 -0.002088 0.001700
v 0.032767 -0.002122 0.001727
v 0.032743 -0.002153 0.001753
v 0.032712 -0.002181 0.001775
v 0.032676 -0.002205 0.001795
v 0.032636 -0.002224 0.001810
v 0.032593 -0.002238 0.001822
v 0.032547 -0.002246 0.001829
v 0.032547 0.002246 -0.001829
v 0.032593 0.002238 -0.001822
v 0.032636 0.002224 -0.001810
v 0.032676 0.002205 -0.001795
v 0.032712 0.002181 -0.001775
v 0.032743 0.002153 -0.001753
v 0.032767 0.002122 -0.001727
v 0.032785 0.002088 -0.001700
v 0.032796 0.002053 -0.001671
v 0.022600 -0.000969 0.000789
v 0.027400 -0.000969 0.000789
v 0.022600 -0.000789 -0.000969
v 0.027400 -0.000789 -0.000969
v 0.022600 0.000969 -0.000789
v 0.027400 0.000969 -0.000789
v 0.022600 -0.001072 0.000643
v 0.022600 -0.001152 0.000484
v 0.022600 -0.001210 0.000315
v 0.022600 -0.001242 0.000140
v 0.022600 -0.001249 -0.000038
v 0.022600 -0.001231 -0.000216
v 0.022600 -0.001188 -0.000389
v 0.022600 -0.001121 -0.000554
v 0.022600 -0.001030 -0.000708
v 0.022600 -0.000919 -0.000847
v 0.022600 -0.000643 -0.001072
v 0.022600 -0.000484 -0.001152
v 0.022600 -0.000315 -0.001210
v 0.022600 -0.000140 -0.001242
v 0.022600 0.000038 -0.001249
v 0.022600 0.000216 -0.001231
v 0.022600 0.000389 -0.001188
v 0.022600 0.000554 -0.001121
v 0.022600 0.000708 -0.001030
v 0.022600 0.000847 -0.000919
v 0.025000 0.000969 -0.000789
v 0.027400 0.000847 -0.000919
v 0.027400 0.000708 -0.001030
v 0.027400 0.000554 -0.001121
v 0.027400 0.000389 -0.001188
v 0.027400 0.000216 -0.001231
v 0.027400 0.000038 -0.001249
v 0.027400 -0.000140 -0.001242
v 0.027400 -0.000315 -0.001210
v 0.027400 -0.000484 -0.001152
v 0.027400 -0.000643 -0.001072
v 0.027400 -0.000919 -0.000847
v 0.027400 -0.001030 -0.000708
v 0.027400 -0.001121 -0.000554
v 0.027400 -0.001188 -0.000389
v 0.027400 -0.001231 -0.000216
v 0.027400 -0.001249 -0.000038
v 0.027400 -0.001242 0.000140
v 0.027400 -0.001210 0.000315
v 0.027400 -0.001152 0.000484
v 0.027400 -0.001072 0.000643
v 0.025000 -0.000969 0.000789
v 0.027400 -0.001163 0.000947
v 0.030400 -0.001163 0.000947
v 0.027400 -0.000947 -0.001163
v 0.030400 -0.000947 -0.001163
v 0.027400 0.001163 -0.000947
v 0.030400 0.001163 -0.000947
v 0.027400 -0.001277 0.000787
v 0.027400 -0.001369 0.000614
v 0.027400 -0.001437 0.000430
v 0.027400 -0.001481 0.000239
v 0.027400 -0.001499 0.000043
v 0.027400 -0.001492 -0.000153
v 0.027400 -0.001459 -0.000346
v 0.027400 -0.001402 -0.000534
v 0.027400 -0.001320 -0.000712
v 0.027400 -0.001216 -0.000879
v 0.027400 -0.001091 -0.001030
v 0.027400 -0.000787 -0.001277
v 0.027400 -0.000614 -0.001369
v 0.027400 -0.000430 -0.001437
v 0.027400 -0.000239 -0.001481
v 0.027400 -0.000043 -0.001499
v 0.027400 0.000153 -0.001492
v 0.027400 0.000346 -0.001459
v 0.027400 0.000534 -0.001402
v 0.027400 0.000712 -0.001320
v 0.027400 0.000879 -0.001216
v 0.027400 0.001030 -0.001091
v 0.028900 0.001163 -0.000947
v 0.030400 0.001030 -0.001091
v 0.030400 0.000879 -0.001216
v 0.030400 0.000712 -0.001320
v 0.030400 0.000534 -0.001402
v 0.030400 0.000346 -0.001459
v 0.030400 0.000153 -0.001492
v 0.030400 -0.000043 -0.001499
v 0.030400 -0.000239 -0.001481
v 0.030400 -0.000430 -0.001437
v 0.030400 -0.000614 -0.001369
v 0.030400 -0.000787 -0.001277
v 0.030400 -0.001091 -0.001030
v 0.030400 -0.001216 -0.000879
v 0.030400 -0.001320 -0.000712
v 0.030400 -0.001402 -0.000534
v 0.030400 -0.001459 -0.000346
v 0.030400 -0.001492 -0.000153
v 0.030400 -0.001499 0.000043
v 0.030400 -0.001481 0.000239
v 0.030400 -0.001437 0.000430
v 0.030400 -0.001369 0.000614
v 0.030400 -0.001277 0.000787
v 0.028900 -0.001163 0.000947
v 0.030400 -0.002249 0.001831
v 0.032500 -0.002249 0.001831
v 0.030400 0.002249 -0.001831
v 0.032500 0.002249 -0.001831
v 0.032500 0.002170 -0.001923
v 0.032500 0.002088 -0.002013
v 0.032500 0.002002 -0.002098
v 0.032500 0.001912 -0.002180
v 0.032500 0.001819 -0.002258
v 0.032500 0.001723 -0.002333
v 0.032500 0.001624 -0.002403
v 0.032500 0.001522 -0.002469
v 0.032500 0.001417 -0.002530
v 0.032500 0.001310 -0.002587
v 0.032500 0.001200 -0.002640
v 0.032500 0.001089 -0.002688
v 0.032500 0.000975 -0.002731
v 0.032500 0.000860 -0.002770
v 0.032500 0.000743 -0.002803
v 0.032500 0.000625 -0.002832
v 0.032500 0.000506 -0.002855
v 0.032500 0.000386 -0.002874
v 0.032500 0.000265 -0.002888
v 0.032500 0.000144 -0.002896
v 0.032500 0.000023 -0.002900
v 0.032500 -0.000099 -0.002898
v 0.032500 -0.000220 -0.002892
v 0.032500 -0.000341 -0.002880
v 0.032500 -0.000461 -0.002863
v 0.032500 -0.000581 -0.002841
v 0.032500 -0.000699 -0.002814
v 0.032500 -0.000816 -0.002783
v 0.032500 -0.000932 -0.002746
v 0.032500 -0.001046 -0.002705
v 0.032500 -0.001159 -0.002658
v 0.032500 -0.001269 -0.002608
v 0.032500 -0.001377 -0.002552
v 0.032500 -0.001483 -0.002492
v 0.032500 -0.001586 -0.002428
v 0.032500 -0.001686 -0.002359
v 0.032500 -0.001783 -0.002287
v 0.032500 -0.001878 -0.002210
v 0.032500 -0.001969 -0.002130
v 0.032500 -0.002056 -0.002045
v 0.032500 -0.002140 -0.001957
v 0.032500 -0.002220 -0.001866
v 0.032500 -0.002296 -0.001771
v 0.032500 -0.002368 -0.001674
v 0.032500 -0.002436 -0.001573
v 0.032500 -0.002500 -0.001470
v 0.032500 -0.002559 -0.001364
v 0.032500 -0.002614 -0.001255
v 0.032500 -0.002664 -0.001145
v 0.032500 -0.002710 -0.001032
v 0.032500 -0.002751 -0.000918
v 0.032500 -0.002787 -0.000802
v 0.032500 -0.002818 -0.000684
v 0.032500 -0.002844 -0.000566
v 0.032500 -0.002865 -0.000446
v 0.032500 -0.002882 -0.000326
v 0.032500 -0.002893 -0.000205
v 0.032500 -0.002899 -0.000084
v 0.032500 -0.002900 0.000038
v 0.032500 -0.002896 0.000159
v 0.032500 -0.002886 0.000280
v 0.032500 -0.002872 0.000401
v 0.032500 -0.002853 0.000521
v 0.032500 -0.002828 0.000640
v 0.032500 -0.002799 0.000758
v 0.032500 -0.002765 0.000874
v 0.032500 -0.002726 0.000989
v 0.032500 -0.002682 0.001103
v 0.032500 -0.002634 0.001214
v 0.032500 -0.002580 0.001323
v 0.032500 -0.002523 0.001430
v 0.032500 -0.002461 0.001535
v 0.032500 -0.002394 0.001636
v 0.032500 -0.002324 0.001735
v 0.030400 -0.002413 0.001609
v 0.030400 -0.002555 0.001372
v 0.030400 -0.002674 0.001123
v 0.030400 -0.002768 0.000864
v 0.030400 -0.002838 0.000597
v 0.030400 -0.002882 0.000324
v 0.030400 -0.002900 0.000049
v 0.030400 -0.002891 -0.000227
v 0.030400 -0.002856 -0.000501
v 0.030400 -0.002796 -0.000770
v 0.030400 -0.002710 -0.001032
v 0.030400 -0.002600 -0.001285
v 0.030400 -0.002466 -0.001526
v 0.030400 -0.002310 -0.001754
v 0.030400 -0.002132 -0.001965
v 0.030400 -0.001936 -0.002159
v 0.030400 -0.001722 -0.002334
v 0.030400 -0.001492 -0.002487
v 0.030400 -0.001249 -0.002617
v 0.030400 -0.000995 -0.002724
v 0.030400 -0.000731 -0.002806
v 0.030400 -0.000461 -0.002863
v 0.030400 -0.000187 -0.002894
v 0.030400 0.000089 -0.002899
v 0.030400 0.000364 -0.002877
v 0.030400 0.000636 -0.002829
v 0.030400 0.000902 -0.002756
v 0.030400 0.001160 -0.002658
v 0.030400 0.001407 -0.002536
v 0.030400 0.001642 -0.002390
v 0.030400 0.001862 -0.002223
v 0.030400 0.002065 -0.002036
v 0.031450 0.002249 -0.001831
v 0.031450 -0.002249 0.001831
v 0.022400 0.000814 -0.000663
v 0.022400 0.000701 -0.000782
v 0.022400 0.000570 -0.000882
v 0.022400 0.000425 -0.000960
v 0.022400 0.000269 -0.001015
v 0.022400 0.000107 -0.001045
v 0.022400 -0.000058 -0.001048
v 0.022400 -0.000221 -0.001026
v 0.022400 -0.000379 -0.000979
v 0.022400 -0.000527 -0.000908
v 0.022400 -0.000663 -0.000814
v 0.022400 -0.000782 -0.000701
v 0.022400 -0.000882 -0.000570
v 0.022400 -0.000960 -0.000425
v 0.022400 -0.001015 -0.000269
v 0.022400 -0.001045 -0.000107
v 0.022400 -0.001048 0.000058
v 0.022400 -0.001026 0.000221
v 0.022400 -0.000979 0.000379
v 0.022400 -0.000908 0.000527
v 0.022400 -0.000814 0.000663
v 0.022400 -0.000701 0.000782
v 0.022400 -0.000570 0.000882
v 0.022400 -0.000425 0.000960
v 0.022400 -0.000269 0.001015
v 0.022400 -0.000107 0.001045
v 0.022400 0.000058 0.001048
v 0.022400 0.000221 0.001026
v 0.022400 0.000379 0.000979
v 0.022400 0.000527 0.000908
v 0.022400 0.000663 0.000814
v 0.022400 0.000782 0.000701
v 0.022400 0.000882 0.000570
v 0.022400 0.000960 0.000425
v 0.022400 0.001015 0.000269
v 0.022400 0.001045 0.000107
v 0.022400 0.001048 -0.000058
v 0.022400 0.001026 -0.000221
v 0.022400 0.000979 -0.000379
v 0.022400 0.000908 -0.000527
v 0.031134 -0.000000 0.000000
v 0.031856 0.001119 -0.000911
v 0.031856 0.001349 0.000514
v 0.031856 0.001349 0.000514
v 0.031134 -0.000000 0.000000
v 0.031856 0.000230 0.001425
v 0.031856 -0.001119 0.000911
v 0.031856 0.000230 0.001425
v 0.031134 -0.000000 0.000000
v 0.031856 -0.001119 0.000911
v 0.031134 -0.000000 0.000000
v 0.031856 -0.001349 -0.000514
v 0.031856 -0.000229 -0.001425
v 0.031856 -0.001349 -0.000514
v 0.031134 -0.000000 0.000000
v 0.031134 -0.000000 0.000000
v 0.031856 -0.000229 -0.001425
v 0.031856 0.001119 -0.000911
v 0.032800 0.001349 0.000514
v 0.031856 0.001349 0.000514
v 0.031856 0.001119 -0.000911
v 0.032800 0.001119 -0.000911
v 0.032800 0.001349 0.000514
v 0.031856 0.001349 0.000514
v 0.032800 0.000230 0.001425
v 0.031856 0.000230 0.001425
v 0.032800 0.000230 0.001425
v 0.031856 0.000230 0.001425
v 0.032800 -0.001119 0.000911
v 0.031856 -0.001119 0.000911
v 0.032800 -0.001119 0.000911
v 0.031856 -0.001119 0.000911
v 0.032800 -0.001349 -0.000514
v 0.031856 -0.001349 -0.000514
v 0.032800 -0.001349 -0.000514
v 0.031856 -0.001349 -0.000514
v 0.031856 -0.000229 -0.001425
v 0.032800 -0.000229 -0.001425
v 0.032800 -0.000229 -0.001425
v 0.031856 -0.000229 -0.001425
v 0.032800 0.001119 -0.000911
v 0.031856 0.001119 -0.000911
v 0.032800 -0.002016 0.001641
v 0.032800 0.002016 -0.001641
v 0.032800 0.001937 -0.001734
v 0.032800 0.001854 -0.001823
v 0.032800 0.001766 -0.001908
v 0.032800 0.001675 -0.001989
v 0.032800 0.001580 -0.002065
v 0.032800 0.001481 -0.002137
v 0.032800 0.001380 -0.002204
v 0.032800 0.001275 -0.002266
v 0.032800 0.001167 -0.002323
v 0.032800 0.001057 -0.002375
v 0.032800 0.000944 -0.002422
v 0.032800 0.000830 -0.002464
v 0.032800 0.000713 -0.002500
v 0.032800 0.000595 -0.002531
v 0.032800 0.000476 -0.002556
v 0.032800 0.000356 -0.002576
v 0.032800 0.000235 -0.002589
v 0.032800 0.000113 -0.002598
v 0.032800 -0.000009 -0.002600
v 0.032800 -0.000131 -0.002597
v 0.032800 -0.000252 -0.002588
v 0.032800 -0.000373 -0.002573
v 0.032800 -0.000493 -0.002553
v 0.032800 -0.000613 -0.002527
v 0.032800 -0.000730 -0.002495
v 0.032800 -0.000847 -0.002458
v 0.032800 -0.000961 -0.002416
v 0.032800 -0.001073 -0.002368
v 0.032800 -0.001183 -0.002315
v 0.032800 -0.001290 -0.002257
v 0.032800 -0.001394 -0.002194
v 0.032800 -0.001496 -0.002127
v 0.032800 -0.001594 -0.002054
v 0.032800 -0.001688 -0.001977
v 0.032800 -0.001779 -0.001896
v 0.032800 -0.001866 -0.001810
v 0.032800 -0.001949 -0.001721
v 0.032800 -0.002027 -0.001628
v 0.032800 -0.002101 -0.001531
v 0.032800 -0.002171 -0.001431
v 0.032800 -0.002236 -0.001327
v 0.032800 -0.002295 -0.001221
v 0.032800 -0.002350 -0.001112
v 0.032800 -0.002400 -0.001001
v 0.032800 -0.002444 -0.000887
v 0.032800 -0.002483 -0.000772
v 0.032800 -0.002516 -0.000655
v 0.032800 -0.002544 -0.000536
v 0.032800 -0.002567 -0.000416
v 0.032800 -0.002583 -0.000295
v 0.032800 -0.002594 -0.000174
v 0.032800 -0.002599 -0.000052
v 0.032800 -0.002599 0.000070
v 0.032800 -0.002593 0.000192
v 0.032800 -0.002581 0.000313
v 0.032800 -0.002564 0.000433
v 0.032800 -0.002540 0.000553
v 0.032800 -0.002512 0.000672
v 0.032800 -0.002478 0.000789
v 0.032800 -0.002438 0.000904
v 0.032800 -0.002393 0.001017
v 0.032800 -0.002342 0.001128
v 0.032800 -0.002287 0.001237
v 0.032800 -0.002227 0.001343
v 0.032800 -0.002161 0.001445
v 0.032800 -0.002091 0.001545
v 0.032800 0.001119 -0.000911
v 0.032800 0.001349 0.000514
v 0.032800 0.000230 0.001425
v 0.032800 -0.001119 0.000911
v 0.032800 -0.001349 -0.000514
v 0.032800 -0.000229 -0.001425
v 0.032800 -0.001937 0.001734
v 0.032800 -0.001854 0.001823
v 0.032800 -0.001766 0.001908
v 0.032800 -0.001675 0.001989
v 0.032800 -0.001580 0.002065
v 0.032800 -0.001481 0.002137
v 0.032800 -0.001380 0.002204
v 0.032800 -0.001275 0.002266
v 0.032800 -0.001167 0.002323
v 0.032800 -0.001057 0.002375
v 0.032800 -0.000944 0.002422
v 0.032800 -0.000830 0.002464
v 0.032800 -0.000713 0.002500
v 0.032800 -0.000595 0.002531
v 0.032800 -0.000476 0.002556
v 0.032800 -0.000356 0.002576
v 0.032800 -0.000235 0.002589
v 0.032800 -0.000113 0.002598
v 0.032800 0.000009 0.002600
v 0.032800 0.000131 0.002597
v 0.032800 0.000252 0.002588
v 0.032800 0.000373 0.002573
v 0.032800 0.000493 0.002553
v 0.032800 0.000613 0.002527
v 0.032800 0.000730 0.002495
v 0.032800 0.000846 0.002458
v 0.032800 0.000961 0.002416
v 0.032800 0.001073 0.002368
v 0.032800 0.001183 0.002315
v 0.032800 0.001290 0.002257
v 0.032800 0.001394 0.002194
v 0.032800 0.001496 0.002127
v 0.032800 0.001594 0.002054
v 0.032800 0.001688 0.001977
v 0.032800 0.001779 0.001896
v 0.032800 0.001866 0.001810
v 0.032800 0.001949 0.001721
v 0.032800 0.002027 0.001628
v 0.032800 0.002101 0.001531
v 0.032800 0.002171 0.001431
v 0.032800 0.002236 0.001327
v 0.032800 0.002295 0.001221
v 0.032800 0.002350 0.001112
v 0.032800 0.002400 0.001001
v 0.032800 0.002444 0.000887
v 0.032800 0.002483 0.000772
v 0.032800 0.002516 0.000655
v 0.032800 0.002544 0.000536
v 0.032800 0.002566 0.000416
v 0.032800 0.002583 0.000295
v 0.032800 0.002594 0.000174
v 0.032800 0.002599 0.000052
v 0.032800 0.002599 -0.000070
v 0.032800 0.002593 -0.000192
v 0.032800 0.002581 -0.000313
v 0.032800 0.002564 -0.000433
v 0.032800 0.002540 -0.000553
v 0.032800 0.002512 -0.000672
v 0.032800 0.002478 -0.000789
v 0.032800 0.002438 -0.000904
v 0.032800 0.002393 -0.001017
v 0.032800 0.002342 -0.001128
v 0.032800 0.002287 -0.001237
v 0.032800 0.002227 -0.001343
v 0.032800 0.002161 -0.001445
v 0.032800 0.002091 -0.001545
v 0.030400 0.002249 -0.001831
v 0.032500 0.002249 -0.001831
v 0.030400 -0.002249 0.001831
v 0.032500 -0.002249 0.001831
v 0.031450 0.002249 -0.001831
v 0.031450 -0.002249 0.001831
v 0.030400 0.002413 -0.001609
v 0.030400 0.002555 -0.001372
v 0.030400 0.002674 -0.001123
v 0.030400 0.002768 -0.000864
v 0.030400 0.002838 -0.000597
v 0.030400 0.002882 -0.000324
v 0.030400 0.002900 -0.000049
v 0.030400 0.002891 0.000227
v 0.030400 0.002856 0.000501
v 0.030400 0.002796 0.000770
v 0.030400 0.002710 0.001032
v 0.030400 0.002600 0.001285
v 0.030400 0.002466 0.001526
v 0.030400 0.002310 0.001754
v 0.030400 0.002132 0.001965
v 0.030400 0.001936 0.002159
v 0.030400 0.001722 0.002334
v 0.030400 0.001492 0.002487
v 0.030400 0.001249 0.002617
v 0.030400 0.000995 0.002724
v 0.030400 0.000731 0.002806
v 0.030400 0.000461 0.002863
v 0.030400 0.000187 0.002894
v 0.030400 -0.000089 0.002899
v 0.030400 -0.000364 0.002877
v 0.030400 -0.000636 0.002829
v 0.030400 -0.000902 0.002756
v 0.030400 -0.001160 0.002658
v 0.030400 -0.001407 0.002536
v 0.030400 -0.001642 0.002390
v 0.030400 -0.001862 0.002223
v 0.030400 -0.002065 0.002036
v 0.032500 -0.002170 0.001923
v 0.032500 -0.002088 0.002013
v 0.032500 -0.002002 0.002098
v 0.032500 -0.001912 0.002180
v 0.032500 -0.001819 0.002258
v 0.032500 -0.001723 0.002333
v 0.032500 -0.001624 0.002403
v 0.032500 -0.001522 0.002469
v 0.032500 -0.001417 0.002530
v 0.032500 -0.001310 0.002587
v 0.032500 -0.001200 0.002640
v 0.032500 -0.001089 0.002688
v 0.032500 -0.000975 0.002731
v 0.032500 -0.000860 0.002770
v 0.032500 -0.000743 0.002803
v 0.032500 -0.000625 0.002832
v 0.032500 -0.000506 0.002855
v 0.032500 -0.000386 0.002874
v 0.032500 -0.000265 0.002888
v 0.032500 -0.000144 0.002896
v 0.032500 -0.000023 0.002900
v 0.032500 0.000099 0.002898
v 0.032500 0.000220 0.002892
v 0.032500 0.000341 0.002880
v 0.032500 0.000461 0.002863
v 0.032500 0.000581 0.002841
v 0.032500 0.000699 0.002814
v 0.032500 0.000816 0.002783
v 0.032500 0.000932 0.002746
v 0.032500 0.001046 0.002705
v 0.032500 0.001159 0.002658
v 0.032500 0.001269 0.002608
v 0.032500 0.001377 0.002552
v 0.032500 0.001483 0.002492
v 0.032500 0.001586 0.002428
v 0.032500 0.001686 0.002359
v 0.032500 0.001783 0.002287
v 0.032500 0.001878 0.002210
v 0.032500 0.001969 0.002130
v 0.032500 0.002056 0.002045
v 0.032500 0.002140 0.001957
v 0.032500 0.002220 0.001866
v 0.032500 0.002296 0.001771
v 0.032500 0.002368 0.001674
v 0.032500 0.002436 0.001573
v 0.032500 0.002500 0.001470
v 0.032500 0.002559 0.001364
v 0.032500 0.002614 0.001255
v 0.032500 0.002664 0.001145
v 0.032500 0.002710 0.001032
v 0.032500 0.002751 0.000918
v 0.032500 0.002787 0.000802
v 0.032500 0.002818 0.000684
v 0.032500 0.002844 0.000566
v 0.032500 0.002865 0.000446
v 0.032500 0.002882 0.000326
v 0.032500 0.002893 0.000205
v 0.032500 0.002899 0.000084
v 0.032500 0.002900 -0.000038
v 0.032500 0.002896 -0.000159
v 0.032500 0.002886 -0.000280
v 0.032500 0.002872 -0.000401
v 0.032500 0.002853 -0.000521
v 0.032500 0.002828 -0.000640
v 0.032500 0.002799 -0.000758
v 0.032500 0.002765 -0.000874
v 0.032500 0.002726 -0.000989
v 0.032500 0.002682 -0.001103
v 0.032500 0.002634 -0.001214
v 0.032500 0.002580 -0.001323
v 0.032500 0.002523 -0.001430
v 0.032500 0.002461 -0.001535
v 0.032500 0.002394 -0.001636
v 0.032500 0.002324 -0.001735
v 0.030400 -0.002249 0.001831
v 0.030400 0.002249 -0.001831
v 0.030400 -0.001163 0.000947
v 0.030400 -0.001277 0.000787
v 0.030400 -0.001369 0.000614
v 0.030400 -0.001437 0.000430
v 0.030400 -0.001481 0.000239
v 0.030400 -0.001499 0.000043
v 0.030400 -0.001492 -0.000153
v 0.030400 -0.001459 -0.000346
v 0.030400 -0.001402 -0.000534
v 0.030400 -0.001320 -0.000712
v 0.030400 -0.001216 -0.000879
v 0.030400 -0.001091 -0.001030
v 0.030400 -0.000947 -0.001163
v 0.030400 -0.000787 -0.001277
v 0.030400 -0.000614 -0.001369
v 0.030400 -0.000430 -0.001437
v 0.030400 -0.000239 -0.001481
v 0.030400 -0.000043 -0.001499
v 0.030400 0.000153 -0.001492
v 0.030400 0.000346 -0.001459
v 0.030400 0.000534 -0.001402
v 0.030400 0.000712 -0.001320
v 0.030400 0.000879 -0.001216
v 0.030400 0.001030 -0.001091
v 0.030400 0.001163 -0.000947
v 0.030400 0.002065 -0.002036
v 0.030400 0.001862 -0.002223
v 0.030400 0.001642 -0.002390
v 0.030400 0.001407 -0.002536
v 0.030400 0.001160 -0.002658
v 0.030400 0.000902 -0.002756
v 0.030400 0.000636 -0.002829
v 0.030400 0.000364 -0.002877
v 0.030400 0.000089 -0.002899
v 0.030400 -0.000187 -0.002894
v 0.030400 -0.000461 -0.002863
v 0.030400 -0.000731 -0.002806
v 0.030400 -0.000995 -0.002724
v 0.030400 -0.001249 -0.002617
v 0.030400 -0.001492 -0.002487
v 0.030400 -0.001722 -0.002334
v 0.030400 -0.001936 -0.002159
v 0.030400 -0.002132 -0.001965
v 0.030400 -0.002310 -0.001754
v 0.030400 -0.002466 -0.001526
v 0.030400 -0.002600 -0.001285
v 0.030400 -0.002710 -0.001032
v 0.030400 -0.002796 -0.000770
v 0.030400 -0.002856 -0.000501
v 0.030400 -0.002891 -0.000227
v 0.030400 -0.002900 0.000049
v 0.030400 -0.002882 0.000324
v 0.030400 -0.002838 0.000597
v 0.030400 -0.002768 0.000864
v 0.030400 -0.002674 0.001123
v 0.030400 -0.002555 0.001372
v 0.030400 -0.002413 0.001609
v 0.030400 -0.002065 0.002036
v 0.030400 -0.001862 0.002223
v 0.030400 -0.001642 0.002390
v 0.030400 -0.001407 0.002536
v 0.030400 -0.001160 0.002658
v 0.030400 -0.000902 0.002756
v 0.030400 -0.000636 0.002829
v 0.030400 -0.000364 0.002877
v 0.030400 -0.000089 0.002899
v 0.030400 0.000187 0.002894
v 0.030400 0.000461 0.002863
v 0.030400 0.000731 0.002806
v 0.030400 0.000995 0.002724
v 0.030400 0.001249 0.002617
v 0.030400 0.001492 0.002487
v 0.030400 0.001722 0.002334
v 0.030400 0.001936 0.002159
v 0.030400 0.002132 0.001965
v 0.030400 0.002310 0.001754
v 0.030400 0.002466 0.001526
v 0.030400 0.002600 0.001285
v 0.030400 0.002710 0.001032
v 0.030400 0.002796 0.000770
v 0.030400 0.002856 0.000501
v 0.030400 0.002891 0.000227
v 0.030400 0.002900 -0.000049
v 0.030400 0.002882 -0.000324
v 0.030400 0.002838 -0.000597
v 0.030400 0.002768 -0.000864
v 0.030400 0.002674 -0.001123
v 0.030400 0.002555 -0.001372
v 0.030400 0.002413 -0.001609
v 0.030400 0.001277 -0.000787
v 0.030400 0.001369 -0.000614
v 0.030400 0.001437 -0.000430
v 0.030400 0.001481 -0.000239
v 0.030400 0.001499 -0.000043
v 0.030400 0.001492 0.000153
v 0.030400 0.001459 0.000346
v 0.030400 0.001402 0.000534
v 0.030400 0.001320 0.000712
v 0.030400 0.001216 0.000879
v 0.030400 0.001091 0.001030
v 0.030400 0.000947 0.001163
v 0.030400 0.000787 0.001277
v 0.030400 0.000614 0.001369
v 0.030400 0.000430 0.001437
v 0.030400 0.000239 0.001481
v 0.030400 0.000043 0.001499
v 0.030400 -0.000153 0.001492
v 0.030400 -0.000346 0.001459
v 0.030400 -0.000534 0.001402
v 0.030400 -0.000712 0.001320
v 0.030400 -0.000879 0.001216
v 0.030400 -0.001030 0.001091
v 0.027400 0.001163 -0.000947
v 0.030400 0.001163 -0.000947
v 0.027400 0.000947 0.001163
v 0.030400 0.000947 0.001163
v 0.027400 -0.001163 0.000947
v 0.030400 -0.001163 0.000947
v 0.028900 0.001163 -0.000947
v 0.028900 -0.001163 0.000947
v 0.027400 0.001277 -0.000787
v 0.027400 0.001369 -0.000614
v 0.027400 0.001437 -0.000430
v 0.027400 0.001481 -0.000239
v 0.027400 0.001499 -0.000043
v 0.027400 0.001492 0.000153
v 0.027400 0.001459 0.000346
v 0.027400 0.001402 0.000534
v 0.027400 0.001320 0.000712
v 0.027400 0.001216 0.000879
v 0.027400 0.001091 0.001030
v 0.027400 0.000787 0.001277
v 0.027400 0.000614 0.001369
v 0.027400 0.000430 0.001437
v 0.027400 0.000239 0.001481
v 0.027400 0.000043 0.001499
v 0.027400 -0.000153 0.001492
v 0.027400 -0.000346 0.001459
v 0.027400 -0.000534 0.001402
v 0.027400 -0.000712 0.001320
v 0.027400 -0.000879 0.001216
v 0.027400 -0.001030 0.001091
v 0.030400 -0.001030 0.001091
v 0.030400 -0.000879 0.001216
v 0.030400 -0.000712 0.001320
v 0.030400 -0.000534 0.001402
v 0.030400 -0.000346 0.001459
v 0.030400 -0.000153 0.001492
v 0.030400 0.000043 0.001499
v 0.030400 0.000239 0.001481
v 0.030400 0.000430 0.001437
v 0.030400 0.000614 0.001369
v 0.030400 0.000787 0.001277
v 0.030400 0.001091 0.001030
v 0.030400 0.001216 0.000879
v 0.030400 0.001320 0.000712
v 0.030400 0.001402 0.000534
v 0.030400 0.001459 0.000346
v 0.030400 0.001492 0.000153
v 0.030400 0.001499 -0.000043
v 0.030400 0.001481 -0.000239
v 0.030400 0.001437 -0.000430
v 0.030400 0.001369 -0.000614
v 0.030400 0.001277 -0.000787
v 0.027400 -0.001163 0.000947
v 0.027400 0.001163 -0.000947
v 0.027400 -0.000969 0.000789
v 0.027400 -0.001072 0.000643
v 0.027400 -0.001152 0.000484
v 0.027400 -0.001210 0.000315
v 0.027400 -0.001242 0.000140
v 0.027400 -0.001249 -0.000038
v 0.027400 -0.001231 -0.000216
v 0.027400 -0.001188 -0.000389
v 0.027400 -0.001121 -0.000554
v 0.027400 -0.001030 -0.000708
v 0.027400 -0.000919 -0.000847
v 0.027400 -0.000789 -0.000969
v 0.027400 -0.000643 -0.001072
v 0.027400 -0.000484 -0.001152
v 0.027400 -0.000315 -0.001210
v 0.027400 -0.000140 -0.001242
v 0.027400 0.000038 -0.001249
v 0.027400 0.000216 -0.001231
v 0.027400 0.000389 -0.001188
v 0.027400 0.000554 -0.001121
v 0.027400 0.000708 -0.001030
v 0.027400 0.000847 -0.000919
v 0.027400 0.000969 -0.000789
v 0.027400 0.001030 -0.001091
v 0.027400 0.000879 -0.001216
v 0.027400 0.000712 -0.001320
v 0.027400 0.000534 -0.001402
v 0.027400 0.000346 -0.001459
v 0.027400 0.000153 -0.001492
v 0.027400 -0.000043 -0.001499
v 0.027400 -0.000239 -0.001481
v 0.027400 -0.000430 -0.001437
v 0.027400 -0.000614 -0.001369
v 0.027400 -0.000787 -0.001277
v 0.027400 -0.000947 -0.001163
v 0.027400 -0.001091 -0.001030
v 0.027400 -0.001216 -0.000879
v 0.027400 -0.001320 -0.000712
v 0.027400 -0.001402 -0.000534
v 0.027400 -0.001459 -0.000346
v 0.027400 -0.001492 -0.000153
v 0.027400 -0.001499 0.000043
v 0.027400 -0.001481 0.000239
v 0.027400 -0.001437 0.000430
v 0.027400 -0.001369 0.000614
v 0.027400 -0.001277 0.000787
v 0.027400 -0.001030 0.001091
v 0.027400 -0.000879 0.001216
v 0.027400 -0.000712 0.001320
v 0.027400 -0.000534 0.001402
v 0.027400 -0.000346 0.001459
v 0.027400 -0.000153 0.001492
v 0.027400 0.000043 0.001499
v 0.027400 0.000239 0.001481
v 0.027400 0.000430 0.001437
v 0.027400 0.000614 0.001369
v 0.027400 0.000787 0.001277
v 0.027400 0.000947 0.001163
v 0.027400 0.001091 0.001030
v 0.027400 0.001216 0.000879
v 0.027400 0.001320 0.000712
v 0.027400 0.001402 0.000534
v 0.027400 0.001459 0.000346
v 0.027400 0.001492 0.000153
v 0.027400 0.001499 -0.000043
v 0.027400 0.001481 -0.000239
v 0.027400 0.001437 -0.000430
v 0.027400 0.001369 -0.000614
v 0.027400 0.001277 -0.000787
v 0.027400 0.001072 -0.000643
v 0.027400 0.001152 -0.000484
v 0.027400 0.001210 -0.000315
v 0.027400 0.001242 -0.000140
v 0.027400 0.001249 0.000038
v 0.027400 0.001231 0.000216
v 0.027400 0.001188 0.000389
v 0.027400 0.001121 0.000554
v 0.027400 0.001030 0.000708
v 0.027400 0.000919 0.000847
v 0.027400 0.000789 0.000969
v 0.027400 0.000643 0.001072
v 0.027400 0.000484 0.001152
v 0.027400 0.000315 0.001210
v 0.027400 0.000140 0.001242
v 0.027400 -0.000038 0.001249
v 0.027400 -0.000216 0.001231
v 0.027400 -0.000389 0.001188
v 0.027400 -0.000554 0.001121
v 0.027400 -0.000708 0.001030
v 0.027400 -0.000847 0.000919
v 0.022600 0.000969 -0.000789
v 0.027400 0.000969 -0.000789
v 0.022600 0.000789 0.000969
v 0.027400 0.000789 0.000969
v 0.022600 -0.000969 0.000789
v 0.027400 -0.000969 0.000789
v 0.025000 0.000969 -0.000789
v 0.025000 -0.000969 0.000789
v 0.022600 0.001072 -0.000643
v 0.022600 0.001152 -0.000484
v 0.022600 0.001210 -0.000315
v 0.022600 0.001242 -0.000140
v 0.022600 0.001249 0.000038
v 0.022600 0.001231 0.000216
v 0.022600 0.001188 0.000389
v 0.022600 0.001121 0.000554
v 0.022600 0.001030 0.000708
v 0.022600 0.000919 0.000847
v 0.022600 0.000643 0.001072
v 0.022600 0.000484 0.001152
v 0.022600 0.000315 0.001210
v 0.022600 0.000140 0.001242
v 0.022600 -0.000038 0.001249
v 0.022600 -0.000216 0.001231
v 0.022600 -0.000389 0.001188
v 0.022600 -0.000554 0.001121
v 0.022600 -0.000708 0.001030
v 0.022600 -0.000847 0.000919
v 0.027400 -0.000847 0.000919
v 0.027400 -0.000708 0.001030
v 0.027400 -0.000554 0.001121
v 0.027400 -0.000389 0.001188
v 0.027400 -0.000216 0.001231
v 0.027400 -0.000038 0.001249
v 0.027400 0.000140 0.001242
v 0.027400 0.000315 0.001210
v 0.027400 0.000484 0.001152
v 0.027400 0.000643 0.001072
v 0.027400 0.000919 0.000847
v 0.027400 0.001030 0.000708
v 0.027400 0.001121 0.000554
v 0.027400 0.001188 0.000389
v 0.027400 0.001231 0.000216
v 0.027400 0.001249 0.000038
v 0.027400 0.001242 -0.000140
v 0.027400 0.001210 -0.000315
v 0.027400 0.001152 -0.000484
v 0.027400 0.001072 -0.000643
v 0.032500 -0.002249 0.001831
v 0.032794 -0.001887 0.001872
v 0.032777 -0.001927 0.001912
v 0.032749 -0.001964 0.001949
v 0.032712 -0.001996 0.001981
v 0.032667 -0.002023 0.002007
v 0.032615 -0.002042 0.002026
v 0.032559 -0.002055 0.002038
v 0.032794 -0.001695 0.002048
v 0.032777 -0.001731 0.002092
v 0.032749 -0.001764 0.002132
v 0.032712 -0.001793 0.002167
v 0.032667 -0.001816 0.002196
v 0.032615 -0.001834 0.002217
v 0.032559 -0.001845 0.002230
v 0.032794 -0.001592 0.002129
v 0.032777 -0.001626 0.002174
v 0.032749 -0.001657 0.002216
v 0.032712 -0.001684 0.002252
v 0.032667 -0.001706 0.002282
v 0.032615 -0.001723 0.002304
v 0.032559 -0.001733 0.002318
v 0.032794 -0.001486 0.002205
v 0.032777 -0.001517 0.002251
v 0.032749 -0.001546 0.002294
v 0.032712 -0.001572 0.002332
v 0.032667 -0.001592 0.002363
v 0.032615 -0.001608 0.002386
v 0.032559 -0.001617 0.002400
v 0.032794 -0.001376 0.002275
v 0.032777 -0.001405 0.002323
v 0.032749 -0.001432 0.002367
v 0.032712 -0.001455 0.002406
v 0.032667 -0.001475 0.002438
v 0.032615 -0.001489 0.002462
v 0.032559 -0.001498 0.002477
v 0.032794 -0.001262 0.002340
v 0.032777 -0.001289 0.002389
v 0.032749 -0.001314 0.002435
v 0.032712 -0.001335 0.002475
v 0.032667 -0.001353 0.002508
v 0.032615 -0.001366 0.002532
v 0.032559 -0.001374 0.002547
v 0.032794 -0.001146 0.002399
v 0.032777 -0.001170 0.002450
v 0.032749 -0.001193 0.002496
v 0.032712 -0.001212 0.002537
v 0.032667 -0.001228 0.002571
v 0.032615 -0.001240 0.002596
v 0.032559 -0.001248 0.002611
v 0.032794 -0.001027 0.002452
v 0.032777 -0.001049 0.002504
v 0.032749 -0.001069 0.002552
v 0.032712 -0.001086 0.002594
v 0.032667 -0.001101 0.002628
v 0.032615 -0.001111 0.002654
v 0.032559 -0.001118 0.002670
v 0.032794 -0.000905 0.002500
v 0.032777 -0.000925 0.002552
v 0.032749 -0.000942 0.002601
v 0.032712 -0.000958 0.002644
v 0.032667 -0.000970 0.002679
v 0.032615 -0.000980 0.002705
v 0.032559 -0.000986 0.002721
v 0.032794 -0.000782 0.002541
v 0.032777 -0.000798 0.002595
v 0.032749 -0.000814 0.002644
v 0.032712 -0.000827 0.002688
v 0.032667 -0.000838 0.002723
v 0.032615 -0.000846 0.002750
v 0.032559 -0.000851 0.002766
v 0.032794 -0.000656 0.002576
v 0.032777 -0.000670 0.002631
v 0.032749 -0.000683 0.002681
v 0.032712 -0.000694 0.002725
v 0.032667 -0.000703 0.002761
v 0.032615 -0.000710 0.002788
v 0.032559 -0.000714 0.002805
v 0.032794 -0.000529 0.002605
v 0.032777 -0.000540 0.002661
v 0.032749 -0.000550 0.002711
v 0.032712 -0.000559 0.002756
v 0.032667 -0.000567 0.002792
v 0.032615 -0.000572 0.002820
v 0.032559 -0.000576 0.002836
v 0.032794 -0.000400 0.002628
v 0.032777 -0.000409 0.002684
v 0.032749 -0.000417 0.002735
v 0.032712 -0.000424 0.002780
v 0.032667 -0.000429 0.002817
v 0.032615 -0.000433 0.002844
v 0.032559 -0.000436 0.002861
v 0.032794 -0.000271 0.002645
v 0.032777 -0.000277 0.002701
v 0.032749 -0.000282 0.002752
v 0.032712 -0.000287 0.002797
v 0.032667 -0.000290 0.002835
v 0.032615 -0.000293 0.002862
v 0.032559 -0.000295 0.002879
v 0.032794 -0.000141 0.002655
v 0.032777 -0.000144 0.002711
v 0.032749 -0.000147 0.002763
v 0.032712 -0.000149 0.002808
v 0.032667 -0.000151 0.002845
v 0.032615 -0.000153 0.002873
v 0.032559 -0.000153 0.002890
v 0.032794 -0.000010 0.002659
v 0.032777 -0.000011 0.002715
v 0.032749 -0.000011 0.002767
v 0.032712 -0.000011 0.002812
v 0.032667 -0.000011 0.002849
v 0.032615 -0.000011 0.002877
v 0.032559 -0.000011 0.002894
v 0.032794 0.000120 0.002656
v 0.032777 0.000123 0.002712
v 0.032749 0.000125 0.002764
v 0.032712 0.000127 0.002809
v 0.032667 0.000129 0.002847
v 0.032615 0.000130 0.002874
v 0.032559 0.000131 0.002891
v 0.032794 0.000250 0.002647
v 0.032777 0.000255 0.002703
v 0.032749 0.000260 0.002754
v 0.032712 0.000265 0.002800
v 0.032667 0.000268 0.002837
v 0.032615 0.000271 0.002864
v 0.032559 0.000272 0.002881
v 0.032794 0.000380 0.002631
v 0.032777 0.000388 0.002687
v 0.032749 0.000395 0.002738
v 0.032712 0.000402 0.002783
v 0.032667 0.000407 0.002820
v 0.032615 0.000411 0.002848
v 0.032559 0.000413 0.002865
v 0.032794 0.000508 0.002609
v 0.032777 0.000519 0.002665
v 0.032749 0.000529 0.002716
v 0.032712 0.000538 0.002760
v 0.032667 0.000545 0.002797
v 0.032615 0.000550 0.002824
v 0.032559 0.000553 0.002841
v 0.032794 0.000636 0.002581
v 0.032777 0.000649 0.002636
v 0.032749 0.000662 0.002686
v 0.032712 0.000673 0.002731
v 0.032667 0.000681 0.002767
v 0.032615 0.000688 0.002794
v 0.032559 0.000692 0.002810
v 0.032794 0.000762 0.002547
v 0.032777 0.000778 0.002601
v 0.032749 0.000793 0.002651
v 0.032712 0.000806 0.002694
v 0.032667 0.000816 0.002730
v 0.032615 0.000824 0.002757
v 0.032559 0.000829 0.002773
v 0.032794 0.000886 0.002507
v 0.032777 0.000905 0.002560
v 0.032749 0.000922 0.002609
v 0.032712 0.000937 0.002651
v 0.032667 0.000949 0.002687
v 0.032615 0.000959 0.002713
v 0.032559 0.000964 0.002729
v 0.032794 0.001008 0.002460
v 0.032777 0.001029 0.002512
v 0.032749 0.001049 0.002560
v 0.032712 0.001066 0.002602
v 0.032667 0.001080 0.002637
v 0.032615 0.001091 0.002662
v 0.032559 0.001097 0.002678
v 0.032794 0.001127 0.002408
v 0.032777 0.001151 0.002459
v 0.032749 0.001173 0.002506
v 0.032712 0.001192 0.002547
v 0.032667 0.001208 0.002581
v 0.032615 0.001220 0.002606
v 0.032559 0.001227 0.002621
v 0.032794 0.001244 0.002350
v 0.032777 0.001270 0.002399
v 0.032749 0.001295 0.002445
v 0.032712 0.001316 0.002485
v 0.032667 0.001333 0.002518
v 0.032615 0.001346 0.002543
v 0.032559 0.001354 0.002558
v 0.032794 0.001468 0.002216
v 0.032777 0.001499 0.002263
v 0.032749 0.001528 0.002306
v 0.032712 0.001553 0.002344
v 0.032667 0.001574 0.002375
v 0.032615 0.001589 0.002399
v 0.032559 0.001598 0.002413
v 0.032794 0.001678 0.002062
v 0.032777 0.001714 0.002105
v 0.032749 0.001747 0.002146
v 0.032712 0.001775 0.002181
v 0.032667 0.001799 0.002210
v 0.032615 0.001816 0.002231
v 0.032559 0.001827 0.002244
v 0.032794 0.001872 0.001887
v 0.032777 0.001912 0.001927
v 0.032749 0.001949 0.001964
v 0.032712 0.001981 0.001996
v 0.032667 0.002007 0.002023
v 0.032615 0.002026 0.002042
v 0.032559 0.002038 0.002055
v 0.032794 0.002048 0.001695
v 0.032777 0.002092 0.001731
v 0.032749 0.002132 0.001764
v 0.032712 0.002167 0.001793
v 0.032667 0.002196 0.001816
v 0.032615 0.002217 0.001834
v 0.032559 0.002230 0.001845
v 0.032794 0.002129 0.001592
v 0.032777 0.002174 0.001626
v 0.032749 0.002216 0.001657
v 0.032712 0.002252 0.001684
v 0.032667 0.002282 0.001706
v 0.032615 0.002304 0.001723
v 0.032559 0.002318 0.001733
v 0.032794 0.002205 0.001486
v 0.032777 0.002251 0.001517
v 0.032749 0.002294 0.001546
v 0.032712 0.002332 0.001572
v 0.032667 0.002363 0.001592
v 0.032615 0.002386 0.001608
v 0.032559 0.002400 0.001617
v 0.032794 0.002275 0.001376
v 0.032777 0.002323 0.001405
v 0.032749 0.002367 0.001432
v 0.032712 0.002406 0.001455
v 0.032667 0.002438 0.001475
v 0.032615 0.002462 0.001489
v 0.032559 0.002477 0.001498
v 0.032794 0.002340 0.001262
v 0.032777 0.002389 0.001289
v 0.032749 0.002435 0.001314
v 0.032712 0.002475 0.001335
v 0.032667 0.002508 0.001353
v 0.032615 0.002532 0.001366
v 0.032559 0.002547 0.001374
v 0.032794 0.002399 0.001146
v 0.032777 0.002450 0.001170
v 0.032749 0.002496 0.001193
v 0.032712 0.002537 0.001212
v 0.032667 0.002571 0.001228
v 0.032615 0.002596 0.001240
v 0.032559 0.002611 0.001248
v 0.032794 0.002452 0.001027
v 0.032777 0.002504 0.001049
v 0.032749 0.002552 0.001069
v 0.032712 0.002594 0.001086
v 0.032667 0.002628 0.001101
v 0.032615 0.002654 0.001111
v 0.032559 0.002670 0.001118
v 0.032794 0.002500 0.000905
v 0.032777 0.002552 0.000925
v 0.032749 0.002601 0.000942
v 0.032712 0.002644 0.000958
v 0.032667 0.002679 0.000971
v 0.032615 0.002705 0.000980
v 0.032559 0.002721 0.000986
v 0.032794 0.002541 0.000782
v 0.032777 0.002595 0.000798
v 0.032749 0.002644 0.000814
v 0.032712 0.002688 0.000827
v 0.032667 0.002723 0.000838
v 0.032615 0.002750 0.000846
v 0.032559 0.002766 0.000851
v 0.032794 0.002576 0.000656
v 0.032777 0.002631 0.000670
v 0.032749 0.002681 0.000683
v 0.032712 0.002725 0.000694
v 0.032667 0.002761 0.000703
v 0.032615 0.002788 0.000710
v 0.032559 0.002805 0.000714
v 0.032794 0.002605 0.000529
v 0.032777 0.002661 0.000540
v 0.032749 0.002711 0.000550
v 0.032712 0.002756 0.000559
v 0.032667 0.002792 0.000567
v 0.032615 0.002820 0.000572
v 0.032559 0.002836 0.000576
v 0.032794 0.002628 0.000400
v 0.032777 0.002684 0.000409
v 0.032749 0.002735 0.000417
v 0.032712 0.002780 0.000424
v 0.032667 0.002817 0.000429
v 0.032615 0.002844 0.000433
v 0.032559 0.002861 0.000436
v 0.032794 0.002645 0.000271
v 0.032777 0.002701 0.000277
v 0.032749 0.002752 0.000282
v 0.032712 0.002797 0.000287
v 0.032667 0.002835 0.000290
v 0.032615 0.002862 0.000293
v 0.032559 0.002879 0.000295
v 0.032794 0.002655 0.000141
v 0.032777 0.002711 0.000144
v 0.032749 0.002763 0.000147
v 0.032712 0.002808 0.000149
v 0.032667 0.002845 0.000151
v 0.032615 0.002873 0.000152
v 0.032559 0.002890 0.000153
v 0.032794 0.002659 0.000010
v 0.032777 0.002715 0.000011
v 0.032749 0.002767 0.000011
v 0.032712 0.002812 0.000011
v 0.032667 0.002849 0.000011
v 0.032615 0.002877 0.000011
v 0.032559 0.002894 0.000011
v 0.032794 0.002656 -0.000120
v 0.032777 0.002712 -0.000123
v 0.032749 0.002764 -0.000125
v 0.032712 0.002809 -0.000127
v 0.032667 0.002847 -0.000129
v 0.032615 0.002874 -0.000130
v 0.032559 0.002891 -0.000131
v 0.032794 0.002647 -0.000250
v 0.032777 0.002703 -0.000255
v 0.032749 0.002754 -0.000260
v 0.032712 0.002800 -0.000265
v 0.032667 0.002837 -0.000268
v 0.032615 0.002864 -0.000271
v 0.032559 0.002881 -0.000272
v 0.032794 0.002631 -0.000380
v 0.032777 0.002687 -0.000388
v 0.032749 0.002738 -0.000395
v 0.032712 0.002783 -0.000402
v 0.032667 0.002820 -0.000407
v 0.032615 0.002848 -0.000411
v 0.032559 0.002865 -0.000413
v 0.032794 0.002609 -0.000508
v 0.032777 0.002665 -0.000519
v 0.032749 0.002716 -0.000529
v 0.032712 0.002760 -0.000538
v 0.032667 0.002797 -0.000545
v 0.032615 0.002824 -0.000550
v 0.032559 0.002841 -0.000553
v 0.032794 0.002581 -0.000636
v 0.032777 0.002636 -0.000649
v 0.032749 0.002686 -0.000662
v 0.032712 0.002731 -0.000673
v 0.032667 0.002767 -0.000681
v 0.032615 0.002794 -0.000688
v 0.032559 0.002810 -0.000692
v 0.032794 0.002547 -0.000762
v 0.032777 0.002601 -0.000778
v 0.032749 0.002651 -0.000793
v 0.032712 0.002694 -0.000806
v 0.032667 0.002730 -0.000816
v 0.032615 0.002757 -0.000824
v 0.032559 0.002773 -0.000829
v 0.032794 0.002507 -0.000886
v 0.032777 0.002560 -0.000905
v 0.032749 0.002609 -0.000922
v 0.032712 0.002651 -0.000937
v 0.032667 0.002687 -0.000949
v 0.032615 0.002713 -0.000959
v 0.032559 0.002729 -0.000964
v 0.032794 0.002460 -0.001008
v 0.032777 0.002512 -0.001029
v 0.032749 0.002560 -0.001049
v 0.032712 0.002602 -0.001066
v 0.032667 0.002637 -0.001080
v 0.032615 0.002662 -0.001091
v 0.032559 0.002678 -0.001097
v 0.032794 0.002408 -0.001127
v 0.032777 0.002459 -0.001151
v 0.032749 0.002506 -0.001173
v 0.032712 0.002547 -0.001192
v 0.032667 0.002581 -0.001208
v 0.032615 0.002606 -0.001220
v 0.032559 0.002621 -0.001227
v 0.032794 0.002350 -0.001244
v 0.032777 0.002399 -0.001270
v 0.032749 0.002445 -0.001295
v 0.032712 0.002485 -0.001316
v 0.032667 0.002518 -0.001333
v 0.032615 0.002543 -0.001346
v 0.032559 0.002558 -0.001354
v 0.032794 0.002216 -0.001468
v 0.032777 0.002263 -0.001499
v 0.032749 0.002306 -0.001528
v 0.032712 0.002344 -0.001553
v 0.032667 0.002375 -0.001574
v 0.032615 0.002399 -0.001589
v 0.032559 0.002413 -0.001598
v 0.032800 0.002016 -0.001641
v 0.032500 0.002249 -0.001831
v 0.032765 -0.001946 0.001931
v 0.032749 -0.002057 0.001850
v 0.032777 -0.002019 0.001815
v 0.032765 -0.002038 0.001833
v 0.032732 -0.001981 0.001965
v 0.032712 -0.002091 0.001880
v 0.032732 -0.002075 0.001866
v 0.032690 -0.002010 0.001995
v 0.032667 -0.002119 0.001905
v 0.032690 -0.002106 0.001894
v 0.032641 -0.002034 0.002018
v 0.032615 -0.002139 0.001924
v 0.032641 -0.002130 0.001915
v 0.032587 -0.002050 0.002033
v 0.032559 -0.002152 0.001935
v 0.032587 -0.002147 0.001930
v 0.032529 -0.002058 0.002042
v 0.032529 -0.002155 0.001938
v 0.032765 -0.001747 0.002112
v 0.032749 -0.001866 0.002043
v 0.032777 -0.001831 0.002004
v 0.032765 -0.001849 0.002024
v 0.032732 -0.001779 0.002150
v 0.032712 -0.001897 0.002076
v 0.032732 -0.001882 0.002060
v 0.032690 -0.001805 0.002182
v 0.032667 -0.001922 0.002104
v 0.032690 -0.001910 0.002091
v 0.032641 -0.001826 0.002207
v 0.032615 -0.001941 0.002124
v 0.032641 -0.001932 0.002115
v 0.032587 -0.001840 0.002225
v 0.032559 -0.001952 0.002137
v 0.032587 -0.001947 0.002132
v 0.032529 -0.001848 0.002233
v 0.032529 -0.001955 0.002140
v 0.032765 0.001514 0.002285
v 0.032749 0.001413 0.002379
v 0.032765 0.001283 0.002423
v 0.032777 0.001387 0.002334
v 0.032765 0.001400 0.002357
v 0.032732 0.001541 0.002326
v 0.032712 0.001436 0.002418
v 0.032732 0.001306 0.002466
v 0.032732 0.001425 0.002399
v 0.032690 0.001564 0.002361
v 0.032667 0.001455 0.002450
v 0.032690 0.001325 0.002503
v 0.032690 0.001446 0.002435
v 0.032641 0.001582 0.002388
v 0.032615 0.001469 0.002474
v 0.032641 0.001340 0.002532
v 0.032641 0.001463 0.002463
v 0.032587 0.001595 0.002407
v 0.032559 0.001478 0.002488
v 0.032587 0.001351 0.002552
v 0.032587 0.001474 0.002482
v 0.032529 0.001601 0.002416
v 0.032529 0.001356 0.002562
v 0.032529 0.001480 0.002492
v 0.032765 0.001731 0.002126
v 0.032749 0.001639 0.002229
v 0.032777 0.001609 0.002187
v 0.032765 0.001624 0.002208
v 0.032732 0.001762 0.002164
v 0.032712 0.001666 0.002265
v 0.032732 0.001653 0.002248
v 0.032690 0.001788 0.002196
v 0.032667 0.001688 0.002295
v 0.032690 0.001678 0.002281
v 0.032641 0.001809 0.002221
v 0.032615 0.001705 0.002318
v 0.032641 0.001697 0.002308
v 0.032587 0.001823 0.002239
v 0.032559 0.001715 0.002331
v 0.032587 0.001711 0.002326
v 0.032529 0.001830 0.002248
v 0.032529 0.001717 0.002335
v 0.032765 0.001931 0.001946
v 0.032749 0.001850 0.002057
v 0.032777 0.001815 0.002019
v 0.032765 0.001833 0.002038
v 0.032732 0.001965 0.001981
v 0.032712 0.001880 0.002091
v 0.032732 0.001866 0.002075
v 0.032690 0.001995 0.002010
v 0.032667 0.001905 0.002119
v 0.032690 0.001894 0.002106
v 0.032641 0.002018 0.002034
v 0.032615 0.001924 0.002139
v 0.032641 0.001915 0.002130
v 0.032587 0.002033 0.002049
v 0.032559 0.001935 0.002152
v 0.032587 0.001930 0.002147
v 0.032529 0.002041 0.002058
v 0.032529 0.001938 0.002155
v 0.032765 0.002112 0.001747
v 0.032749 0.002043 0.001866
v 0.032777 0.002004 0.001831
v 0.032765 0.002024 0.001849
v 0.032732 0.002150 0.001779
v 0.032712 0.002076 0.001897
v 0.032732 0.002060 0.001882
v 0.032690 0.002182 0.001805
v 0.032667 0.002104 0.001922
v 0.032690 0.002091 0.001910
v 0.032641 0.002207 0.001826
v 0.032615 0.002124 0.001941
v 0.032641 0.002115 0.001932
v 0.032587 0.002225 0.001840
v 0.032559 0.002137 0.001952
v 0.032587 0.002132 0.001947
v 0.032529 0.002233 0.001848
v 0.032529 0.002140 0.001955
v 0.032765 0.002285 -0.001514
v 0.032749 0.002379 -0.001413
v 0.032765 0.002423 -0.001283
v 0.032777 0.002334 -0.001387
v 0.032765 0.002357 -0.001400
v 0.032732 0.002326 -0.001541
v 0.032712 0.002418 -0.001436
v 0.032732 0.002466 -0.001306
v 0.032732 0.002399 -0.001425
v 0.032690 0.002361 -0.001564
v 0.032667 0.002450 -0.001455
v 0.032690 0.002503 -0.001325
v 0.032690 0.002435 -0.001446
v 0.032641 0.002388 -0.001582
v 0.032615 0.002474 -0.001469
v 0.032641 0.002532 -0.001340
v 0.032641 0.002463 -0.001463
v 0.032587 0.002407 -0.001595
v 0.032559 0.002488 -0.001478
v 0.032587 0.002552 -0.001351
v 0.032587 0.002482 -0.001474
v 0.032529 0.002416 -0.001601
v 0.032529 0.002562 -0.001356
v 0.032529 0.002492 -0.001480
v 0.032749 0.002229 -0.001639
v 0.032777 0.002187 -0.001609
v 0.032765 0.002208 -0.001624
v 0.032712 0.002265 -0.001666
v 0.032732 0.002248 -0.001653
v 0.032667 0.002295 -0.001688
v 0.032690 0.002281 -0.001678
v 0.032615 0.002318 -0.001705
v 0.032641 0.002308 -0.001697
v 0.032559 0.002331 -0.001715
v 0.032587 0.002326 -0.001711
v 0.032529 0.002335 -0.001717
v 0.032547 -0.002246 0.001829
v 0.032593 -0.002238 0.001822
v 0.032636 -0.002224 0.001810
v 0.032676 -0.002205 0.001795
v 0.032712 -0.002181 0.001775
v 0.032743 -0.002153 0.001753
v 0.032767 -0.002122 0.001727
v 0.032785 -0.002088 0.001700
v 0.032796 -0.002053 0.001671
v 0.032796 0.002053 -0.001671
v 0.032785 0.002088 -0.001700
v 0.032767 0.002122 -0.001727
v 0.032743 0.002153 -0.001753
v 0.032712 0.002181 -0.001775
v 0.032676 0.002205 -0.001795
v 0.032636 0.002224 -0.001810
v 0.032593 0.002238 -0.001822
v 0.032547 0.002246 -0.001829
v 0.032500 0.002324 -0.001735
v 0.032500 0.002394 -0.001636
v 0.032500 0.002461 -0.001535
v 0.032500 0.002523 -0.001430
v 0.032500 0.002580 -0.001323
v 0.032500 0.002634 -0.001214
v 0.032500 0.002682 -0.001103
v 0.032500 0.002726 -0.000989
v 0.032500 0.002765 -0.000874
v 0.032500 0.002799 -0.000758
v 0.032500 0.002828 -0.000640
v 0.032500 0.002853 -0.000521
v 0.032500 0.002872 -0.000401
v 0.032500 0.002886 -0.000280
v 0.032500 0.002896 -0.000159
v 0.032500 0.002900 -0.000038
v 0.032500 0.002899 0.000084
v 0.032500 0.002893 0.000205
v 0.032500 0.002882 0.000326
v 0.032500 0.002865 0.000446
v 0.032500 0.002844 0.000566
v 0.032500 0.002818 0.000684
v 0.032500 0.002787 0.000802
v 0.032500 0.002751 0.000918
v 0.032500 0.002710 0.001032
v 0.032500 0.002664 0.001145
v 0.032500 0.002614 0.001255
v 0.032500 0.002559 0.001364
v 0.032500 0.002500 0.001470
v 0.032500 0.002436 0.001573
v 0.032500 0.002368 0.001674
v 0.032500 0.002296 0.001771
v 0.032500 0.002220 0.001866
v 0.032500 0.002140 0.001957
v 0.032500 0.002056 0.002045
v 0.032500 0.001969 0.002130
v 0.032500 0.001878 0.002210
v 0.032500 0.001783 0.002287
v 0.032500 0.001686 0.002359
v 0.032500 0.001586 0.002428
v 0.032500 0.001483 0.002492
v 0.032500 0.001377 0.002552
v 0.032500 0.001269 0.002608
v 0.032500 0.001159 0.002658
v 0.032500 0.001046 0.002705
v 0.032500 0.000932 0.002746
v 0.032500 0.000816 0.002783
v 0.032500 0.000699 0.002814
v 0.032500 0.000581 0.002841
v 0.032500 0.000461 0.002863
v 0.032500 0.000341 0.002880
v 0.032500 0.000220 0.002892
v 0.032500 0.000099 0.002898
v 0.032500 -0.000023 0.002900
v 0.032500 -0.000144 0.002896
v 0.032500 -0.000265 0.002888
v 0.032500 -0.000386 0.002874
v 0.032500 -0.000506 0.002855
v 0.032500 -0.000625 0.002832
v 0.032500 -0.000743 0.002803
v 0.032500 -0.000860 0.002770
v 0.032500 -0.000975 0.002731
v 0.032500 -0.001089 0.002688
v 0.032500 -0.001200 0.002640
v 0.032500 -0.001310 0.002587
v 0.032500 -0.001417 0.002530
v 0.032500 -0.001522 0.002469
v 0.032500 -0.001624 0.002403
v 0.032500 -0.001723 0.002333
v 0.032500 -0.001819 0.002258
v 0.032500 -0.001912 0.002180
v 0.032500 -0.002002 0.002098
v 0.032500 -0.002088 0.002013
v 0.032500 -0.002170 0.001923
v 0.032800 -0.002016 0.001641
v 0.032800 -0.001937 0.001734
v 0.032800 -0.001854 0.001823
v 0.032800 -0.001766 0.001908
v 0.032800 -0.001675 0.001989
v 0.032800 -0.001580 0.002065
v 0.032800 -0.001481 0.002137
v 0.032800 -0.001380 0.002204
v 0.032800 -0.001275 0.002266
v 0.032800 -0.001167 0.002323
v 0.032800 -0.001057 0.002375
v 0.032800 -0.000944 0.002422
v 0.032800 -0.000830 0.002464
v 0.032800 -0.000713 0.002500
v 0.032800 -0.000595 0.002531
v 0.032800 -0.000476 0.002556
v 0.032800 -0.000356 0.002576
v 0.032800 -0.000235 0.002589
v 0.032800 -0.000113 0.002598
v 0.032800 0.000009 0.002600
v 0.032800 0.000131 0.002597
v 0.032800 0.000252 0.002588
v 0.032800 0.000373 0.002573
v 0.032800 0.000493 0.002553
v 0.032800 0.000613 0.002527
v 0.032800 0.000730 0.002495
v 0.032800 0.000846 0.002458
v 0.032800 0.000961 0.002416
v 0.032800 0.001073 0.002368
v 0.032800 0.001183 0.002315
v 0.032800 0.001290 0.002257
v 0.032800 0.001394 0.002194
v 0.032800 0.001496 0.002127
v 0.032800 0.001594 0.002054
v 0.032800 0.001688 0.001977
v 0.032800 0.001779 0.001896
v 0.032800 0.001866 0.001810
v 0.032800 0.001949 0.001721
v 0.032800 0.002027 0.001628
v 0.032800 0.002101 0.001531
v 0.032800 0.002171 0.001431
v 0.032800 0.002236 0.001327
v 0.032800 0.002295 0.001221
v 0.032800 0.002350 0.001112
v 0.032800 0.002400 0.001001
v 0.032800 0.002444 0.000887
v 0.032800 0.002483 0.000772
v 0.032800 0.002516 0.000655
v 0.032800 0.002544 0.000536
v 0.032800 0.002566 0.000416
v 0.032800 0.002583 0.000295
v 0.032800 0.002594 0.000174
v 0.032800 0.002599 0.000052
v 0.032800 0.002599 -0.000070
v 0.032800 0.002593 -0.000192
v 0.032800 0.002581 -0.000313
v 0.032800 0.002564 -0.000433
v 0.032800 0.002540 -0.000553
v 0.032800 0.002512 -0.000672
v 0.032800 0.002478 -0.000789
v 0.032800 0.002438 -0.000904
v 0.032800 0.002393 -0.001017
v 0.032800 0.002342 -0.001128
v 0.032800 0.002287 -0.001237
v 0.032800 0.002227 -0.001343
v 0.032800 0.002161 -0.001445
v 0.032800 0.002091 -0.001545
v 0.022400 0.000814 -0.000663
v 0.022600 0.000969 -0.000789
v 0.022400 -0.000814 0.000663
v 0.022600 -0.000969 0.000789
v 0.022500 0.000892 -0.000726
v 0.022500 -0.000892 0.000726
v 0.022600 -0.000847 0.000919
v 0.022600 -0.000708 0.001030
v 0.022600 -0.000554 0.001121
v 0.022600 -0.000389 0.001188
v 0.022600 -0.000216 0.001231
v 0.022600 -0.000038 0.001249
v 0.022600 0.000140 0.001242
v 0.022600 0.000315 0.001210
v 0.022600 0.000484 0.001152
v 0.022600 0.000643 0.001072
v 0.022600 0.000789 0.000969
v 0.022600 0.000919 0.000847
v 0.022600 0.001030 0.000708
v 0.022600 0.001121 0.000554
v 0.022600 0.001188 0.000389
v 0.022600 0.001231 0.000216
v 0.022600 0.001249 0.000038
v 0.022600 0.001242 -0.000140
v 0.022600 0.001210 -0.000315
v 0.022600 0.001152 -0.000484
v 0.022600 0.001072 -0.000643
v 0.022400 0.000908 -0.000527
v 0.022400 0.000979 -0.000379
v 0.022400 0.001026 -0.000221
v 0.022400 0.001048 -0.000058
v 0.022400 0.001045 0.000107
v 0.022400 0.001015 0.000269
v 0.022400 0.000960 0.000425
v 0.022400 0.000882 0.000570
v 0.022400 0.000782 0.000701
v 0.022400 0.000663 0.000814
v 0.022400 0.000527 0.000908
v 0.022400 0.000379 0.000979
v 0.022400 0.000221 0.001026
v 0.022400 0.000058 0.001048
v 0.022400 -0.000107 0.001045
v 0.022400 -0.000269 0.001015
v 0.022400 -0.000425 0.000960
v 0.022400 -0.000570 0.000882
v 0.022400 -0.000701 0.000782
v 0.040025 0.018738 0.002737
v 0.040025 0.019262 -0.002737
v 0.040093 0.018915 0.002742
v 0.040093 0.019103 0.002742
v 0.040093 0.019303 0.002727
v 0.040093 0.019513 0.002695
v 0.040093 0.019734 0.002644
v 0.040093 0.019847 0.002610
v 0.040093 0.019961 0.002570
v 0.040093 0.020078 0.002523
v 0.040093 0.020195 0.002470
v 0.040093 0.020312 0.002410
v 0.040093 0.020429 0.002342
v 0.040093 0.020546 0.002267
v 0.040093 0.020661 0.002184
v 0.040093 0.020775 0.002092
v 0.040093 0.020886 0.001993
v 0.040093 0.020993 0.001886
v 0.040093 0.021096 0.001770
v 0.040093 0.021194 0.001647
v 0.040093 0.021287 0.001516
v 0.040093 0.021372 0.001378
v 0.040093 0.021451 0.001233
v 0.040093 0.021521 0.001083
v 0.040093 0.021583 0.000926
v 0.040093 0.021635 0.000765
v 0.040093 0.021677 0.000600
v 0.040093 0.021710 0.000432
v 0.040093 0.021731 0.000262
v 0.040093 0.021742 0.000091
v 0.040093 0.021743 -0.000080
v 0.040093 0.021732 -0.000250
v 0.040093 0.021712 -0.000419
v 0.040093 0.021681 -0.000584
v 0.040093 0.021641 -0.000745
v 0.040093 0.021591 -0.000902
v 0.040093 0.021533 -0.001054
v 0.040093 0.021467 -0.001200
v 0.040093 0.021394 -0.001340
v 0.040093 0.021315 -0.001473
v 0.040093 0.021230 -0.001599
v 0.040093 0.021140 -0.001717
v 0.040093 0.021046 -0.001828
v 0.040093 0.020948 -0.001932
v 0.040093 0.020848 -0.002028
v 0.040093 0.020746 -0.002117
v 0.040093 0.020642 -0.002198
v 0.040093 0.020537 -0.002273
v 0.040093 0.020432 -0.002340
v 0.040093 0.020327 -0.002401
v 0.040093 0.020222 -0.002456
v 0.040093 0.020016 -0.002549
v 0.040093 0.019815 -0.002620
v 0.040093 0.019622 -0.002672
v 0.040093 0.019437 -0.002709
v 0.040163 0.018915 0.002722
v 0.040163 0.019102 0.002722
v 0.040163 0.019301 0.002707
v 0.040163 0.019510 0.002676
v 0.040163 0.019728 0.002625
v 0.040163 0.019840 0.002591
v 0.040163 0.019954 0.002551
v 0.040163 0.020070 0.002505
v 0.040163 0.020186 0.002452
v 0.040163 0.020302 0.002392
v 0.040163 0.020419 0.002325
v 0.040163 0.020535 0.002250
v 0.040163 0.020649 0.002168
v 0.040163 0.020762 0.002077
v 0.040163 0.020872 0.001979
v 0.040163 0.020978 0.001872
v 0.040163 0.021081 0.001757
v 0.040163 0.021178 0.001635
v 0.040163 0.021270 0.001505
v 0.040163 0.021355 0.001368
v 0.040163 0.021433 0.001224
v 0.040163 0.021503 0.001075
v 0.040163 0.021564 0.000919
v 0.040163 0.021616 0.000759
v 0.040163 0.021658 0.000595
v 0.040163 0.021690 0.000429
v 0.040163 0.021711 0.000260
v 0.040163 0.021722 0.000090
v 0.040163 0.021722 -0.000080
v 0.040163 0.021712 -0.000249
v 0.040163 0.021692 -0.000415
v 0.040163 0.021661 -0.000580
v 0.040163 0.021621 -0.000740
v 0.040163 0.021572 -0.000896
v 0.040163 0.021515 -0.001047
v 0.040163 0.021449 -0.001191
v 0.040163 0.021377 -0.001330
v 0.040163 0.021298 -0.001462
v 0.040163 0.021214 -0.001587
v 0.040163 0.021124 -0.001705
v 0.040163 0.021031 -0.001815
v 0.040163 0.020934 -0.001918
v 0.040163 0.020835 -0.002013
v 0.040163 0.020733 -0.002101
v 0.040163 0.020630 -0.002182
v 0.040163 0.020526 -0.002256
v 0.040163 0.020422 -0.002323
v 0.040163 0.020317 -0.002384
v 0.040163 0.020214 -0.002438
v 0.040163 0.020009 -0.002530
v 0.040163 0.019809 -0.002601
v 0.040163 0.019618 -0.002653
v 0.040163 0.019434 -0.002689
v 0.040230 0.018916 0.002688
v 0.040230 0.019101 0.002687
v 0.040230 0.019297 0.002672
v 0.040230 0.019503 0.002641
v 0.040230 0.019719 0.002591
v 0.040230 0.019830 0.002558
v 0.040230 0.019942 0.002518
v 0.040230 0.020056 0.002473
v 0.040230 0.020171 0.002421
v 0.040230 0.020286 0.002362
v 0.040230 0.020401 0.002295
v 0.040230 0.020515 0.002221
v 0.040230 0.020628 0.002140
v 0.040230 0.020739 0.002051
v 0.040230 0.020848 0.001953
v 0.040230 0.020953 0.001848
v 0.040230 0.021054 0.001735
v 0.040230 0.021150 0.001614
v 0.040230 0.021241 0.001486
v 0.040230 0.021325 0.001351
v 0.040230 0.021402 0.001209
v 0.040230 0.021471 0.001061
v 0.040230 0.021531 0.000908
v 0.040230 0.021582 0.000750
v 0.040230 0.021624 0.000588
v 0.040230 0.021655 0.000423
v 0.040230 0.021677 0.000257
v 0.040230 0.021687 0.000089
v 0.040230 0.021688 -0.000079
v 0.040230 0.021678 -0.000245
v 0.040230 0.021657 -0.000410
v 0.040230 0.021627 -0.000572
v 0.040230 0.021588 -0.000730
v 0.040230 0.021539 -0.000884
v 0.040230 0.021482 -0.001033
v 0.040230 0.021418 -0.001176
v 0.040230 0.021346 -0.001313
v 0.040230 0.021269 -0.001443
v 0.040230 0.021185 -0.001567
v 0.040230 0.021097 -0.001683
v 0.040230 0.021005 -0.001792
v 0.040230 0.020909 -0.001893
v 0.040230 0.020811 -0.001987
v 0.040230 0.020711 -0.002074
v 0.040230 0.020609 -0.002154
v 0.040230 0.020507 -0.002227
v 0.040230 0.020404 -0.002293
v 0.040230 0.020301 -0.002353
v 0.040230 0.020198 -0.002407
v 0.040230 0.019996 -0.002498
v 0.040230 0.019799 -0.002567
v 0.040230 0.019610 -0.002619
v 0.040230 0.019429 -0.002654
v 0.040290 0.018748 0.002628
v 0.040290 0.018918 0.002639
v 0.040290 0.019099 0.002638
v 0.040290 0.019291 0.002624
v 0.040290 0.019494 0.002594
v 0.040290 0.019706 0.002544
v 0.040290 0.019815 0.002511
v 0.040290 0.019925 0.002473
v 0.040290 0.020037 0.002428
v 0.040290 0.020149 0.002377
v 0.040290 0.020262 0.002319
v 0.040290 0.020375 0.002254
v 0.040290 0.020488 0.002181
v 0.040290 0.020599 0.002101
v 0.040290 0.020708 0.002013
v 0.040290 0.020814 0.001918
v 0.040290 0.020918 0.001815
v 0.040290 0.021017 0.001704
v 0.040290 0.021111 0.001585
v 0.040290 0.021200 0.001459
v 0.040290 0.021283 0.001326
v 0.040290 0.021358 0.001187
v 0.040290 0.021426 0.001042
v 0.040290 0.021485 0.000891
v 0.040290 0.021535 0.000736
v 0.040290 0.021576 0.000577
v 0.040290 0.021607 0.000416
v 0.040290 0.021628 0.000252
v 0.040290 0.021639 0.000087
v 0.040290 0.021639 -0.000077
v 0.040290 0.021629 -0.000241
v 0.040290 0.021609 -0.000403
v 0.040290 0.021580 -0.000562
v 0.040290 0.021541 -0.000717
v 0.040290 0.021493 -0.000868
v 0.040290 0.021437 -0.001014
v 0.040290 0.021374 -0.001155
v 0.040290 0.021304 -0.001289
v 0.040290 0.021228 -0.001417
v 0.040290 0.021146 -0.001538
v 0.040290 0.021059 -0.001652
v 0.040290 0.020969 -0.001759
v 0.040290 0.020875 -0.001859
v 0.040290 0.020778 -0.001951
v 0.040290 0.020680 -0.002037
v 0.040290 0.020580 -0.002115
v 0.040290 0.020479 -0.002187
v 0.040290 0.020378 -0.002252
v 0.040290 0.020277 -0.002311
v 0.040290 0.020176 -0.002364
v 0.040290 0.019978 -0.002452
v 0.040290 0.019785 -0.002521
v 0.040290 0.019599 -0.002571
v 0.040290 0.019421 -0.002606
v 0.040339 0.018920 0.002579
v 0.040339 0.019097 0.002578
v 0.040339 0.019285 0.002564
v 0.040339 0.019483 0.002535
v 0.040339 0.019690 0.002486
v 0.040339 0.019796 0.002454
v 0.040339 0.019904 0.002417
v 0.040339 0.020013 0.002373
v 0.040339 0.020123 0.002323
v 0.040339 0.020234 0.002266
v 0.040339 0.020344 0.002202
v 0.040339 0.020454 0.002132
v 0.040339 0.020562 0.002053
v 0.040339 0.020669 0.001968
v 0.040339 0.020773 0.001874
v 0.040339 0.020874 0.001773
v 0.040339 0.020971 0.001665
v 0.040339 0.021064 0.001549
v 0.040339 0.021150 0.001426
v 0.040339 0.021231 0.001296
v 0.040339 0.021305 0.001160
v 0.040339 0.021371 0.001018
v 0.040339 0.021429 0.000871
v 0.040339 0.021478 0.000719
v 0.040339 0.021518 0.000564
v 0.040339 0.021548 0.000406
v 0.040339 0.021568 0.000246
v 0.040339 0.021579 0.000085
v 0.040339 0.021579 -0.000075
v 0.040339 0.021569 -0.000235
v 0.040339 0.021550 -0.000394
v 0.040339 0.021521 -0.000549
v 0.040339 0.021483 -0.000701
v 0.040339 0.021437 -0.000849
v 0.040339 0.021382 -0.000991
v 0.040339 0.021320 -0.001129
v 0.040339 0.021252 -0.001260
v 0.040339 0.021177 -0.001385
v 0.040339 0.021097 -0.001503
v 0.040339 0.021012 -0.001615
v 0.040339 0.020924 -0.001719
v 0.040339 0.020832 -0.001817
v 0.040339 0.020738 -0.001907
v 0.040339 0.020642 -0.001990
v 0.040339 0.020544 -0.002067
v 0.040339 0.020446 -0.002137
v 0.040339 0.020347 -0.002201
v 0.040339 0.020248 -0.002258
v 0.040339 0.020150 -0.002310
v 0.040339 0.019956 -0.002397
v 0.040339 0.019767 -0.002464
v 0.040339 0.019585 -0.002513
v 0.040339 0.019411 -0.002547
v 0.040374 0.018922 0.002512
v 0.040374 0.019094 0.002511
v 0.040374 0.019277 0.002498
v 0.040374 0.019470 0.002469
v 0.040374 0.019672 0.002422
v 0.040374 0.019775 0.002390
v 0.040374 0.019881 0.002354
v 0.040374 0.019987 0.002311
v 0.040374 0.020094 0.002262
v 0.040374 0.020202 0.002207
v 0.040374 0.020309 0.002145
v 0.040374 0.020416 0.002076
v 0.040374 0.020522 0.002000
v 0.040374 0.020626 0.001916
v 0.040374 0.020727 0.001826
v 0.040374 0.020825 0.001727
v 0.040374 0.020920 0.001622
v 0.040374 0.021010 0.001509
v 0.040374 0.021094 0.001389
v 0.040374 0.021173 0.001262
v 0.040374 0.021245 0.001130
v 0.040374 0.021309 0.000992
v 0.040374 0.021366 0.000848
v 0.040374 0.021413 0.000701
v 0.040374 0.021452 0.000549
v 0.040374 0.021482 0.000396
v 0.040374 0.021502 0.000240
v 0.040374 0.021512 0.000083
v 0.040374 0.021512 -0.000074
v 0.040374 0.021503 -0.000229
v 0.040374 0.021484 -0.000383
v 0.040374 0.021456 -0.000535
v 0.040374 0.021419 -0.000683
v 0.040374 0.021373 -0.000827
v 0.040374 0.021320 -0.000966
v 0.040374 0.021260 -0.001099
v 0.040374 0.021193 -0.001227
v 0.040374 0.021120 -0.001349
v 0.040374 0.021042 -0.001464
v 0.040374 0.020960 -0.001573
v 0.040374 0.020874 -0.001674
v 0.040374 0.020785 -0.001769
v 0.040374 0.020693 -0.001857
v 0.040374 0.020599 -0.001939
v 0.040374 0.020504 -0.002013
v 0.040374 0.020408 -0.002082
v 0.040374 0.020312 -0.002144
v 0.040374 0.020216 -0.002200
v 0.040374 0.020120 -0.002250
v 0.040374 0.019931 -0.002334
v 0.040374 0.019747 -0.002399
v 0.040374 0.019570 -0.002448
v 0.040374 0.019401 -0.002481
v 0.040394 0.018924 0.002442
v 0.040394 0.019092 0.002442
v 0.040394 0.019270 0.002428
v 0.040394 0.019457 0.002400
v 0.040394 0.019653 0.002354
v 0.040394 0.019754 0.002324
v 0.040394 0.019856 0.002288
v 0.040394 0.019960 0.002247
v 0.040394 0.020064 0.002200
v 0.040394 0.020168 0.002146
v 0.040394 0.020273 0.002086
v 0.040394 0.020377 0.002018
v 0.040394 0.020479 0.001944
v 0.040394 0.020580 0.001863
v 0.040394 0.020679 0.001775
v 0.040394 0.020775 0.001679
v 0.040394 0.020867 0.001576
v 0.040394 0.020954 0.001467
v 0.040394 0.021036 0.001350
v 0.040394 0.021113 0.001227
v 0.040394 0.021182 0.001098
v 0.040394 0.021245 0.000964
v 0.040394 0.021300 0.000825
v 0.040394 0.021346 0.000681
v 0.040394 0.021384 0.000534
v 0.040394 0.021413 0.000385
v 0.040394 0.021432 0.000233
v 0.040394 0.021442 0.000081
v 0.040394 0.021442 -0.000071
v 0.040394 0.021433 -0.000223
v 0.040394 0.021415 -0.000373
v 0.040394 0.021387 -0.000520
v 0.040394 0.021351 -0.000664
v 0.040394 0.021307 -0.000804
v 0.040394 0.021256 -0.000939
v 0.040394 0.021197 -0.001069
v 0.040394 0.021132 -0.001193
v 0.040394 0.021061 -0.001311
v 0.040394 0.020986 -0.001424
v 0.040394 0.020906 -0.001529
v 0.040394 0.020822 -0.001628
v 0.040394 0.020735 -0.001720
v 0.040394 0.020646 -0.001806
v 0.040394 0.020555 -0.001885
v 0.040394 0.020462 -0.001957
v 0.040394 0.020369 -0.002024
v 0.040394 0.020275 -0.002084
v 0.040394 0.020182 -0.002138
v 0.040394 0.020089 -0.002187
v 0.040394 0.019905 -0.002270
v 0.040394 0.019726 -0.002333
v 0.040394 0.019554 -0.002380
v 0.040394 0.019389 -0.002412
v 0.040400 0.018773 0.002364
v 0.040400 0.018926 0.002374
v 0.040400 0.019089 0.002373
v 0.040400 0.019262 0.002360
v 0.040400 0.019444 0.002333
v 0.040400 0.019635 0.002289
v 0.040400 0.019733 0.002259
v 0.040400 0.019832 0.002224
v 0.040400 0.019933 0.002184
v 0.040400 0.020034 0.002138
v 0.040400 0.020136 0.002086
v 0.040400 0.020237 0.002027
v 0.040400 0.020338 0.001962
v 0.040400 0.020438 0.001890
v 0.040400 0.020536 0.001811
v 0.040400 0.020632 0.001725
v 0.040400 0.020725 0.001632
v 0.040400 0.020814 0.001532
v 0.040400 0.020899 0.001426
v 0.040400 0.020979 0.001313
v 0.040400 0.021054 0.001193
v 0.040400 0.021121 0.001068
v 0.040400 0.021182 0.000937
v 0.040400 0.021236 0.000802
v 0.040400 0.021281 0.000662
v 0.040400 0.021318 0.000519
v 0.040400 0.021345 0.000374
v 0.040400 0.021364 0.000227
v 0.040400 0.021374 0.000079
v 0.040400 0.021374 -0.000069
v 0.040400 0.021365 -0.000217
v 0.040400 0.021347 -0.000362
v 0.040400 0.021321 -0.000505
v 0.040400 0.021286 -0.000645
v 0.040400 0.021243 -0.000781
v 0.040400 0.021193 -0.000913
v 0.040400 0.021136 -0.001039
v 0.040400 0.021073 -0.001160
v 0.040400 0.021004 -0.001275
v 0.040400 0.020930 -0.001384
v 0.040400 0.020852 -0.001486
v 0.040400 0.020771 -0.001582
v 0.040400 0.020687 -0.001672
v 0.040400 0.020600 -0.001755
v 0.040400 0.020511 -0.001832
v 0.040400 0.020421 -0.001903
v 0.040400 0.020331 -0.001967
v 0.040400 0.020240 -0.002026
v 0.040400 0.020149 -0.002079
v 0.040400 0.020058 -0.002126
v 0.040400 0.019880 -0.002206
v 0.040400 0.019706 -0.002268
v 0.040400 0.019538 -0.002313
v 0.040400 0.019379 -0.002345
v 0.040400 0.019227 -0.002364
v 0.040084 0.018738 0.002733
v 0.040141 0.018739 0.002719
v 0.040195 0.018741 0.002697
v 0.040245 0.018744 0.002666
v 0.040328 0.018752 0.002584
v 0.040359 0.018757 0.002534
v 0.040382 0.018762 0.002480
v 0.040395 0.018768 0.002423
v 0.040395 0.019232 -0.002423
v 0.040382 0.019238 -0.002480
v 0.040359 0.019243 -0.002534
v 0.040328 0.019248 -0.002584
v 0.040290 0.019252 -0.002628
v 0.040245 0.019256 -0.002666
v 0.040195 0.019259 -0.002697
v 0.040141 0.019261 -0.002719
v 0.040084 0.019262 -0.002733
v 0.040025 0.019380 -0.002724
v 0.040025 0.019497 -0.002705
v 0.040025 0.019613 -0.002681
v 0.040025 0.019727 -0.002652
v 0.040025 0.019841 -0.002618
v 0.040025 0.019953 -0.002580
v 0.040025 0.020063 -0.002536
v 0.040025 0.020171 -0.002488
v 0.040025 0.020277 -0.002436
v 0.040025 0.020381 -0.002378
v 0.040025 0.020482 -0.002317
v 0.040025 0.020580 -0.002251
v 0.040025 0.020675 -0.002181
v 0.040025 0.020768 -0.002107
v 0.040025 0.020857 -0.002029
v 0.040025 0.020942 -0.001947
v 0.040025 0.021024 -0.001862
v 0.040025 0.021102 -0.001773
v 0.040025 0.021177 -0.001681
v 0.040025 0.021247 -0.001586
v 0.040025 0.021313 -0.001487
v 0.040025 0.021375 -0.001387
v 0.040025 0.021432 -0.001283
v 0.040025 0.021485 -0.001177
v 0.040025 0.021534 -0.001069
v 0.040025 0.021577 -0.000959
v 0.040025 0.021616 -0.000847
v 0.040025 0.021650 -0.000734
v 0.040025 0.021679 -0.000619
v 0.040025 0.021704 -0.000504
v 0.040025 0.021723 -0.000387
v 0.040025 0.021737 -0.000269
v 0.040025 0.021746 -0.000151
v 0.040025 0.021750 -0.000033
v 0.040025 0.021749 0.000085
v 0.040025 0.021742 0.000203
v 0.040025 0.021731 0.000321
v 0.040025 0.021715 0.000438
v 0.040025 0.021693 0.000555
v 0.040025 0.021667 0.000670
v 0.040025 0.021636 0.000784
v 0.040025 0.021600 0.000897
v 0.040025 0.021559 0.001008
v 0.040025 0.021513 0.001117
v 0.040025 0.021462 0.001224
v 0.040025 0.021407 0.001329
v 0.040025 0.021348 0.001431
v 0.040025 0.021284 0.001531
v 0.040025 0.021216 0.001628
v 0.040025 0.021144 0.001722
v 0.040025 0.021068 0.001812
v 0.040025 0.020988 0.001900
v 0.040025 0.020905 0.001984
v 0.040025 0.020818 0.002064
v 0.040025 0.020727 0.002140
v 0.040025 0.020634 0.002212
v 0.040025 0.020537 0.002281
v 0.040025 0.020437 0.002345
v 0.040025 0.020335 0.002404
v 0.040025 0.020230 0.002459
v 0.040025 0.020123 0.002510
v 0.040025 0.020014 0.002556
v 0.040025 0.019904 0.002597
v 0.040025 0.019791 0.002634
v 0.040025 0.019677 0.002665
v 0.040025 0.019562 0.002692
v 0.040025 0.019445 0.002714
v 0.040025 0.019328 0.002730
v 0.040025 0.019210 0.002742
v 0.040025 0.019092 0.002748
v 0.040025 0.018974 0.002750
v 0.040025 0.018856 0.002746
v 0.033500 0.018857 0.001493
v 0.037400 0.018857 0.001493
v 0.033500 0.019143 -0.001493
v 0.037400 0.019143 -0.001493
v 0.033500 0.018748 0.001479
v 0.033500 0.018641 0.001456
v 0.033500 0.018536 0.001426
v 0.033500 0.018433 0.001389
v 0.033500 0.018333 0.001343
v 0.033500 0.018237 0.001291
v 0.033500 0.018144 0.001232
v 0.033500 0.018057 0.001166
v 0.033500 0.017974 0.001094
v 0.033500 0.017897 0.001017
v 0.033500 0.017826 0.000933
v 0.033500 0.017761 0.000845
v 0.033500 0.017702 0.000752
v 0.033500 0.017651 0.000656
v 0.033500 0.017607 0.000555
v 0.033500 0.017570 0.000452
v 0.033500 0.017541 0.000347
v 0.033500 0.017519 0.000239
v 0.033500 0.017506 0.000130
v 0.033500 0.017500 0.000021
v 0.033500 0.017503 -0.000089
v 0.033500 0.017513 -0.000198
v 0.033500 0.017531 -0.000306
v 0.033500 0.017558 -0.000412
v 0.033500 0.017592 -0.000516
v 0.033500 0.017633 -0.000618
v 0.033500 0.017682 -0.000716
v 0.033500 0.017738 -0.000810
v 0.033500 0.017800 -0.000900
v 0.033500 0.017869 -0.000985
v 0.033500 0.017944 -0.001065
v 0.033500 0.018024 -0.001139
v 0.033500 0.018110 -0.001208
v 0.033500 0.018201 -0.001269
v 0.033500 0.018296 -0.001324
v 0.033500 0.018394 -0.001372
v 0.033500 0.018496 -0.001413
v 0.033500 0.018600 -0.001446
v 0.033500 0.018707 -0.001471
v 0.033500 0.018815 -0.001489
v 0.033500 0.018924 -0.001498
v 0.033500 0.019034 -0.001500
v 0.035450 0.019143 -0.001493
v 0.037400 0.018969 -0.001500
v 0.037400 0.018795 -0.001486
v 0.037400 0.018624 -0.001452
v 0.037400 0.018458 -0.001399
v 0.037400 0.018299 -0.001326
v 0.037400 0.018150 -0.001236
v 0.037400 0.018012 -0.001129
v 0.037400 0.017888 -0.001006
v 0.037400 0.017778 -0.000871
v 0.037400 0.017686 -0.000723
v 0.037400 0.017611 -0.000565
v 0.037400 0.017554 -0.000400
v 0.037400 0.017518 -0.000230
v 0.037400 0.017501 -0.000056
v 0.037400 0.017505 0.000118
v 0.037400 0.017529 0.000291
v 0.037400 0.017572 0.000460
v 0.037400 0.017635 0.000623
v 0.037400 0.017717 0.000777
v 0.037400 0.017816 0.000921
v 0.037400 0.017931 0.001052
v 0.037400 0.018060 0.001169
v 0.037400 0.018202 0.001270
v 0.037400 0.018355 0.001354
v 0.037400 0.018516 0.001420
v 0.037400 0.018684 0.001466
v 0.035450 0.018857 0.001493
v 0.033400 0.018866 0.001394
v 0.033450 0.018862 0.001443
v 0.033500 0.018857 0.001493
v 0.033400 0.017920 0.000891
v 0.033400 0.017606 -0.000134
v 0.033400 0.019134 -0.001394
v 0.033450 0.019138 -0.001443
v 0.033500 0.019143 -0.001493
v 0.033500 0.019034 -0.001500
v 0.033500 0.018924 -0.001498
v 0.033500 0.018815 -0.001489
v 0.033500 0.018707 -0.001471
v 0.033500 0.018600 -0.001446
v 0.033500 0.018496 -0.001413
v 0.033500 0.018394 -0.001372
v 0.033500 0.018296 -0.001324
v 0.033500 0.018201 -0.001269
v 0.033500 0.018110 -0.001208
v 0.033500 0.018024 -0.001139
v 0.033500 0.017944 -0.001065
v 0.033500 0.017869 -0.000985
v 0.033500 0.017800 -0.000900
v 0.033500 0.017738 -0.000810
v 0.033500 0.017682 -0.000716
v 0.033500 0.017633 -0.000618
v 0.033500 0.017592 -0.000516
v 0.033500 0.017558 -0.000412
v 0.033500 0.017531 -0.000306
v 0.033500 0.017513 -0.000198
v 0.033500 0.017503 -0.000089
v 0.033500 0.017500 0.000021
v 0.033500 0.017506 0.000130
v 0.033500 0.017519 0.000239
v 0.033500 0.017541 0.000347
v 0.033500 0.017570 0.000452
v 0.033500 0.017607 0.000555
v 0.033500 0.017651 0.000656
v 0.033500 0.017702 0.000752
v 0.033500 0.017761 0.000845
v 0.033500 0.017826 0.000933
v 0.033500 0.017897 0.001017
v 0.033500 0.017974 0.001094
v 0.033500 0.018057 0.001166
v 0.033500 0.018144 0.001232
v 0.033500 0.018237 0.001291
v 0.033500 0.018333 0.001343
v 0.033500 0.018433 0.001389
v 0.033500 0.018536 0.001426
v 0.033500 0.018641 0.001456
v 0.033500 0.018748 0.001479
v 0.033400 0.018757 0.001379
v 0.033400 0.018650 0.001356
v 0.033400 0.018545 0.001324
v 0.033400 0.018442 0.001284
v 0.033400 0.018343 0.001236
v 0.033400 0.018248 0.001181
v 0.033400 0.018158 0.001118
v 0.033400 0.018073 0.001049
v 0.033400 0.017993 0.000973
v 0.033400 0.017854 0.000803
v 0.033400 0.017794 0.000711
v 0.033400 0.017742 0.000614
v 0.033400 0.017698 0.000514
v 0.033400 0.017661 0.000410
v 0.033400 0.017633 0.000304
v 0.033400 0.017614 0.000195
v 0.033400 0.017603 0.000086
v 0.033400 0.017600 -0.000024
v 0.033400 0.017621 -0.000243
v 0.033400 0.017644 -0.000350
v 0.033400 0.017676 -0.000455
v 0.033400 0.017716 -0.000558
v 0.033400 0.017764 -0.000657
v 0.033400 0.017819 -0.000752
v 0.033400 0.017882 -0.000842
v 0.033400 0.017951 -0.000927
v 0.033400 0.018027 -0.001007
v 0.033400 0.018109 -0.001080
v 0.033400 0.018197 -0.001146
v 0.033400 0.018289 -0.001206
v 0.033400 0.018386 -0.001258
v 0.033400 0.018486 -0.001302
v 0.033400 0.018590 -0.001339
v 0.033400 0.018696 -0.001367
v 0.033400 0.018805 -0.001386
v 0.033400 0.018914 -0.001397
v 0.033400 0.019024 -0.001400
v 0.033450 0.018583 0.001389
v 0.033450 0.018449 0.001341
v 0.033450 0.018198 0.001208
v 0.033450 0.018320 0.001281
v 0.033450 0.018083 0.001123
v 0.033450 0.017977 0.001028
v 0.033450 0.017882 0.000923
v 0.033450 0.017796 0.000809
v 0.033450 0.017723 0.000687
v 0.033450 0.017614 0.000425
v 0.033450 0.017662 0.000558
v 0.033450 0.017579 0.000287
v 0.033450 0.017550 0.000004
v 0.033450 0.017557 0.000146
v 0.033450 0.017557 -0.000138
v 0.033450 0.017577 -0.000279
v 0.033450 0.017611 -0.000417
v 0.033450 0.017719 -0.000680
v 0.033450 0.017659 -0.000551
v 0.033450 0.017792 -0.000802
v 0.033450 0.017877 -0.000917
v 0.033450 0.017972 -0.001023
v 0.033450 0.018077 -0.001118
v 0.033450 0.018191 -0.001204
v 0.033450 0.018313 -0.001277
v 0.033450 0.018575 -0.001386
v 0.033450 0.018442 -0.001338
v 0.033450 0.018713 -0.001421
v 0.033450 0.018996 -0.001450
v 0.033450 0.018854 -0.001443
v 0.037400 0.018738 0.002737
v 0.040025 0.018738 0.002737
v 0.037400 0.016879 0.001750
v 0.037400 0.016263 -0.000262
v 0.037400 0.017250 -0.002121
v 0.037400 0.019262 -0.002737
v 0.040025 0.019262 -0.002737
v 0.037400 0.018500 0.002704
v 0.037400 0.018266 0.002650
v 0.037400 0.018038 0.002576
v 0.037400 0.017817 0.002483
v 0.037400 0.017605 0.002370
v 0.037400 0.017404 0.002239
v 0.037400 0.017215 0.002092
v 0.037400 0.017039 0.001928
v 0.037400 0.016734 0.001559
v 0.037400 0.016607 0.001355
v 0.037400 0.016498 0.001141
v 0.037400 0.016408 0.000919
v 0.037400 0.016338 0.000690
v 0.037400 0.016288 0.000455
v 0.037400 0.016259 0.000217
v 0.037400 0.016250 -0.000023
v 0.037400 0.016296 -0.000500
v 0.037400 0.016350 -0.000734
v 0.037400 0.016424 -0.000962
v 0.037400 0.016517 -0.001183
v 0.037400 0.016630 -0.001395
v 0.037400 0.016761 -0.001596
v 0.037400 0.016908 -0.001785
v 0.037400 0.017072 -0.001961
v 0.037400 0.017441 -0.002266
v 0.037400 0.017645 -0.002393
v 0.037400 0.017859 -0.002502
v 0.037400 0.018081 -0.002592
v 0.037400 0.018310 -0.002662
v 0.037400 0.018545 -0.002712
v 0.037400 0.018783 -0.002741
v 0.037400 0.019023 -0.002750
v 0.038713 0.019262 -0.002737
v 0.040025 0.019144 -0.002746
v 0.040025 0.019026 -0.002750
v 0.040025 0.018908 -0.002748
v 0.040025 0.018790 -0.002742
v 0.040025 0.018672 -0.002730
v 0.040025 0.018555 -0.002714
v 0.040025 0.018438 -0.002692
v 0.040025 0.018323 -0.002665
v 0.040025 0.018209 -0.002634
v 0.040025 0.018096 -0.002597
v 0.040025 0.017986 -0.002556
v 0.040025 0.017877 -0.002510
v 0.040025 0.017770 -0.002459
v 0.040025 0.017665 -0.002404
v 0.040025 0.017563 -0.002345
v 0.040025 0.017463 -0.002281
v 0.040025 0.017367 -0.002212
v 0.040025 0.017273 -0.002140
v 0.040025 0.017182 -0.002064
v 0.040025 0.017095 -0.001984
v 0.040025 0.017012 -0.001900
v 0.040025 0.016932 -0.001812
v 0.040025 0.016856 -0.001722
v 0.040025 0.016784 -0.001628
v 0.040025 0.016716 -0.001531
v 0.040025 0.016652 -0.001431
v 0.040025 0.016592 -0.001329
v 0.040025 0.016538 -0.001224
v 0.040025 0.016487 -0.001117
v 0.040025 0.016441 -0.001008
v 0.040025 0.016400 -0.000897
v 0.040025 0.016364 -0.000784
v 0.040025 0.016333 -0.000670
v 0.040025 0.016307 -0.000555
v 0.040025 0.016285 -0.000438
v 0.040025 0.016269 -0.000321
v 0.040025 0.016258 -0.000203
v 0.040025 0.016251 -0.000085
v 0.040025 0.016250 0.000033
v 0.040025 0.016254 0.000151
v 0.040025 0.016263 0.000269
v 0.040025 0.016277 0.000387
v 0.040025 0.016297 0.000504
v 0.040025 0.016321 0.000619
v 0.040025 0.016350 0.000734
v 0.040025 0.016384 0.000847
v 0.040025 0.016423 0.000959
v 0.040025 0.016466 0.001069
v 0.040025 0.016515 0.001177
v 0.040025 0.016568 0.001283
v 0.040025 0.016625 0.001387
v 0.040025 0.016687 0.001487
v 0.040025 0.016753 0.001586
v 0.040025 0.016823 0.001681
v 0.040025 0.016898 0.001773
v 0.040025 0.016976 0.001862
v 0.040025 0.017058 0.001947
v 0.040025 0.017143 0.002029
v 0.040025 0.017232 0.002107
v 0.040025 0.017325 0.002181
v 0.040025 0.017420 0.002251
v 0.040025 0.017518 0.002317
v 0.040025 0.017619 0.002378
v 0.040025 0.017723 0.002436
v 0.040025 0.017829 0.002488
v 0.040025 0.017937 0.002536
v 0.040025 0.018047 0.002580
v 0.040025 0.018159 0.002618
v 0.040025 0.018273 0.002652
v 0.040025 0.018387 0.002681
v 0.040025 0.018503 0.002705
v 0.040025 0.018620 0.002724
v 0.038713 0.018738 0.002737
v 0.038378 0.019000 0.000000
v 0.038378 0.019000 0.000000
v 0.038739 0.019120 -0.000613
v 0.038378 0.019000 0.000000
v 0.038739 0.019180 -0.000599
v 0.038378 0.019000 0.000000
v 0.038739 0.019238 -0.000578
v 0.038378 0.019000 0.000000
v 0.038739 0.019293 -0.000552
v 0.038378 0.019000 0.000000
v 0.038739 0.019346 -0.000521
v 0.038378 0.019000 0.000000
v 0.038739 0.019395 -0.000484
v 0.038378 0.019000 0.000000
v 0.038739 0.019441 -0.000443
v 0.038378 0.019000 0.000000
v 0.038739 0.019482 -0.000398
v 0.038378 0.019000 0.000000
v 0.038739 0.019519 -0.000349
v 0.038378 0.019000 0.000000
v 0.038739 0.019550 -0.000296
v 0.038378 0.019000 0.000000
v 0.038739 0.019577 -0.000241
v 0.038378 0.019000 0.000000
v 0.038739 0.019598 -0.000183
v 0.038378 0.019000 0.000000
v 0.038739 0.019613 -0.000124
v 0.038378 0.019000 0.000000
v 0.038739 0.019622 -0.000063
v 0.038378 0.019000 0.000000
v 0.038739 0.019625 -0.000002
v 0.038378 0.019000 0.000000
v 0.038739 0.019622 0.000060
v 0.038378 0.019000 0.000000
v 0.038739 0.019613 0.000120
v 0.038378 0.019000 0.000000
v 0.038739 0.019599 0.000180
v 0.038378 0.019000 0.000000
v 0.038739 0.019578 0.000238
v 0.038378 0.019000 0.000000
v 0.038739 0.019552 0.000293
v 0.038378 0.019000 0.000000
v 0.038739 0.019521 0.000346
v 0.038378 0.019000 0.000000
v 0.038739 0.019484 0.000395
v 0.038378 0.019000 0.000000
v 0.038739 0.019443 0.000441
v 0.038378 0.019000 0.000000
v 0.038739 0.019398 0.000482
v 0.038378 0.019000 0.000000
v 0.038739 0.019349 0.000519
v 0.038378 0.019000 0.000000
v 0.038739 0.019296 0.000550
v 0.038378 0.019000 0.000000
v 0.038739 0.019241 0.000577
v 0.038378 0.019000 0.000000
v 0.038739 0.019183 0.000598
v 0.038378 0.019000 0.000000
v 0.038739 0.019124 0.000613
v 0.038378 0.019000 0.000000
v 0.038739 0.019063 0.000622
v 0.038378 0.019000 0.000000
v 0.038739 0.019002 0.000625
v 0.038378 0.019000 0.000000
v 0.038619 0.018960 0.000415
v 0.038859 0.018920 0.000830
v 0.039100 0.019119 -0.001244
v 0.038859 0.019080 -0.000830
v 0.038619 0.019040 -0.000415
v 0.039100 0.019725 -0.001018
v 0.039100 0.019615 -0.001088
v 0.039100 0.019498 -0.001147
v 0.039100 0.019375 -0.001192
v 0.039100 0.019249 -0.001225
v 0.039100 0.020244 0.000119
v 0.039100 0.020250 -0.000026
v 0.039100 0.020238 -0.000171
v 0.039100 0.020210 -0.000313
v 0.039100 0.020165 -0.000452
v 0.039100 0.020105 -0.000584
v 0.039100 0.020030 -0.000708
v 0.039100 0.019941 -0.000823
v 0.039100 0.019839 -0.000927
v 0.039100 0.019519 0.001137
v 0.039100 0.019647 0.001069
v 0.039100 0.019767 0.000987
v 0.039100 0.019876 0.000891
v 0.039100 0.019974 0.000783
v 0.039100 0.020058 0.000665
v 0.039100 0.020128 0.000538
v 0.039100 0.020183 0.000403
v 0.039100 0.020222 0.000263
v 0.039100 0.018881 0.001244
v 0.039100 0.019011 0.001250
v 0.039100 0.019142 0.001242
v 0.039100 0.019271 0.001220
v 0.039100 0.019397 0.001185
v 0.033500 0.019143 -0.001493
v 0.037400 0.019143 -0.001493
v 0.033500 0.018857 0.001493
v 0.037400 0.018857 0.001493
v 0.035450 0.019143 -0.001493
v 0.035450 0.018857 0.001493
v 0.033500 0.019252 -0.001479
v 0.033500 0.019359 -0.001456
v 0.033500 0.019464 -0.001426
v 0.033500 0.019567 -0.001389
v 0.033500 0.019667 -0.001343
v 0.033500 0.019763 -0.001291
v 0.033500 0.019856 -0.001232
v 0.033500 0.019943 -0.001166
v 0.033500 0.020026 -0.001094
v 0.033500 0.020103 -0.001017
v 0.033500 0.020174 -0.000933
v 0.033500 0.020239 -0.000845
v 0.033500 0.020298 -0.000752
v 0.033500 0.020349 -0.000656
v 0.033500 0.020393 -0.000555
v 0.033500 0.020430 -0.000452
v 0.033500 0.020459 -0.000347
v 0.033500 0.020481 -0.000239
v 0.033500 0.020494 -0.000130
v 0.033500 0.020500 -0.000021
v 0.033500 0.020497 0.000089
v 0.033500 0.020487 0.000198
v 0.033500 0.020469 0.000306
v 0.033500 0.020442 0.000412
v 0.033500 0.020408 0.000516
v 0.033500 0.020367 0.000618
v 0.033500 0.020318 0.000716
v 0.033500 0.020262 0.000810
v 0.033500 0.020200 0.000900
v 0.033500 0.020131 0.000985
v 0.033500 0.020056 0.001065
v 0.033500 0.019976 0.001139
v 0.033500 0.019890 0.001208
v 0.033500 0.019799 0.001269
v 0.033500 0.019704 0.001324
v 0.033500 0.019606 0.001372
v 0.033500 0.019504 0.001413
v 0.033500 0.019400 0.001446
v 0.033500 0.019293 0.001471
v 0.033500 0.019185 0.001489
v 0.033500 0.019076 0.001498
v 0.033500 0.018966 0.001500
v 0.037400 0.019031 0.001500
v 0.037400 0.019205 0.001486
v 0.037400 0.019376 0.001452
v 0.037400 0.019542 0.001399
v 0.037400 0.019701 0.001326
v 0.037400 0.019850 0.001236
v 0.037400 0.019988 0.001129
v 0.037400 0.020112 0.001006
v 0.037400 0.020222 0.000871
v 0.037400 0.020314 0.000723
v 0.037400 0.020389 0.000565
v 0.037400 0.020446 0.000400
v 0.037400 0.020482 0.000230
v 0.037400 0.020499 0.000056
v 0.037400 0.020495 -0.000118
v 0.037400 0.020471 -0.000291
v 0.037400 0.020428 -0.000460
v 0.037400 0.020365 -0.000623
v 0.037400 0.020283 -0.000777
v 0.037400 0.020184 -0.000921
v 0.037400 0.020069 -0.001052
v 0.037400 0.019940 -0.001169
v 0.037400 0.019798 -0.001270
v 0.037400 0.019645 -0.001354
v 0.037400 0.019484 -0.001420
v 0.037400 0.019316 -0.001466
v 0.037400 0.018857 0.001493
v 0.037400 0.018684 0.001466
v 0.037400 0.018516 0.001420
v 0.037400 0.018355 0.001354
v 0.037400 0.018202 0.001270
v 0.037400 0.018060 0.001169
v 0.037400 0.017931 0.001052
v 0.037400 0.017816 0.000921
v 0.037400 0.017717 0.000777
v 0.037400 0.017635 0.000623
v 0.037400 0.017572 0.000460
v 0.037400 0.017529 0.000291
v 0.037400 0.017505 0.000118
v 0.037400 0.017501 -0.000056
v 0.037400 0.017518 -0.000230
v 0.037400 0.017554 -0.000400
v 0.037400 0.017611 -0.000565
v 0.037400 0.017686 -0.000723
v 0.037400 0.017778 -0.000871
v 0.037400 0.017888 -0.001006
v 0.037400 0.018012 -0.001129
v 0.037400 0.018150 -0.001236
v 0.037400 0.018299 -0.001326
v 0.037400 0.018458 -0.001399
v 0.037400 0.018624 -0.001452
v 0.037400 0.018795 -0.001486
v 0.037400 0.018969 -0.001500
v 0.037400 0.019143 -0.001493
v 0.037400 0.019262 -0.002737
v 0.037400 0.019023 -0.002750
v 0.037400 0.018783 -0.002741
v 0.037400 0.018545 -0.002712
v 0.037400 0.018310 -0.002662
v 0.037400 0.018081 -0.002592
v 0.037400 0.017859 -0.002502
v 0.037400 0.017645 -0.002393
v 0.037400 0.017441 -0.002266
v 0.037400 0.017250 -0.002121
v 0.037400 0.017072 -0.001961
v 0.037400 0.016908 -0.001785
v 0.037400 0.016761 -0.001596
v 0.037400 0.016630 -0.001395
v 0.037400 0.016517 -0.001183
v 0.037400 0.016424 -0.000962
v 0.037400 0.016350 -0.000734
v 0.037400 0.016296 -0.000500
v 0.037400 0.016263 -0.000262
v 0.037400 0.016250 -0.000023
v 0.037400 0.016259 0.000217
v 0.037400 0.016288 0.000455
v 0.037400 0.016338 0.000690
v 0.037400 0.016408 0.000919
v 0.037400 0.016498 0.001141
v 0.037400 0.016607 0.001355
v 0.037400 0.016734 0.001559
v 0.037400 0.016879 0.001750
v 0.037400 0.017039 0.001928
v 0.037400 0.017215 0.002092
v 0.037400 0.017404 0.002239
v 0.037400 0.017605 0.002370
v 0.037400 0.017817 0.002483
v 0.037400 0.018038 0.002576
v 0.037400 0.018266 0.002650
v 0.037400 0.018500 0.002704
v 0.037400 0.018738 0.002737
v 0.037400 0.019316 -0.001466
v 0.037400 0.019484 -0.001420
v 0.037400 0.019645 -0.001354
v 0.037400 0.019798 -0.001270
v 0.037400 0.019940 -0.001169
v 0.037400 0.020069 -0.001052
v 0.037400 0.020184 -0.000921
v 0.037400 0.020283 -0.000777
v 0.037400 0.020365 -0.000623
v 0.037400 0.020428 -0.000460
v 0.037400 0.020471 -0.000291
v 0.037400 0.020495 -0.000118
v 0.037400 0.020499 0.000056
v 0.037400 0.020482 0.000230
v 0.037400 0.020446 0.000400
v 0.037400 0.020389 0.000565
v 0.037400 0.020314 0.000723
v 0.037400 0.020222 0.000871
v 0.037400 0.020112 0.001006
v 0.037400 0.019988 0.001129
v 0.037400 0.019850 0.001236
v 0.037400 0.019701 0.001326
v 0.037400 0.019542 0.001399
v 0.037400 0.019376 0.001452
v 0.037400 0.019205 0.001486
v 0.037400 0.019031 0.001500
v 0.037400 0.018977 0.002750
v 0.037400 0.019217 0.002741
v 0.037400 0.019455 0.002712
v 0.037400 0.019690 0.002662
v 0.037400 0.019919 0.002592
v 0.037400 0.020141 0.002502
v 0.037400 0.020355 0.002393
v 0.037400 0.020559 0.002266
v 0.037400 0.020750 0.002121
v 0.037400 0.020928 0.001961
v 0.037400 0.021092 0.001785
v 0.037400 0.021239 0.001596
v 0.037400 0.021370 0.001395
v 0.037400 0.021483 0.001183
v 0.037400 0.021576 0.000962
v 0.037400 0.021650 0.000734
v 0.037400 0.021704 0.000500
v 0.037400 0.021737 0.000262
v 0.037400 0.021750 0.000023
v 0.037400 0.021741 -0.000217
v 0.037400 0.021712 -0.000455
v 0.037400 0.021662 -0.000690
v 0.037400 0.021592 -0.000919
v 0.037400 0.021502 -0.001141
v 0.037400 0.021393 -0.001355
v 0.037400 0.021266 -0.001559
v 0.037400 0.021121 -0.001750
v 0.037400 0.020961 -0.001928
v 0.037400 0.020785 -0.002092
v 0.037400 0.020596 -0.002239
v 0.037400 0.020395 -0.002370
v 0.037400 0.020183 -0.002483
v 0.037400 0.019962 -0.002576
v 0.037400 0.019734 -0.002650
v 0.037400 0.019500 -0.002704
v 0.033400 0.019134 -0.001394
v 0.033500 0.019143 -0.001493
v 0.033400 0.020394 0.000134
v 0.033400 0.018866 0.001394
v 0.033500 0.018857 0.001493
v 0.033450 0.019138 -0.001443
v 0.033450 0.018862 0.001443
v 0.033500 0.018966 0.001500
v 0.033500 0.019076 0.001498
v 0.033500 0.019185 0.001489
v 0.033500 0.019293 0.001471
v 0.033500 0.019400 0.001446
v 0.033500 0.019504 0.001413
v 0.033500 0.019606 0.001372
v 0.033500 0.019704 0.001324
v 0.033500 0.019799 0.001269
v 0.033500 0.019890 0.001208
v 0.033500 0.019976 0.001139
v 0.033500 0.020056 0.001065
v 0.033500 0.020131 0.000985
v 0.033500 0.020200 0.000900
v 0.033500 0.020262 0.000810
v 0.033500 0.020318 0.000716
v 0.033500 0.020367 0.000618
v 0.033500 0.020408 0.000516
v 0.033500 0.020442 0.000412
v 0.033500 0.020469 0.000306
v 0.033500 0.020487 0.000198
v 0.033500 0.020497 0.000089
v 0.033500 0.020500 -0.000021
v 0.033500 0.020494 -0.000130
v 0.033500 0.020481 -0.000239
v 0.033500 0.020459 -0.000347
v 0.033500 0.020430 -0.000452
v 0.033500 0.020393 -0.000555
v 0.033500 0.020349 -0.000656
v 0.033500 0.020298 -0.000752
v 0.033500 0.020239 -0.000845
v 0.033500 0.020174 -0.000933
v 0.033500 0.020103 -0.001017
v 0.033500 0.020026 -0.001094
v 0.033500 0.019943 -0.001166
v 0.033500 0.019856 -0.001232
v 0.033500 0.019763 -0.001291
v 0.033500 0.019667 -0.001343
v 0.033500 0.019567 -0.001389
v 0.033500 0.019464 -0.001426
v 0.033500 0.019359 -0.001456
v 0.033500 0.019252 -0.001479
v 0.033400 0.019243 -0.001379
v 0.033400 0.019350 -0.001356
v 0.033400 0.019455 -0.001324
v 0.033400 0.019558 -0.001284
v 0.033400 0.019657 -0.001236
v 0.033400 0.019752 -0.001181
v 0.033400 0.019842 -0.001118
v 0.033400 0.019927 -0.001049
v 0.033400 0.020007 -0.000973
v 0.033400 0.020080 -0.000891
v 0.033400 0.020146 -0.000803
v 0.033400 0.020206 -0.000711
v 0.033400 0.020258 -0.000614
v 0.033400 0.020302 -0.000514
v 0.033400 0.020339 -0.000410
v 0.033400 0.020367 -0.000304
v 0.033400 0.020386 -0.000195
v 0.033400 0.020397 -0.000086
v 0.033400 0.020400 0.000024
v 0.033400 0.020379 0.000243
v 0.033400 0.020356 0.000350
v 0.033400 0.020324 0.000455
v 0.033400 0.020284 0.000558
v 0.033400 0.020236 0.000657
v 0.033400 0.020181 0.000752
v 0.033400 0.020118 0.000842
v 0.033400 0.020049 0.000927
v 0.033400 0.019973 0.001007
v 0.033400 0.019891 0.001080
v 0.033400 0.019803 0.001146
v 0.033400 0.019711 0.001206
v 0.033400 0.019614 0.001258
v 0.033400 0.019514 0.001302
v 0.033400 0.019410 0.001339
v 0.033400 0.019304 0.001367
v 0.033400 0.019195 0.001386
v 0.033400 0.019086 0.001397
v 0.033400 0.018976 0.001400
v 0.037400 0.019262 -0.002737
v 0.040025 0.019262 -0.002737
v 0.037400 0.021737 0.000262
v 0.037400 0.018738 0.002737
v 0.040025 0.018738 0.002737
v 0.040025 0.018856 0.002746
v 0.040025 0.018974 0.002750
v 0.040025 0.019092 0.002748
v 0.040025 0.019210 0.002742
v 0.040025 0.019328 0.002730
v 0.040025 0.019445 0.002714
v 0.040025 0.019562 0.002692
v 0.040025 0.019677 0.002665
v 0.040025 0.019791 0.002634
v 0.040025 0.019904 0.002597
v 0.040025 0.020014 0.002556
v 0.040025 0.020123 0.002510
v 0.040025 0.020230 0.002459
v 0.040025 0.020335 0.002404
v 0.040025 0.020437 0.002345
v 0.040025 0.020537 0.002281
v 0.040025 0.020634 0.002212
v 0.040025 0.020727 0.002140
v 0.040025 0.020818 0.002064
v 0.040025 0.020905 0.001984
v 0.040025 0.020988 0.001900
v 0.040025 0.021068 0.001812
v 0.040025 0.021144 0.001722
v 0.040025 0.021216 0.001628
v 0.040025 0.021284 0.001531
v 0.040025 0.021348 0.001431
v 0.040025 0.021407 0.001329
v 0.040025 0.021462 0.001224
v 0.040025 0.021513 0.001117
v 0.040025 0.021559 0.001008
v 0.040025 0.021600 0.000897
v 0.040025 0.021636 0.000784
v 0.040025 0.021667 0.000670
v 0.040025 0.021693 0.000555
v 0.040025 0.021715 0.000438
v 0.040025 0.021731 0.000321
v 0.040025 0.021742 0.000203
v 0.040025 0.021749 0.000085
v 0.040025 0.021750 -0.000033
v 0.040025 0.021746 -0.000151
v 0.040025 0.021737 -0.000269
v 0.040025 0.021723 -0.000387
v 0.040025 0.021704 -0.000504
v 0.040025 0.021679 -0.000619
v 0.040025 0.021650 -0.000734
v 0.040025 0.021616 -0.000847
v 0.040025 0.021577 -0.000959
v 0.040025 0.021534 -0.001069
v 0.040025 0.021485 -0.001177
v 0.040025 0.021432 -0.001283
v 0.040025 0.021375 -0.001387
v 0.040025 0.021313 -0.001487
v 0.040025 0.021247 -0.001586
v 0.040025 0.021177 -0.001681
v 0.040025 0.021102 -0.001773
v 0.040025 0.021024 -0.001862
v 0.040025 0.020942 -0.001947
v 0.040025 0.020857 -0.002029
v 0.040025 0.020768 -0.002107
v 0.040025 0.020675 -0.002181
v 0.040025 0.020580 -0.002251
v 0.040025 0.020482 -0.002317
v 0.040025 0.020381 -0.002378
v 0.040025 0.020277 -0.002436
v 0.040025 0.020171 -0.002488
v 0.040025 0.020063 -0.002536
v 0.040025 0.019953 -0.002580
v 0.040025 0.019841 -0.002618
v 0.040025 0.019727 -0.002652
v 0.040025 0.019613 -0.002681
v 0.040025 0.019497 -0.002705
v 0.040025 0.019380 -0.002724
v 0.038713 0.019262 -0.002737
v 0.038713 0.018738 0.002737
v 0.037400 0.019500 -0.002704
v 0.037400 0.019734 -0.002650
v 0.037400 0.019962 -0.002576
v 0.037400 0.020183 -0.002483
v 0.037400 0.020395 -0.002370
v 0.037400 0.020596 -0.002239
v 0.037400 0.020785 -0.002092
v 0.037400 0.020961 -0.001928
v 0.037400 0.021121 -0.001750
v 0.037400 0.021266 -0.001559
v 0.037400 0.021393 -0.001355
v 0.037400 0.021502 -0.001141
v 0.037400 0.021592 -0.000919
v 0.037400 0.021662 -0.000690
v 0.037400 0.021712 -0.000455
v 0.037400 0.021741 -0.000217
v 0.037400 0.021750 0.000023
v 0.037400 0.021704 0.000500
v 0.037400 0.021650 0.000734
v 0.037400 0.021576 0.000962
v 0.037400 0.021483 0.001183
v 0.037400 0.021370 0.001395
v 0.037400 0.021239 0.001596
v 0.037400 0.021092 0.001785
v 0.037400 0.020928 0.001961
v 0.037400 0.020750 0.002121
v 0.037400 0.020559 0.002266
v 0.037400 0.020355 0.002393
v 0.037400 0.020141 0.002502
v 0.037400 0.019919 0.002592
v 0.037400 0.019690 0.002662
v 0.037400 0.019455 0.002712
v 0.037400 0.019217 0.002741
v 0.037400 0.018977 0.002750
v 0.033400 0.019134 -0.001394
v 0.033400 0.019024 -0.001400
v 0.033400 0.018914 -0.001397
v 0.033400 0.018805 -0.001386
v 0.033400 0.018696 -0.001367
v 0.033400 0.018590 -0.001339
v 0.033400 0.018486 -0.001302
v 0.033400 0.018386 -0.001258
v 0.033400 0.018289 -0.001206
v 0.033400 0.018197 -0.001146
v 0.033400 0.018109 -0.001080
v 0.033400 0.018027 -0.001007
v 0.033400 0.017951 -0.000927
v 0.033400 0.017882 -0.000842
v 0.033400 0.017819 -0.000752
v 0.033400 0.017764 -0.000657
v 0.033400 0.017716 -0.000558
v 0.033400 0.017676 -0.000455
v 0.033400 0.017644 -0.000350
v 0.033400 0.017621 -0.000243
v 0.033400 0.017606 -0.000134
v 0.033400 0.017600 -0.000024
v 0.033400 0.017603 0.000086
v 0.033400 0.017614 0.000195
v 0.033400 0.017633 0.000304
v 0.033400 0.017661 0.000410
v 0.033400 0.017698 0.000514
v 0.033400 0.017742 0.000614
v 0.033400 0.017794 0.000711
v 0.033400 0.017854 0.000803
v 0.033400 0.017920 0.000891
v 0.033400 0.017993 0.000973
v 0.033400 0.018073 0.001049
v 0.033400 0.018158 0.001118
v 0.033400 0.018248 0.001181
v 0.033400 0.018343 0.001236
v 0.033400 0.018442 0.001284
v 0.033400 0.018545 0.001324
v 0.033400 0.018650 0.001356
v 0.033400 0.018757 0.001379
v 0.033400 0.018866 0.001394
v 0.033400 0.018976 0.001400
v 0.033400 0.019086 0.001397
v 0.033400 0.019195 0.001386
v 0.033400 0.019304 0.001367
v 0.033400 0.019410 0.001339
v 0.033400 0.019514 0.001302
v 0.033400 0.019614 0.001258
v 0.033400 0.019711 0.001206
v 0.033400 0.019803 0.001146
v 0.033400 0.019891 0.001080
v 0.033400 0.019973 0.001007
v 0.033400 0.020049 0.000927
v 0.033400 0.020118 0.000842
v 0.033400 0.020181 0.000752
v 0.033400 0.020236 0.000657
v 0.033400 0.020284 0.000558
v 0.033400 0.020324 0.000455
v 0.033400 0.020356 0.000350
v 0.033400 0.020379 0.000243
v 0.033400 0.020394 0.000134
v 0.033400 0.020400 0.000024
v 0.033400 0.020397 -0.000086
v 0.033400 0.020386 -0.000195
v 0.033400 0.020367 -0.000304
v 0.033400 0.020339 -0.000410
v 0.033400 0.020302 -0.000514
v 0.033400 0.020258 -0.000614
v 0.033400 0.020206 -0.000711
v 0.033400 0.020146 -0.000803
v 0.033400 0.020080 -0.000891
v 0.033400 0.020007 -0.000973
v 0.033400 0.019927 -0.001049
v 0.033400 0.019842 -0.001118
v 0.033400 0.019752 -0.001181
v 0.033400 0.019657 -0.001236
v 0.033400 0.019558 -0.001284
v 0.033400 0.019455 -0.001324
v 0.033400 0.019350 -0.001356
v 0.033400 0.019243 -0.001379
v 0.040025 0.019262 -0.002737
v 0.040025 0.018738 0.002737
v 0.040093 0.019085 -0.002742
v 0.040093 0.018897 -0.002742
v 0.040093 0.018697 -0.002727
v 0.040093 0.018487 -0.002695
v 0.040093 0.018266 -0.002644
v 0.040093 0.018153 -0.002610
v 0.040093 0.018039 -0.002570
v 0.040093 0.017922 -0.002523
v 0.040093 0.017805 -0.002470
v 0.040093 0.017688 -0.002410
v 0.040093 0.017571 -0.002342
v 0.040093 0.017454 -0.002267
v 0.040093 0.017339 -0.002184
v 0.040093 0.017225 -0.002092
v 0.040093 0.017114 -0.001993
v 0.040093 0.017007 -0.001886
v 0.040093 0.016904 -0.001770
v 0.040093 0.016806 -0.001647
v 0.040093 0.016713 -0.001516
v 0.040093 0.016628 -0.001378
v 0.040093 0.016549 -0.001233
v 0.040093 0.016479 -0.001083
v 0.040093 0.016417 -0.000926
v 0.040093 0.016365 -0.000765
v 0.040093 0.016323 -0.000600
v 0.040093 0.016290 -0.000432
v 0.040093 0.016269 -0.000262
v 0.040093 0.016258 -0.000091
v 0.040093 0.016257 0.000080
v 0.040093 0.016268 0.000250
v 0.040093 0.016288 0.000419
v 0.040093 0.016319 0.000584
v 0.040093 0.016359 0.000745
v 0.040093 0.016409 0.000902
v 0.040093 0.016467 0.001054
v 0.040093 0.016533 0.001200
v 0.040093 0.016606 0.001340
v 0.040093 0.016685 0.001473
v 0.040093 0.016770 0.001599
v 0.040093 0.016860 0.001717
v 0.040093 0.016954 0.001828
v 0.040093 0.017052 0.001932
v 0.040093 0.017152 0.002028
v 0.040093 0.017254 0.002117
v 0.040093 0.017358 0.002198
v 0.040093 0.017463 0.002273
v 0.040093 0.017568 0.002340
v 0.040093 0.017673 0.002401
v 0.040093 0.017777 0.002456
v 0.040093 0.017984 0.002549
v 0.040093 0.018185 0.002620
v 0.040093 0.018378 0.002672
v 0.040093 0.018563 0.002709
v 0.040163 0.019085 -0.002722
v 0.040163 0.018898 -0.002722
v 0.040163 0.018699 -0.002707
v 0.040163 0.018490 -0.002676
v 0.040163 0.018272 -0.002625
v 0.040163 0.018160 -0.002591
v 0.040163 0.018046 -0.002551
v 0.040163 0.017930 -0.002505
v 0.040163 0.017814 -0.002452
v 0.040163 0.017698 -0.002392
v 0.040163 0.017581 -0.002325
v 0.040163 0.017465 -0.002250
v 0.040163 0.017351 -0.002168
v 0.040163 0.017238 -0.002077
v 0.040163 0.017128 -0.001979
v 0.040163 0.017022 -0.001872
v 0.040163 0.016919 -0.001757
v 0.040163 0.016822 -0.001635
v 0.040163 0.016730 -0.001505
v 0.040163 0.016645 -0.001368
v 0.040163 0.016567 -0.001224
v 0.040163 0.016497 -0.001075
v 0.040163 0.016436 -0.000919
v 0.040163 0.016384 -0.000759
v 0.040163 0.016342 -0.000595
v 0.040163 0.016310 -0.000429
v 0.040163 0.016289 -0.000260
v 0.040163 0.016278 -0.000090
v 0.040163 0.016277 0.000080
v 0.040163 0.016288 0.000249
v 0.040163 0.016308 0.000415
v 0.040163 0.016339 0.000580
v 0.040163 0.016379 0.000740
v 0.040163 0.016428 0.000896
v 0.040163 0.016485 0.001047
v 0.040163 0.016551 0.001191
v 0.040163 0.016623 0.001330
v 0.040163 0.016702 0.001462
v 0.040163 0.016786 0.001587
v 0.040163 0.016876 0.001705
v 0.040163 0.016969 0.001815
v 0.040163 0.017066 0.001918
v 0.040163 0.017165 0.002013
v 0.040163 0.017267 0.002101
v 0.040163 0.017370 0.002182
v 0.040163 0.017474 0.002256
v 0.040163 0.017578 0.002323
v 0.040163 0.017683 0.002384
v 0.040163 0.017786 0.002438
v 0.040163 0.017991 0.002530
v 0.040163 0.018191 0.002601
v 0.040163 0.018382 0.002653
v 0.040163 0.018566 0.002689
v 0.040230 0.019084 -0.002688
v 0.040230 0.018899 -0.002687
v 0.040230 0.018703 -0.002672
v 0.040230 0.018497 -0.002641
v 0.040230 0.018281 -0.002591
v 0.040230 0.018170 -0.002558
v 0.040230 0.018058 -0.002518
v 0.040230 0.017944 -0.002473
v 0.040230 0.017829 -0.002421
v 0.040230 0.017714 -0.002362
v 0.040230 0.017599 -0.002295
v 0.040230 0.017485 -0.002221
v 0.040230 0.017372 -0.002140
v 0.040230 0.017261 -0.002051
v 0.040230 0.017152 -0.001953
v 0.040230 0.017047 -0.001848
v 0.040230 0.016946 -0.001735
v 0.040230 0.016850 -0.001614
v 0.040230 0.016759 -0.001486
v 0.040230 0.016675 -0.001351
v 0.040230 0.016598 -0.001209
v 0.040230 0.016529 -0.001061
v 0.040230 0.016469 -0.000908
v 0.040230 0.016418 -0.000750
v 0.040230 0.016376 -0.000588
v 0.040230 0.016345 -0.000423
v 0.040230 0.016323 -0.000257
v 0.040230 0.016313 -0.000089
v 0.040230 0.016312 0.000079
v 0.040230 0.016322 0.000245
v 0.040230 0.016343 0.000410
v 0.040230 0.016373 0.000572
v 0.040230 0.016412 0.000730
v 0.040230 0.016461 0.000884
v 0.040230 0.016518 0.001033
v 0.040230 0.016582 0.001176
v 0.040230 0.016654 0.001313
v 0.040230 0.016731 0.001443
v 0.040230 0.016815 0.001567
v 0.040230 0.016903 0.001683
v 0.040230 0.016995 0.001792
v 0.040230 0.017091 0.001893
v 0.040230 0.017189 0.001987
v 0.040230 0.017289 0.002074
v 0.040230 0.017391 0.002154
v 0.040230 0.017493 0.002227
v 0.040230 0.017596 0.002293
v 0.040230 0.017699 0.002353
v 0.040230 0.017802 0.002407
v 0.040230 0.018004 0.002498
v 0.040230 0.018201 0.002567
v 0.040230 0.018390 0.002619
v 0.040230 0.018571 0.002654
v 0.040290 0.019082 -0.002639
v 0.040290 0.018901 -0.002638
v 0.040290 0.018709 -0.002624
v 0.040290 0.018506 -0.002594
v 0.040290 0.018294 -0.002544
v 0.040290 0.018185 -0.002511
v 0.040290 0.018075 -0.002473
v 0.040290 0.017963 -0.002428
v 0.040290 0.017851 -0.002377
v 0.040290 0.017738 -0.002319
v 0.040290 0.017625 -0.002254
v 0.040290 0.017512 -0.002181
v 0.040290 0.017401 -0.002101
v 0.040290 0.017292 -0.002013
v 0.040290 0.017186 -0.001918
v 0.040290 0.017082 -0.001815
v 0.040290 0.016983 -0.001704
v 0.040290 0.016889 -0.001585
v 0.040290 0.016800 -0.001459
v 0.040290 0.016717 -0.001326
v 0.040290 0.016642 -0.001187
v 0.040290 0.016574 -0.001042
v 0.040290 0.016515 -0.000891
v 0.040290 0.016465 -0.000736
v 0.040290 0.016424 -0.000577
v 0.040290 0.016393 -0.000416
v 0.040290 0.016372 -0.000252
v 0.040290 0.016361 -0.000087
v 0.040290 0.016361 0.000077
v 0.040290 0.016371 0.000241
v 0.040290 0.016391 0.000403
v 0.040290 0.016420 0.000562
v 0.040290 0.016459 0.000717
v 0.040290 0.016507 0.000868
v 0.040290 0.016562 0.001014
v 0.040290 0.016626 0.001155
v 0.040290 0.016696 0.001289
v 0.040290 0.016772 0.001417
v 0.040290 0.016854 0.001538
v 0.040290 0.016941 0.001652
v 0.040290 0.017031 0.001759
v 0.040290 0.017125 0.001859
v 0.040290 0.017222 0.001951
v 0.040290 0.017320 0.002037
v 0.040290 0.017420 0.002115
v 0.040290 0.017521 0.002187
v 0.040290 0.017622 0.002252
v 0.040290 0.017723 0.002311
v 0.040290 0.017824 0.002364
v 0.040290 0.018022 0.002452
v 0.040290 0.018215 0.002521
v 0.040290 0.018401 0.002571
v 0.040290 0.018579 0.002606
v 0.040339 0.019080 -0.002579
v 0.040339 0.018903 -0.002578
v 0.040339 0.018715 -0.002564
v 0.040339 0.018517 -0.002535
v 0.040339 0.018310 -0.002486
v 0.040339 0.018204 -0.002454
v 0.040339 0.018096 -0.002417
v 0.040339 0.017987 -0.002373
v 0.040339 0.017877 -0.002323
v 0.040339 0.017766 -0.002266
v 0.040339 0.017656 -0.002202
v 0.040339 0.017546 -0.002132
v 0.040339 0.017438 -0.002053
v 0.040339 0.017331 -0.001968
v 0.040339 0.017227 -0.001874
v 0.040339 0.017126 -0.001773
v 0.040339 0.017029 -0.001665
v 0.040339 0.016936 -0.001549
v 0.040339 0.016850 -0.001426
v 0.040339 0.016769 -0.001296
v 0.040339 0.016695 -0.001160
v 0.040339 0.016629 -0.001018
v 0.040339 0.016571 -0.000871
v 0.040339 0.016522 -0.000719
v 0.040339 0.016482 -0.000564
v 0.040339 0.016452 -0.000406
v 0.040339 0.016432 -0.000246
v 0.040339 0.016421 -0.000085
v 0.040339 0.016421 0.000075
v 0.040339 0.016431 0.000235
v 0.040339 0.016450 0.000394
v 0.040339 0.016479 0.000549
v 0.040339 0.016517 0.000701
v 0.040339 0.016563 0.000849
v 0.040339 0.016618 0.000991
v 0.040339 0.016680 0.001129
v 0.040339 0.016748 0.001260
v 0.040339 0.016823 0.001385
v 0.040339 0.016903 0.001503
v 0.040339 0.016988 0.001615
v 0.040339 0.017076 0.001719
v 0.040339 0.017168 0.001817
v 0.040339 0.017262 0.001907
v 0.040339 0.017358 0.001990
v 0.040339 0.017456 0.002067
v 0.040339 0.017554 0.002137
v 0.040339 0.017653 0.002201
v 0.040339 0.017752 0.002258
v 0.040339 0.017850 0.002310
v 0.040339 0.018044 0.002397
v 0.040339 0.018233 0.002464
v 0.040339 0.018415 0.002513
v 0.040339 0.018589 0.002547
v 0.040374 0.019078 -0.002512
v 0.040374 0.018906 -0.002511
v 0.040374 0.018723 -0.002498
v 0.040374 0.018530 -0.002469
v 0.040374 0.018328 -0.002422
v 0.040374 0.018225 -0.002390
v 0.040374 0.018119 -0.002354
v 0.040374 0.018013 -0.002311
v 0.040374 0.017906 -0.002262
v 0.040374 0.017798 -0.002207
v 0.040374 0.017691 -0.002145
v 0.040374 0.017584 -0.002076
v 0.040374 0.017478 -0.002000
v 0.040374 0.017374 -0.001916
v 0.040374 0.017273 -0.001826
v 0.040374 0.017175 -0.001727
v 0.040374 0.017080 -0.001622
v 0.040374 0.016990 -0.001509
v 0.040374 0.016906 -0.001389
v 0.040374 0.016827 -0.001262
v 0.040374 0.016755 -0.001130
v 0.040374 0.016691 -0.000992
v 0.040374 0.016634 -0.000848
v 0.040374 0.016587 -0.000701
v 0.040374 0.016548 -0.000549
v 0.040374 0.016518 -0.000396
v 0.040374 0.016498 -0.000240
v 0.040374 0.016488 -0.000083
v 0.040374 0.016488 0.000074
v 0.040374 0.016497 0.000229
v 0.040374 0.016516 0.000383
v 0.040374 0.016545 0.000535
v 0.040374 0.016581 0.000683
v 0.040374 0.016627 0.000827
v 0.040374 0.016680 0.000966
v 0.040374 0.016740 0.001099
v 0.040374 0.016807 0.001227
v 0.040374 0.016880 0.001349
v 0.040374 0.016958 0.001464
v 0.040374 0.017040 0.001573
v 0.040374 0.017126 0.001674
v 0.040374 0.017215 0.001769
v 0.040374 0.017307 0.001857
v 0.040374 0.017401 0.001939
v 0.040374 0.017496 0.002013
v 0.040374 0.017592 0.002082
v 0.040374 0.017688 0.002144
v 0.040374 0.017784 0.002200
v 0.040374 0.017880 0.002250
v 0.040374 0.018069 0.002334
v 0.040374 0.018253 0.002399
v 0.040374 0.018430 0.002448
v 0.040374 0.018599 0.002481
v 0.040394 0.019076 -0.002442
v 0.040394 0.018908 -0.002442
v 0.040394 0.018730 -0.002428
v 0.040394 0.018543 -0.002400
v 0.040394 0.018347 -0.002354
v 0.040394 0.018246 -0.002324
v 0.040394 0.018144 -0.002288
v 0.040394 0.018040 -0.002247
v 0.040394 0.017936 -0.002200
v 0.040394 0.017832 -0.002146
v 0.040394 0.017727 -0.002086
v 0.040394 0.017623 -0.002018
v 0.040394 0.017521 -0.001944
v 0.040394 0.017420 -0.001863
v 0.040394 0.017321 -0.001775
v 0.040394 0.017225 -0.001679
v 0.040394 0.017133 -0.001576
v 0.040394 0.017046 -0.001467
v 0.040394 0.016964 -0.001350
v 0.040394 0.016887 -0.001227
v 0.040394 0.016818 -0.001098
v 0.040394 0.016755 -0.000964
v 0.040394 0.016700 -0.000825
v 0.040394 0.016654 -0.000681
v 0.040394 0.016616 -0.000534
v 0.040394 0.016587 -0.000385
v 0.040394 0.016568 -0.000233
v 0.040394 0.016558 -0.000081
v 0.040394 0.016558 0.000071
v 0.040394 0.016567 0.000223
v 0.040394 0.016585 0.000373
v 0.040394 0.016613 0.000520
v 0.040394 0.016649 0.000664
v 0.040394 0.016693 0.000804
v 0.040394 0.016744 0.000939
v 0.040394 0.016803 0.001069
v 0.040394 0.016868 0.001193
v 0.040394 0.016939 0.001311
v 0.040394 0.017014 0.001424
v 0.040394 0.017094 0.001529
v 0.040394 0.017178 0.001628
v 0.040394 0.017265 0.001720
v 0.040394 0.017354 0.001806
v 0.040394 0.017445 0.001885
v 0.040394 0.017538 0.001957
v 0.040394 0.017631 0.002024
v 0.040394 0.017725 0.002084
v 0.040394 0.017818 0.002138
v 0.040394 0.017911 0.002187
v 0.040394 0.018095 0.002270
v 0.040394 0.018274 0.002333
v 0.040394 0.018446 0.002380
v 0.040394 0.018611 0.002412
v 0.040400 0.019227 -0.002364
v 0.040400 0.019074 -0.002374
v 0.040400 0.018911 -0.002373
v 0.040400 0.018738 -0.002360
v 0.040400 0.018556 -0.002333
v 0.040400 0.018365 -0.002289
v 0.040400 0.018267 -0.002259
v 0.040400 0.018168 -0.002224
v 0.040400 0.018067 -0.002184
v 0.040400 0.017966 -0.002138
v 0.040400 0.017864 -0.002086
v 0.040400 0.017763 -0.002027
v 0.040400 0.017662 -0.001962
v 0.040400 0.017562 -0.001890
v 0.040400 0.017464 -0.001811
v 0.040400 0.017368 -0.001725
v 0.040400 0.017275 -0.001632
v 0.040400 0.017186 -0.001532
v 0.040400 0.017101 -0.001426
v 0.040400 0.017021 -0.001313
v 0.040400 0.016946 -0.001193
v 0.040400 0.016879 -0.001068
v 0.040400 0.016818 -0.000937
v 0.040400 0.016764 -0.000802
v 0.040400 0.016719 -0.000662
v 0.040400 0.016682 -0.000519
v 0.040400 0.016655 -0.000374
v 0.040400 0.016636 -0.000227
v 0.040400 0.016626 -0.000079
v 0.040400 0.016626 0.000069
v 0.040400 0.016635 0.000217
v 0.040400 0.016653 0.000362
v 0.040400 0.016679 0.000505
v 0.040400 0.016714 0.000645
v 0.040400 0.016757 0.000781
v 0.040400 0.016807 0.000913
v 0.040400 0.016864 0.001039
v 0.040400 0.016927 0.001160
v 0.040400 0.016996 0.001275
v 0.040400 0.017070 0.001384
v 0.040400 0.017148 0.001486
v 0.040400 0.017229 0.001582
v 0.040400 0.017313 0.001672
v 0.040400 0.017400 0.001755
v 0.040400 0.017489 0.001832
v 0.040400 0.017579 0.001903
v 0.040400 0.017669 0.001967
v 0.040400 0.017760 0.002026
v 0.040400 0.017851 0.002079
v 0.040400 0.017942 0.002126
v 0.040400 0.018120 0.002206
v 0.040400 0.018294 0.002268
v 0.040400 0.018462 0.002313
v 0.040400 0.018621 0.002345
v 0.040400 0.018773 0.002364
v 0.040395 0.018768 0.002423
v 0.040382 0.018762 0.002480
v 0.040359 0.018757 0.002534
v 0.040328 0.018752 0.002584
v 0.040290 0.018748 0.002628
v 0.040245 0.018744 0.002666
v 0.040195 0.018741 0.002697
v 0.040141 0.018739 0.002719
v 0.040084 0.018738 0.002733
v 0.040084 0.019262 -0.002733
v 0.040141 0.019261 -0.002719
v 0.040195 0.019259 -0.002697
v 0.040245 0.019256 -0.002666
v 0.040290 0.019252 -0.002628
v 0.040328 0.019248 -0.002584
v 0.040359 0.019243 -0.002534
v 0.040382 0.019238 -0.002480
v 0.040395 0.019232 -0.002423
v 0.040025 0.018620 0.002724
v 0.040025 0.018503 0.002705
v 0.040025 0.018387 0.002681
v 0.040025 0.018273 0.002652
v 0.040025 0.018159 0.002618
v 0.040025 0.018047 0.002580
v 0.040025 0.017937 0.002536
v 0.040025 0.017829 0.002488
v 0.040025 0.017723 0.002436
v 0.040025 0.017619 0.002378
v 0.040025 0.017518 0.002317
v 0.040025 0.017420 0.002251
v 0.040025 0.017325 0.002181
v 0.040025 0.017232 0.002107
v 0.040025 0.017143 0.002029
v 0.040025 0.017058 0.001947
v 0.040025 0.016976 0.001862
v 0.040025 0.016898 0.001773
v 0.040025 0.016823 0.001681
v 0.040025 0.016753 0.001586
v 0.040025 0.016687 0.001487
v 0.040025 0.016625 0.001387
v 0.040025 0.016568 0.001283
v 0.040025 0.016515 0.001177
v 0.040025 0.016466 0.001069
v 0.040025 0.016423 0.000959
v 0.040025 0.016384 0.000847
v 0.040025 0.016350 0.000734
v 0.040025 0.016321 0.000619
v 0.040025 0.016297 0.000504
v 0.040025 0.016277 0.000387
v 0.040025 0.016263 0.000269
v 0.040025 0.016254 0.000151
v 0.040025 0.016250 0.000033
v 0.040025 0.016251 -0.000085
v 0.040025 0.016258 -0.000203
v 0.040025 0.016269 -0.000321
v 0.040025 0.016285 -0.000438
v 0.040025 0.016307 -0.000555
v 0.040025 0.016333 -0.000670
v 0.040025 0.016364 -0.000784
v 0.040025 0.016400 -0.000897
v 0.040025 0.016441 -0.001008
v 0.040025 0.016487 -0.001117
v 0.040025 0.016538 -0.001224
v 0.040025 0.016592 -0.001329
v 0.040025 0.016652 -0.001431
v 0.040025 0.016716 -0.001531
v 0.040025 0.016784 -0.001628
v 0.040025 0.016856 -0.001722
v 0.040025 0.016932 -0.001812
v 0.040025 0.017012 -0.001900
v 0.040025 0.017095 -0.001984
v 0.040025 0.017182 -0.002064
v 0.040025 0.017273 -0.002140
v 0.040025 0.017367 -0.002212
v 0.040025 0.017463 -0.002281
v 0.040025 0.017563 -0.002345
v 0.040025 0.017665 -0.002404
v 0.040025 0.017770 -0.002459
v 0.040025 0.017877 -0.002510
v 0.040025 0.017986 -0.002556
v 0.040025 0.018096 -0.002597
v 0.040025 0.018209 -0.002634
v 0.040025 0.018323 -0.002665
v 0.040025 0.018438 -0.002692
v 0.040025 0.018555 -0.002714
v 0.040025 0.018672 -0.002730
v 0.040025 0.018790 -0.002742
v 0.040025 0.018908 -0.002748
v 0.040025 0.019026 -0.002750
v 0.040025 0.019144 -0.002746
v 0.040400 0.018773 0.002364
v 0.040400 0.018926 0.002374
v 0.040400 0.019089 0.002373
v 0.040400 0.019262 0.002360
v 0.040400 0.019444 0.002333
v 0.040400 0.019635 0.002289
v 0.040400 0.019733 0.002259
v 0.040400 0.019832 0.002224
v 0.040400 0.019933 0.002184
v 0.040400 0.020034 0.002138
v 0.040400 0.020136 0.002086
v 0.040400 0.020237 0.002027
v 0.040400 0.020338 0.001962
v 0.040400 0.020438 0.001890
v 0.040400 0.020536 0.001811
v 0.040400 0.020632 0.001725
v 0.040400 0.020725 0.001632
v 0.040400 0.020814 0.001532
v 0.040400 0.020899 0.001426
v 0.040400 0.020979 0.001313
v 0.040400 0.021054 0.001193
v 0.040400 0.021121 0.001068
v 0.040400 0.021182 0.000937
v 0.040400 0.021236 0.000802
v 0.040400 0.021281 0.000662
v 0.040400 0.021318 0.000519
v 0.040400 0.021345 0.000374
v 0.040400 0.021364 0.000227
v 0.040400 0.021374 0.000079
v 0.040400 0.021374 -0.000069
v 0.040400 0.021365 -0.000217
v 0.040400 0.021347 -0.000362
v 0.040400 0.021321 -0.000505
v 0.040400 0.021286 -0.000645
v 0.040400 0.021243 -0.000781
v 0.040400 0.021193 -0.000913
v 0.040400 0.021136 -0.001039
v 0.040400 0.021073 -0.001160
v 0.040400 0.021004 -0.001275
v 0.040400 0.020930 -0.001384
v 0.040400 0.020852 -0.001486
v 0.040400 0.020771 -0.001582
v 0.040400 0.020687 -0.001672
v 0.040400 0.020600 -0.001755
v 0.040400 0.020511 -0.001832
v 0.040400 0.020421 -0.001903
v 0.040400 0.020331 -0.001967
v 0.040400 0.020240 -0.002026
v 0.040400 0.020149 -0.002079
v 0.040400 0.020058 -0.002126
v 0.040400 0.019880 -0.002206
v 0.040400 0.019706 -0.002268
v 0.040400 0.019538 -0.002313
v 0.040400 0.019379 -0.002345
v 0.040400 0.019227 -0.002364
v 0.040400 0.019074 -0.002374
v 0.040400 0.018911 -0.002373
v 0.040400 0.018738 -0.002360
v 0.040400 0.018556 -0.002333
v 0.040400 0.018365 -0.002289
v 0.040400 0.018267 -0.002259
v 0.040400 0.018168 -0.002224
v 0.040400 0.018067 -0.002184
v 0.040400 0.017966 -0.002138
v 0.040400 0.017864 -0.002086
v 0.040400 0.017763 -0.002027
v 0.040400 0.017662 -0.001962
v 0.040400 0.017562 -0.001890
v 0.040400 0.017464 -0.001811
v 0.040400 0.017368 -0.001725
v 0.040400 0.017275 -0.001632
v 0.040400 0.017186 -0.001532
v 0.040400 0.017101 -0.001426
v 0.040400 0.017021 -0.001313
v 0.040400 0.016946 -0.001193
v 0.040400 0.016879 -0.001068
v 0.040400 0.016818 -0.000937
v 0.040400 0.016764 -0.000802
v 0.040400 0.016719 -0.000662
v 0.040400 0.016682 -0.000519
v 0.040400 0.016655 -0.000374
v 0.040400 0.016636 -0.000227
v 0.040400 0.016626 -0.000079
v 0.040400 0.016626 0.000069
v 0.040400 0.016635 0.000217
v 0.040400 0.016653 0.000362
v 0.040400 0.016679 0.000505
v 0.040400 0.016714 0.000645
v 0.040400 0.016757 0.000781
v 0.040400 0.016807 0.000913
v 0.040400 0.016864 0.001039
v 0.040400 0.016927 0.001160
v 0.040400 0.016996 0.001275
v 0.040400 0.017070 0.001384
v 0.040400 0.017148 0.001486
v 0.040400 0.017229 0.001582
v 0.040400 0.017313 0.001672
v 0.040400 0.017400 0.001755
v 0.040400 0.017489 0.001832
v 0.040400 0.017579 0.001903
v 0.040400 0.017669 0.001967
v 0.040400 0.017760 0.002026
v 0.040400 0.017851 0.002079
v 0.040400 0.017942 0.002126
v 0.040400 0.018120 0.002206
v 0.040400 0.018294 0.002268
v 0.040400 0.018462 0.002313
v 0.040400 0.018621 0.002345
v 0.040400 0.017687 0.000599
v 0.040400 0.017825 -0.000838
v 0.040400 0.020313 -0.000599
v 0.040400 0.020175 0.000838
v 0.040400 0.019138 -0.001437
v 0.040400 0.018862 0.001437
v 0.039100 0.019138 -0.001437
v 0.040400 0.020313 -0.000599
v 0.039100 0.019725 -0.001018
v 0.040400 0.019138 -0.001437
v 0.039100 0.020313 -0.000599
v 0.040400 0.017825 -0.000838
v 0.039100 0.017825 -0.000838
v 0.039100 0.019138 -0.001437
v 0.040400 0.019138 -0.001437
v 0.039100 0.018481 -0.001137
v 0.039100 0.017687 0.000599
v 0.040400 0.017825 -0.000838
v 0.040400 0.017687 0.000599
v 0.039100 0.017756 -0.000119
v 0.039100 0.017825 -0.000838
v 0.040400 0.018862 0.001437
v 0.040400 0.017687 0.000599
v 0.039100 0.018275 0.001018
v 0.039100 0.018862 0.001437
v 0.039100 0.017687 0.000599
v 0.039100 0.020175 0.000838
v 0.039100 0.018862 0.001437
v 0.040400 0.018862 0.001437
v 0.039100 0.019519 0.001137
v 0.040400 0.020175 0.000838
v 0.039100 0.020313 -0.000599
v 0.040400 0.020175 0.000838
v 0.040400 0.020313 -0.000599
v 0.039100 0.020244 0.000119
v 0.039100 0.020175 0.000838
v 0.039100 0.018481 -0.001137
v 0.039100 0.019119 -0.001244
v 0.039100 0.019249 -0.001225
v 0.039100 0.019375 -0.001192
v 0.039100 0.019498 -0.001147
v 0.039100 0.019615 -0.001088
v 0.039100 0.019725 -0.001018
v 0.039100 0.019138 -0.001437
v 0.039100 0.018603 -0.001185
v 0.039100 0.018729 -0.001220
v 0.039100 0.018858 -0.001242
v 0.039100 0.018989 -0.001250
v 0.039100 0.019725 -0.001018
v 0.039100 0.019839 -0.000927
v 0.039100 0.019941 -0.000823
v 0.039100 0.020030 -0.000708
v 0.039100 0.020105 -0.000584
v 0.039100 0.020165 -0.000452
v 0.039100 0.020210 -0.000313
v 0.039100 0.020238 -0.000171
v 0.039100 0.020250 -0.000026
v 0.039100 0.020313 -0.000599
v 0.039100 0.020244 0.000119
v 0.039100 0.018481 -0.001137
v 0.039100 0.017825 -0.000838
v 0.039100 0.017756 -0.000119
v 0.039100 0.017778 -0.000263
v 0.039100 0.017817 -0.000403
v 0.039100 0.017872 -0.000538
v 0.039100 0.017942 -0.000665
v 0.039100 0.018026 -0.000783
v 0.039100 0.018124 -0.000891
v 0.039100 0.018233 -0.000987
v 0.039100 0.018353 -0.001069
v 0.039100 0.018275 0.001018
v 0.039100 0.017756 -0.000119
v 0.039100 0.017687 0.000599
v 0.039100 0.018161 0.000927
v 0.039100 0.018059 0.000823
v 0.039100 0.017970 0.000708
v 0.039100 0.017895 0.000584
v 0.039100 0.017835 0.000452
v 0.039100 0.017790 0.000313
v 0.039100 0.017762 0.000171
v 0.039100 0.017750 0.000026
v 0.039100 0.019519 0.001137
v 0.039100 0.019397 0.001185
v 0.039100 0.019271 0.001220
v 0.039100 0.019142 0.001242
v 0.039100 0.019011 0.001250
v 0.039100 0.018881 0.001244
v 0.039100 0.018275 0.001018
v 0.039100 0.018862 0.001437
v 0.039100 0.018751 0.001225
v 0.039100 0.018625 0.001192
v 0.039100 0.018502 0.001147
v 0.039100 0.018385 0.001088
v 0.039100 0.019519 0.001137
v 0.039100 0.020244 0.000119
v 0.039100 0.020222 0.000263
v 0.039100 0.020183 0.000403
v 0.039100 0.020128 0.000538
v 0.039100 0.020058 0.000665
v 0.039100 0.019974 0.000783
v 0.039100 0.019876 0.000891
v 0.039100 0.019767 0.000987
v 0.039100 0.019647 0.001069
v 0.039100 0.020175 0.000838
v 0.038378 0.019000 0.000000
v 0.038378 0.019000 0.000000
v 0.038739 0.018880 0.000613
v 0.038378 0.019000 0.000000
v 0.038739 0.018820 0.000599
v 0.038378 0.019000 0.000000
v 0.038739 0.018762 0.000578
v 0.038378 0.019000 0.000000
v 0.038739 0.018707 0.000552
v 0.038378 0.019000 0.000000
v 0.038739 0.018654 0.000521
v 0.038378 0.019000 0.000000
v 0.038739 0.018605 0.000484
v 0.038378 0.019000 0.000000
v 0.038739 0.018559 0.000443
v 0.038378 0.019000 0.000000
v 0.038739 0.018518 0.000398
v 0.038378 0.019000 0.000000
v 0.038739 0.018481 0.000349
v 0.038378 0.019000 0.000000
v 0.038739 0.018450 0.000296
v 0.038378 0.019000 0.000000
v 0.038739 0.018423 0.000241
v 0.038378 0.019000 0.000000
v 0.038739 0.018402 0.000183
v 0.038378 0.019000 0.000000
v 0.038739 0.018387 0.000124
v 0.038378 0.019000 0.000000
v 0.038739 0.018378 0.000063
v 0.038378 0.019000 0.000000
v 0.038739 0.018375 0.000002
v 0.038378 0.019000 0.000000
v 0.038739 0.018378 -0.000060
v 0.038378 0.019000 0.000000
v 0.038739 0.018387 -0.000120
v 0.038378 0.019000 0.000000
v 0.038739 0.018401 -0.000180
v 0.038378 0.019000 0.000000
v 0.038739 0.018422 -0.000238
v 0.038378 0.019000 0.000000
v 0.038739 0.018448 -0.000293
v 0.038378 0.019000 0.000000
v 0.038739 0.018479 -0.000346
v 0.038378 0.019000 0.000000
v 0.038739 0.018516 -0.000395
v 0.038378 0.019000 0.000000
v 0.038739 0.018557 -0.000441
v 0.038378 0.019000 0.000000
v 0.038739 0.018602 -0.000482
v 0.038378 0.019000 0.000000
v 0.038739 0.018651 -0.000519
v 0.038378 0.019000 0.000000
v 0.038739 0.018704 -0.000550
v 0.038378 0.019000 0.000000
v 0.038739 0.018759 -0.000577
v 0.038378 0.019000 0.000000
v 0.038739 0.018817 -0.000598
v 0.038378 0.019000 0.000000
v 0.038739 0.018876 -0.000613
v 0.038378 0.019000 0.000000
v 0.038739 0.018937 -0.000622
v 0.038378 0.019000 0.000000
v 0.038739 0.018998 -0.000625
v 0.038378 0.019000 0.000000
v 0.039100 0.018881 0.001244
v 0.038859 0.018920 0.000830
v 0.038619 0.018960 0.000415
v 0.038619 0.019040 -0.000415
v 0.038859 0.019080 -0.000830
v 0.039100 0.018275 0.001018
v 0.039100 0.018385 0.001088
v 0.039100 0.018502 0.001147
v 0.039100 0.018625 0.001192
v 0.039100 0.018751 0.001225
v 0.039100 0.017756 -0.000119
v 0.039100 0.017750 0.000026
v 0.039100 0.017762 0.000171
v 0.039100 0.017790 0.000313
v 0.039100 0.017835 0.000452
v 0.039100 0.017895 0.000584
v 0.039100 0.017970 0.000708
v 0.039100 0.018059 0.000823
v 0.039100 0.018161 0.000927
v 0.039100 0.018481 -0.001137
v 0.039100 0.018353 -0.001069
v 0.039100 0.018233 -0.000987
v 0.039100 0.018124 -0.000891
v 0.039100 0.018026 -0.000783
v 0.039100 0.017942 -0.000665
v 0.039100 0.017872 -0.000538
v 0.039100 0.017817 -0.000403
v 0.039100 0.017778 -0.000263
v 0.039100 0.019119 -0.001244
v 0.039100 0.018989 -0.001250
v 0.039100 0.018858 -0.001242
v 0.039100 0.018729 -0.001220
v 0.039100 0.018603 -0.001185
v 0.040025 -0.019262 0.002737
v 0.040025 -0.018738 -0.002737
v 0.040093 -0.019085 0.002742
v 0.040093 -0.018897 0.002742
v 0.040093 -0.018697 0.002727
v 0.040093 -0.018487 0.002695
v 0.040093 -0.018266 0.002644
v 0.040093 -0.018153 0.002610
v 0.040093 -0.018039 0.002570
v 0.040093 -0.017922 0.002523
v 0.040093 -0.017805 0.002470
v 0.040093 -0.017688 0.002410
v 0.040093 -0.017571 0.002342
v 0.040093 -0.017454 0.002267
v 0.040093 -0.017339 0.002184
v 0.040093 -0.017225 0.002092
v 0.040093 -0.017114 0.001993
v 0.040093 -0.017007 0.001886
v 0.040093 -0.016904 0.001770
v 0.040093 -0.016806 0.001647
v 0.040093 -0.016713 0.001516
v 0.040093 -0.016628 0.001378
v 0.040093 -0.016549 0.001233
v 0.040093 -0.016479 0.001083
v 0.040093 -0.016417 0.000926
v 0.040093 -0.016365 0.000765
v 0.040093 -0.016323 0.000600
v 0.040093 -0.016290 0.000432
v 0.040093 -0.016269 0.000262
v 0.040093 -0.016258 0.000091
v 0.040093 -0.016257 -0.000080
v 0.040093 -0.016268 -0.000250
v 0.040093 -0.016288 -0.000419
v 0.040093 -0.016319 -0.000584
v 0.040093 -0.016359 -0.000745
v 0.040093 -0.016409 -0.000902
v 0.040093 -0.016467 -0.001054
v 0.040093 -0.016533 -0.001200
v 0.040093 -0.016606 -0.001340
v 0.040093 -0.016685 -0.001473
v 0.040093 -0.016770 -0.001599
v 0.040093 -0.016860 -0.001717
v 0.040093 -0.016954 -0.001828
v 0.040093 -0.017052 -0.001932
v 0.040093 -0.017152 -0.002028
v 0.040093 -0.017254 -0.002117
v 0.040093 -0.017358 -0.002198
v 0.040093 -0.017463 -0.002273
v 0.040093 -0.017568 -0.002340
v 0.040093 -0.017673 -0.002401
v 0.040093 -0.017778 -0.002456
v 0.040093 -0.017984 -0.002549
v 0.040093 -0.018185 -0.002620
v 0.040093 -0.018378 -0.002672
v 0.040093 -0.018563 -0.002709
v 0.040163 -0.019085 0.002722
v 0.040163 -0.018898 0.002722
v 0.040163 -0.018699 0.002707
v 0.040163 -0.018490 0.002676
v 0.040163 -0.018272 0.002625
v 0.040163 -0.018160 0.002591
v 0.040163 -0.018046 0.002551
v 0.040163 -0.017930 0.002505
v 0.040163 -0.017814 0.002452
v 0.040163 -0.017698 0.002392
v 0.040163 -0.017581 0.002325
v 0.040163 -0.017465 0.002250
v 0.040163 -0.017351 0.002168
v 0.040163 -0.017238 0.002077
v 0.040163 -0.017128 0.001979
v 0.040163 -0.017022 0.001872
v 0.040163 -0.016919 0.001757
v 0.040163 -0.016822 0.001635
v 0.040163 -0.016730 0.001505
v 0.040163 -0.016645 0.001368
v 0.040163 -0.016567 0.001224
v 0.040163 -0.016497 0.001075
v 0.040163 -0.016436 0.000919
v 0.040163 -0.016384 0.000759
v 0.040163 -0.016342 0.000595
v 0.040163 -0.016310 0.000429
v 0.040163 -0.016289 0.000260
v 0.040163 -0.016278 0.000090
v 0.040163 -0.016278 -0.000080
v 0.040163 -0.016288 -0.000249
v 0.040163 -0.016308 -0.000415
v 0.040163 -0.016339 -0.000580
v 0.040163 -0.016379 -0.000740
v 0.040163 -0.016428 -0.000896
v 0.040163 -0.016485 -0.001047
v 0.040163 -0.016551 -0.001191
v 0.040163 -0.016623 -0.001330
v 0.040163 -0.016702 -0.001462
v 0.040163 -0.016786 -0.001587
v 0.040163 -0.016876 -0.001705
v 0.040163 -0.016969 -0.001815
v 0.040163 -0.017066 -0.001918
v 0.040163 -0.017165 -0.002013
v 0.040163 -0.017267 -0.002101
v 0.040163 -0.017370 -0.002182
v 0.040163 -0.017474 -0.002256
v 0.040163 -0.017578 -0.002323
v 0.040163 -0.017683 -0.002384
v 0.040163 -0.017786 -0.002438
v 0.040163 -0.017991 -0.002530
v 0.040163 -0.018191 -0.002601
v 0.040163 -0.018382 -0.002653
v 0.040163 -0.018566 -0.002689
v 0.040230 -0.019084 0.002688
v 0.040230 -0.018899 0.002687
v 0.040230 -0.018703 0.002672
v 0.040230 -0.018497 0.002641
v 0.040230 -0.018281 0.002591
v 0.040230 -0.018170 0.002558
v 0.040230 -0.018058 0.002518
v 0.040230 -0.017944 0.002473
v 0.040230 -0.017829 0.002421
v 0.040230 -0.017714 0.002362
v 0.040230 -0.017599 0.002295
v 0.040230 -0.017485 0.002221
v 0.040230 -0.017372 0.002140
v 0.040230 -0.017261 0.002051
v 0.040230 -0.017152 0.001953
v 0.040230 -0.017047 0.001848
v 0.040230 -0.016946 0.001735
v 0.040230 -0.016850 0.001614
v 0.040230 -0.016759 0.001486
v 0.040230 -0.016675 0.001351
v 0.040230 -0.016598 0.001209
v 0.040230 -0.016529 0.001061
v 0.040230 -0.016469 0.000908
v 0.040230 -0.016418 0.000750
v 0.040230 -0.016376 0.000588
v 0.040230 -0.016345 0.000423
v 0.040230 -0.016323 0.000257
v 0.040230 -0.016313 0.000089
v 0.040230 -0.016312 -0.000079
v 0.040230 -0.016322 -0.000245
v 0.040230 -0.016343 -0.000410
v 0.040230 -0.016373 -0.000572
v 0.040230 -0.016412 -0.000730
v 0.040230 -0.016461 -0.000884
v 0.040230 -0.016518 -0.001033
v 0.040230 -0.016582 -0.001176
v 0.040230 -0.016654 -0.001313
v 0.040230 -0.016731 -0.001443
v 0.040230 -0.016815 -0.001567
v 0.040230 -0.016903 -0.001683
v 0.040230 -0.016995 -0.001792
v 0.040230 -0.017091 -0.001893
v 0.040230 -0.017189 -0.001987
v 0.040230 -0.017289 -0.002074
v 0.040230 -0.017391 -0.002154
v 0.040230 -0.017493 -0.002227
v 0.040230 -0.017596 -0.002293
v 0.040230 -0.017699 -0.002353
v 0.040230 -0.017802 -0.002407
v 0.040230 -0.018004 -0.002498
v 0.040230 -0.018201 -0.002567
v 0.040230 -0.018390 -0.002619
v 0.040230 -0.018571 -0.002654
v 0.040290 -0.019082 0.002639
v 0.040290 -0.018901 0.002638
v 0.040290 -0.018709 0.002624
v 0.040290 -0.018506 0.002594
v 0.040290 -0.018294 0.002544
v 0.040290 -0.018185 0.002511
v 0.040290 -0.018075 0.002473
v 0.040290 -0.017963 0.002428
v 0.040290 -0.017851 0.002377
v 0.040290 -0.017738 0.002319
v 0.040290 -0.017625 0.002254
v 0.040290 -0.017512 0.002181
v 0.040290 -0.017401 0.002101
v 0.040290 -0.017292 0.002013
v 0.040290 -0.017186 0.001918
v 0.040290 -0.017082 0.001815
v 0.040290 -0.016983 0.001704
v 0.040290 -0.016889 0.001585
v 0.040290 -0.016800 0.001459
v 0.040290 -0.016717 0.001326
v 0.040290 -0.016642 0.001187
v 0.040290 -0.016574 0.001042
v 0.040290 -0.016515 0.000891
v 0.040290 -0.016465 0.000736
v 0.040290 -0.016424 0.000577
v 0.040290 -0.016393 0.000416
v 0.040290 -0.016372 0.000252
v 0.040290 -0.016361 0.000087
v 0.040290 -0.016361 -0.000077
v 0.040290 -0.016371 -0.000241
v 0.040290 -0.016391 -0.000403
v 0.040290 -0.016420 -0.000562
v 0.040290 -0.016459 -0.000717
v 0.040290 -0.016507 -0.000868
v 0.040290 -0.016563 -0.001014
v 0.040290 -0.016626 -0.001155
v 0.040290 -0.016696 -0.001289
v 0.040290 -0.016772 -0.001417
v 0.040290 -0.016854 -0.001538
v 0.040290 -0.016941 -0.001652
v 0.040290 -0.017031 -0.001759
v 0.040290 -0.017125 -0.001859
v 0.040290 -0.017222 -0.001951
v 0.040290 -0.017320 -0.002037
v 0.040290 -0.017420 -0.002115
v 0.040290 -0.017521 -0.002187
v 0.040290 -0.017622 -0.002252
v 0.040290 -0.017723 -0.002311
v 0.040290 -0.017824 -0.002364
v 0.040290 -0.018022 -0.002452
v 0.040290 -0.018215 -0.002521
v 0.040290 -0.018401 -0.002571
v 0.040290 -0.018579 -0.002606
v 0.040339 -0.019080 0.002579
v 0.040339 -0.018903 0.002578
v 0.040339 -0.018715 0.002564
v 0.040339 -0.018517 0.002535
v 0.040339 -0.018310 0.002486
v 0.040339 -0.018204 0.002454
v 0.040339 -0.018096 0.002417
v 0.040339 -0.017987 0.002373
v 0.040339 -0.017877 0.002323
v 0.040339 -0.017766 0.002266
v 0.040339 -0.017656 0.002202
v 0.040339 -0.017546 0.002132
v 0.040339 -0.017438 0.002053
v 0.040339 -0.017331 0.001968
v 0.040339 -0.017227 0.001874
v 0.040339 -0.017126 0.001773
v 0.040339 -0.017029 0.001665
v 0.040339 -0.016936 0.001549
v 0.040339 -0.016850 0.001426
v 0.040339 -0.016769 0.001296
v 0.040339 -0.016695 0.001160
v 0.040339 -0.016629 0.001018
v 0.040339 -0.016571 0.000871
v 0.040339 -0.016522 0.000719
v 0.040339 -0.016482 0.000564
v 0.040339 -0.016452 0.000406
v 0.040339 -0.016432 0.000246
v 0.040339 -0.016421 0.000085
v 0.040339 -0.016421 -0.000075
v 0.040339 -0.016431 -0.000235
v 0.040339 -0.016450 -0.000394
v 0.040339 -0.016479 -0.000549
v 0.040339 -0.016517 -0.000701
v 0.040339 -0.016563 -0.000849
v 0.040339 -0.016618 -0.000991
v 0.040339 -0.016680 -0.001129
v 0.040339 -0.016748 -0.001260
v 0.040339 -0.016823 -0.001385
v 0.040339 -0.016903 -0.001503
v 0.040339 -0.016988 -0.001615
v 0.040339 -0.017076 -0.001719
v 0.040339 -0.017168 -0.001817
v 0.040339 -0.017262 -0.001907
v 0.040339 -0.017358 -0.001990
v 0.040339 -0.017456 -0.002067
v 0.040339 -0.017554 -0.002137
v 0.040339 -0.017653 -0.002201
v 0.040339 -0.017752 -0.002258
v 0.040339 -0.017850 -0.002310
v 0.040339 -0.018044 -0.002397
v 0.040339 -0.018233 -0.002464
v 0.040339 -0.018415 -0.002513
v 0.040339 -0.018589 -0.002547
v 0.040374 -0.019078 0.002512
v 0.040374 -0.018906 0.002511
v 0.040374 -0.018723 0.002498
v 0.040374 -0.018530 0.002469
v 0.040374 -0.018328 0.002422
v 0.040374 -0.018225 0.002390
v 0.040374 -0.018119 0.002354
v 0.040374 -0.018013 0.002311
v 0.040374 -0.017906 0.002262
v 0.040374 -0.017798 0.002207
v 0.040374 -0.017691 0.002145
v 0.040374 -0.017584 0.002076
v 0.040374 -0.017478 0.002000
v 0.040374 -0.017374 0.001916
v 0.040374 -0.017273 0.001826
v 0.040374 -0.017175 0.001727
v 0.040374 -0.017080 0.001622
v 0.040374 -0.016990 0.001509
v 0.040374 -0.016906 0.001389
v 0.040374 -0.016827 0.001262
v 0.040374 -0.016755 0.001130
v 0.040374 -0.016691 0.000992
v 0.040374 -0.016634 0.000848
v 0.040374 -0.016587 0.000701
v 0.040374 -0.016548 0.000549
v 0.040374 -0.016518 0.000396
v 0.040374 -0.016498 0.000240
v 0.040374 -0.016488 0.000083
v 0.040374 -0.016488 -0.000074
v 0.040374 -0.016497 -0.000229
v 0.040374 -0.016516 -0.000383
v 0.040374 -0.016544 -0.000535
v 0.040374 -0.016581 -0.000683
v 0.040374 -0.016627 -0.000827
v 0.040374 -0.016680 -0.000966
v 0.040374 -0.016740 -0.001099
v 0.040374 -0.016807 -0.001227
v 0.040374 -0.016880 -0.001349
v 0.040374 -0.016958 -0.001464
v 0.040374 -0.017040 -0.001573
v 0.040374 -0.017126 -0.001674
v 0.040374 -0.017215 -0.001769
v 0.040374 -0.017307 -0.001857
v 0.040374 -0.017401 -0.001939
v 0.040374 -0.017496 -0.002013
v 0.040374 -0.017592 -0.002082
v 0.040374 -0.017688 -0.002144
v 0.040374 -0.017784 -0.002200
v 0.040374 -0.017880 -0.002250
v 0.040374 -0.018069 -0.002334
v 0.040374 -0.018253 -0.002399
v 0.040374 -0.018430 -0.002448
v 0.040374 -0.018599 -0.002481
v 0.040394 -0.019076 0.002442
v 0.040394 -0.018908 0.002442
v 0.040394 -0.018730 0.002428
v 0.040394 -0.018543 0.002400
v 0.040394 -0.018347 0.002354
v 0.040394 -0.018246 0.002324
v 0.040394 -0.018144 0.002288
v 0.040394 -0.018040 0.002247
v 0.040394 -0.017936 0.002200
v 0.040394 -0.017832 0.002146
v 0.040394 -0.017727 0.002086
v 0.040394 -0.017623 0.002018
v 0.040394 -0.017521 0.001944
v 0.040394 -0.017420 0.001863
v 0.040394 -0.017321 0.001775
v 0.040394 -0.017225 0.001679
v 0.040394 -0.017133 0.001576
v 0.040394 -0.017046 0.001467
v 0.040394 -0.016964 0.001350
v 0.040394 -0.016887 0.001227
v 0.040394 -0.016818 0.001098
v 0.040394 -0.016755 0.000964
v 0.040394 -0.016700 0.000825
v 0.040394 -0.016654 0.000681
v 0.040394 -0.016616 0.000534
v 0.040394 -0.016587 0.000385
v 0.040394 -0.016568 0.000233
v 0.040394 -0.016558 0.000081
v 0.040394 -0.016558 -0.000071
v 0.040394 -0.016567 -0.000223
v 0.040394 -0.016585 -0.000373
v 0.040394 -0.016613 -0.000520
v 0.040394 -0.016649 -0.000664
v 0.040394 -0.016693 -0.000804
v 0.040394 -0.016744 -0.000939
v 0.040394 -0.016803 -0.001069
v 0.040394 -0.016868 -0.001193
v 0.040394 -0.016939 -0.001311
v 0.040394 -0.017014 -0.001424
v 0.040394 -0.017094 -0.001529
v 0.040394 -0.017178 -0.001628
v 0.040394 -0.017265 -0.001720
v 0.040394 -0.017354 -0.001806
v 0.040394 -0.017445 -0.001885
v 0.040394 -0.017538 -0.001957
v 0.040394 -0.017631 -0.002024
v 0.040394 -0.017725 -0.002084
v 0.040394 -0.017818 -0.002138
v 0.040394 -0.017911 -0.002187
v 0.040394 -0.018095 -0.002270
v 0.040394 -0.018274 -0.002333
v 0.040394 -0.018446 -0.002380
v 0.040394 -0.018611 -0.002412
v 0.040400 -0.019227 0.002364
v 0.040400 -0.019074 0.002374
v 0.040400 -0.018911 0.002373
v 0.040400 -0.018738 0.002360
v 0.040400 -0.018556 0.002333
v 0.040400 -0.018365 0.002289
v 0.040400 -0.018267 0.002259
v 0.040400 -0.018168 0.002224
v 0.040400 -0.018067 0.002184
v 0.040400 -0.017966 0.002138
v 0.040400 -0.017864 0.002086
v 0.040400 -0.017763 0.002027
v 0.040400 -0.017662 0.001962
v 0.040400 -0.017562 0.001890
v 0.040400 -0.017464 0.001811
v 0.040400 -0.017368 0.001725
v 0.040400 -0.017275 0.001632
v 0.040400 -0.017186 0.001532
v 0.040400 -0.017101 0.001426
v 0.040400 -0.017021 0.001313
v 0.040400 -0.016946 0.001193
v 0.040400 -0.016879 0.001068
v 0.040400 -0.016818 0.000937
v 0.040400 -0.016764 0.000802
v 0.040400 -0.016719 0.000662
v 0.040400 -0.016682 0.000519
v 0.040400 -0.016655 0.000374
v 0.040400 -0.016636 0.000227
v 0.040400 -0.016626 0.000079
v 0.040400 -0.016626 -0.000069
v 0.040400 -0.016635 -0.000217
v 0.040400 -0.016653 -0.000362
v 0.040400 -0.016679 -0.000505
v 0.040400 -0.016714 -0.000645
v 0.040400 -0.016757 -0.000781
v 0.040400 -0.016807 -0.000913
v 0.040400 -0.016864 -0.001039
v 0.040400 -0.016927 -0.001160
v 0.040400 -0.016996 -0.001275
v 0.040400 -0.017070 -0.001384
v 0.040400 -0.017148 -0.001486
v 0.040400 -0.017229 -0.001582
v 0.040400 -0.017313 -0.001672
v 0.040400 -0.017400 -0.001755
v 0.040400 -0.017489 -0.001832
v 0.040400 -0.017579 -0.001903
v 0.040400 -0.017669 -0.001967
v 0.040400 -0.017760 -0.002026
v 0.040400 -0.017851 -0.002079
v 0.040400 -0.017942 -0.002126
v 0.040400 -0.018120 -0.002206
v 0.040400 -0.018294 -0.002268
v 0.040400 -0.018462 -0.002313
v 0.040400 -0.018621 -0.002345
v 0.040400 -0.018773 -0.002364
v 0.040084 -0.019262 0.002733
v 0.040141 -0.019261 0.002719
v 0.040195 -0.019259 0.002697
v 0.040245 -0.019256 0.002666
v 0.040290 -0.019252 0.002628
v 0.040328 -0.019248 0.002584
v 0.040359 -0.019243 0.002534
v 0.040382 -0.019238 0.002480
v 0.040395 -0.019232 0.002423
v 0.040395 -0.018768 -0.002423
v 0.040382 -0.018762 -0.002480
v 0.040359 -0.018757 -0.002534
v 0.040328 -0.018752 -0.002584
v 0.040290 -0.018748 -0.002628
v 0.040245 -0.018744 -0.002666
v 0.040195 -0.018741 -0.002697
v 0.040141 -0.018739 -0.002719
v 0.040084 -0.018738 -0.002733
v 0.040025 -0.018620 -0.002724
v 0.040025 -0.018503 -0.002705
v 0.040025 -0.018387 -0.002681
v 0.040025 -0.018273 -0.002652
v 0.040025 -0.018159 -0.002618
v 0.040025 -0.018047 -0.002580
v 0.040025 -0.017937 -0.002536
v 0.040025 -0.017829 -0.002488
v 0.040025 -0.017723 -0.002436
v 0.040025 -0.017619 -0.002378
v 0.040025 -0.017518 -0.002317
v 0.040025 -0.017420 -0.002251
v 0.040025 -0.017325 -0.002181
v 0.040025 -0.017232 -0.002107
v 0.040025 -0.017143 -0.002029
v 0.040025 -0.017058 -0.001947
v 0.040025 -0.016976 -0.001862
v 0.040025 -0.016898 -0.001773
v 0.040025 -0.016823 -0.001681
v 0.040025 -0.016753 -0.001586
v 0.040025 -0.016687 -0.001487
v 0.040025 -0.016625 -0.001387
v 0.040025 -0.016568 -0.001283
v 0.040025 -0.016515 -0.001177
v 0.040025 -0.016466 -0.001069
v 0.040025 -0.016423 -0.000959
v 0.040025 -0.016384 -0.000847
v 0.040025 -0.016350 -0.000734
v 0.040025 -0.016321 -0.000619
v 0.040025 -0.016296 -0.000504
v 0.040025 -0.016277 -0.000387
v 0.040025 -0.016263 -0.000269
v 0.040025 -0.016254 -0.000151
v 0.040025 -0.016250 -0.000033
v 0.040025 -0.016251 0.000085
v 0.040025 -0.016258 0.000203
v 0.040025 -0.016269 0.000321
v 0.040025 -0.016285 0.000438
v 0.040025 -0.016307 0.000555
v 0.040025 -0.016333 0.000670
v 0.040025 -0.016364 0.000784
v 0.040025 -0.016400 0.000897
v 0.040025 -0.016441 0.001008
v 0.040025 -0.016487 0.001117
v 0.040025 -0.016538 0.001224
v 0.040025 -0.016593 0.001329
v 0.040025 -0.016652 0.001431
v 0.040025 -0.016716 0.001531
v 0.040025 -0.016784 0.001628
v 0.040025 -0.016856 0.001722
v 0.040025 -0.016932 0.001812
v 0.040025 -0.017012 0.001900
v 0.040025 -0.017095 0.001984
v 0.040025 -0.017182 0.002064
v 0.040025 -0.017273 0.002140
v 0.040025 -0.017366 0.002212
v 0.040025 -0.017463 0.002281
v 0.040025 -0.017563 0.002345
v 0.040025 -0.017665 0.002404
v 0.040025 -0.017770 0.002459
v 0.040025 -0.017877 0.002510
v 0.040025 -0.017986 0.002556
v 0.040025 -0.018096 0.002597
v 0.040025 -0.018209 0.002634
v 0.040025 -0.018323 0.002665
v 0.040025 -0.018438 0.002692
v 0.040025 -0.018555 0.002714
v 0.040025 -0.018672 0.002730
v 0.040025 -0.018790 0.002742
v 0.040025 -0.018908 0.002748
v 0.040025 -0.019026 0.002750
v 0.040025 -0.019144 0.002746
v 0.033500 -0.019143 0.001493
v 0.037400 -0.019143 0.001493
v 0.033500 -0.018857 -0.001493
v 0.037400 -0.018857 -0.001493
v 0.033500 -0.019252 0.001479
v 0.033500 -0.019359 0.001456
v 0.033500 -0.019464 0.001426
v 0.033500 -0.019567 0.001389
v 0.033500 -0.019667 0.001343
v 0.033500 -0.019763 0.001291
v 0.033500 -0.019856 0.001232
v 0.033500 -0.019943 0.001166
v 0.033500 -0.020026 0.001094
v 0.033500 -0.020103 0.001017
v 0.033500 -0.020174 0.000933
v 0.033500 -0.020239 0.000845
v 0.033500 -0.020298 0.000752
v 0.033500 -0.020349 0.000656
v 0.033500 -0.020393 0.000555
v 0.033500 -0.020430 0.000452
v 0.033500 -0.020459 0.000347
v 0.033500 -0.020481 0.000239
v 0.033500 -0.020494 0.000130
v 0.033500 -0.020500 0.000021
v 0.033500 -0.020497 -0.000089
v 0.033500 -0.020487 -0.000198
v 0.033500 -0.020469 -0.000306
v 0.033500 -0.020442 -0.000412
v 0.033500 -0.020408 -0.000516
v 0.033500 -0.020367 -0.000618
v 0.033500 -0.020318 -0.000716
v 0.033500 -0.020262 -0.000810
v 0.033500 -0.020200 -0.000900
v 0.033500 -0.020131 -0.000985
v 0.033500 -0.020056 -0.001065
v 0.033500 -0.019976 -0.001139
v 0.033500 -0.019890 -0.001208
v 0.033500 -0.019799 -0.001269
v 0.033500 -0.019704 -0.001324
v 0.033500 -0.019606 -0.001372
v 0.033500 -0.019504 -0.001413
v 0.033500 -0.019400 -0.001446
v 0.033500 -0.019293 -0.001471
v 0.033500 -0.019185 -0.001489
v 0.033500 -0.019076 -0.001498
v 0.033500 -0.018966 -0.001500
v 0.035450 -0.018857 -0.001493
v 0.037400 -0.019031 -0.001500
v 0.037400 -0.019205 -0.001486
v 0.037400 -0.019376 -0.001452
v 0.037400 -0.019542 -0.001399
v 0.037400 -0.019701 -0.001326
v 0.037400 -0.019850 -0.001236
v 0.037400 -0.019988 -0.001129
v 0.037400 -0.020112 -0.001006
v 0.037400 -0.020222 -0.000871
v 0.037400 -0.020314 -0.000723
v 0.037400 -0.020389 -0.000565
v 0.037400 -0.020446 -0.000400
v 0.037400 -0.020482 -0.000230
v 0.037400 -0.020499 -0.000056
v 0.037400 -0.020495 0.000118
v 0.037400 -0.020471 0.000291
v 0.037400 -0.020428 0.000460
v 0.037400 -0.020365 0.000623
v 0.037400 -0.020283 0.000777
v 0.037400 -0.020184 0.000921
v 0.037400 -0.020069 0.001052
v 0.037400 -0.019940 0.001169
v 0.037400 -0.019798 0.001270
v 0.037400 -0.019645 0.001354
v 0.037400 -0.019484 0.001420
v 0.037400 -0.019316 0.001466
v 0.035450 -0.019143 0.001493
v 0.033400 -0.019134 0.001394
v 0.033500 -0.019143 0.001493
v 0.033400 -0.020339 0.000410
v 0.033400 -0.020394 -0.000134
v 0.033400 -0.019891 -0.001080
v 0.033400 -0.018866 -0.001394
v 0.033500 -0.018857 -0.001493
v 0.033500 -0.018966 -0.001500
v 0.033500 -0.019076 -0.001498
v 0.033500 -0.019185 -0.001489
v 0.033500 -0.019293 -0.001471
v 0.033500 -0.019400 -0.001446
v 0.033500 -0.019504 -0.001413
v 0.033500 -0.019606 -0.001372
v 0.033500 -0.019704 -0.001324
v 0.033500 -0.019799 -0.001269
v 0.033500 -0.019890 -0.001208
v 0.033500 -0.019976 -0.001139
v 0.033500 -0.020056 -0.001065
v 0.033500 -0.020131 -0.000985
v 0.033500 -0.020200 -0.000900
v 0.033500 -0.020262 -0.000810
v 0.033500 -0.020318 -0.000716
v 0.033500 -0.020367 -0.000618
v 0.033500 -0.020408 -0.000516
v 0.033500 -0.020442 -0.000412
v 0.033500 -0.020469 -0.000306
v 0.033500 -0.020487 -0.000198
v 0.033500 -0.020497 -0.000089
v 0.033500 -0.020500 0.000021
v 0.033500 -0.020494 0.000130
v 0.033500 -0.020481 0.000239
v 0.033500 -0.020459 0.000347
v 0.033500 -0.020430 0.000452
v 0.033500 -0.020393 0.000555
v 0.033500 -0.020349 0.000656
v 0.033500 -0.020298 0.000752
v 0.033500 -0.020239 0.000845
v 0.033500 -0.020174 0.000933
v 0.033500 -0.020103 0.001017
v 0.033500 -0.020026 0.001094
v 0.033500 -0.019943 0.001166
v 0.033500 -0.019856 0.001232
v 0.033500 -0.019763 0.001291
v 0.033500 -0.019667 0.001343
v 0.033500 -0.019567 0.001389
v 0.033500 -0.019464 0.001426
v 0.033500 -0.019359 0.001456
v 0.033500 -0.019252 0.001479
v 0.033400 -0.019243 0.001379
v 0.033400 -0.019350 0.001356
v 0.033400 -0.019455 0.001324
v 0.033400 -0.019558 0.001284
v 0.033400 -0.019657 0.001236
v 0.033400 -0.019752 0.001181
v 0.033400 -0.019842 0.001118
v 0.033400 -0.019927 0.001049
v 0.033400 -0.020007 0.000973
v 0.033400 -0.020080 0.000891
v 0.033400 -0.020146 0.000803
v 0.033400 -0.020206 0.000711
v 0.033400 -0.020258 0.000614
v 0.033400 -0.020302 0.000514
v 0.033400 -0.020367 0.000304
v 0.033400 -0.020386 0.000195
v 0.033400 -0.020397 0.000086
v 0.033400 -0.020400 -0.000024
v 0.033400 -0.020379 -0.000243
v 0.033400 -0.020356 -0.000350
v 0.033400 -0.020324 -0.000455
v 0.033400 -0.020284 -0.000558
v 0.033400 -0.020236 -0.000657
v 0.033400 -0.020181 -0.000752
v 0.033400 -0.020118 -0.000842
v 0.033400 -0.020049 -0.000927
v 0.033400 -0.019973 -0.001007
v 0.033400 -0.019803 -0.001146
v 0.033400 -0.019711 -0.001206
v 0.033400 -0.019614 -0.001258
v 0.033400 -0.019514 -0.001302
v 0.033400 -0.019410 -0.001339
v 0.033400 -0.019304 -0.001367
v 0.033400 -0.019195 -0.001386
v 0.033400 -0.019086 -0.001397
v 0.033400 -0.018976 -0.001400
v 0.033450 -0.018862 -0.001443
v 0.033450 -0.019138 0.001443
v 0.037400 -0.019262 0.002737
v 0.040025 -0.019262 0.002737
v 0.037400 -0.021121 0.001750
v 0.037400 -0.021737 -0.000262
v 0.037400 -0.018738 -0.002737
v 0.040025 -0.018738 -0.002737
v 0.037400 -0.019500 0.002704
v 0.037400 -0.019734 0.002650
v 0.037400 -0.019962 0.002576
v 0.037400 -0.020183 0.002483
v 0.037400 -0.020395 0.002370
v 0.037400 -0.020596 0.002239
v 0.037400 -0.020785 0.002092
v 0.037400 -0.020961 0.001928
v 0.037400 -0.021266 0.001559
v 0.037400 -0.021393 0.001355
v 0.037400 -0.021502 0.001141
v 0.037400 -0.021592 0.000919
v 0.037400 -0.021662 0.000690
v 0.037400 -0.021712 0.000455
v 0.037400 -0.021741 0.000217
v 0.037400 -0.021750 -0.000023
v 0.037400 -0.021704 -0.000500
v 0.037400 -0.021650 -0.000734
v 0.037400 -0.021576 -0.000962
v 0.037400 -0.021483 -0.001183
v 0.037400 -0.021370 -0.001395
v 0.037400 -0.021239 -0.001596
v 0.037400 -0.021092 -0.001785
v 0.037400 -0.020928 -0.001961
v 0.037400 -0.020750 -0.002121
v 0.037400 -0.020559 -0.002266
v 0.037400 -0.020355 -0.002393
v 0.037400 -0.020141 -0.002502
v 0.037400 -0.019919 -0.002592
v 0.037400 -0.019690 -0.002662
v 0.037400 -0.019455 -0.002712
v 0.037400 -0.019217 -0.002741
v 0.037400 -0.018977 -0.002750
v 0.038713 -0.018738 -0.002737
v 0.040025 -0.018856 -0.002746
v 0.040025 -0.018974 -0.002750
v 0.040025 -0.019092 -0.002748
v 0.040025 -0.019210 -0.002742
v 0.040025 -0.019328 -0.002730
v 0.040025 -0.019445 -0.002714
v 0.040025 -0.019562 -0.002692
v 0.040025 -0.019677 -0.002665
v 0.040025 -0.019791 -0.002634
v 0.040025 -0.019904 -0.002597
v 0.040025 -0.020014 -0.002556
v 0.040025 -0.020123 -0.002510
v 0.040025 -0.020230 -0.002459
v 0.040025 -0.020335 -0.002404
v 0.040025 -0.020437 -0.002345
v 0.040025 -0.020537 -0.002281
v 0.040025 -0.020633 -0.002212
v 0.040025 -0.020727 -0.002140
v 0.040025 -0.020818 -0.002064
v 0.040025 -0.020905 -0.001984
v 0.040025 -0.020988 -0.001900
v 0.040025 -0.021068 -0.001812
v 0.040025 -0.021144 -0.001722
v 0.040025 -0.021216 -0.001628
v 0.040025 -0.021284 -0.001531
v 0.040025 -0.021348 -0.001431
v 0.040025 -0.021408 -0.001329
v 0.040025 -0.021462 -0.001224
v 0.040025 -0.021513 -0.001117
v 0.040025 -0.021559 -0.001008
v 0.040025 -0.021600 -0.000897
v 0.040025 -0.021636 -0.000784
v 0.040025 -0.021667 -0.000670
v 0.040025 -0.021693 -0.000555
v 0.040025 -0.021715 -0.000438
v 0.040025 -0.021731 -0.000321
v 0.040025 -0.021742 -0.000203
v 0.040025 -0.021749 -0.000085
v 0.040025 -0.021750 0.000033
v 0.040025 -0.021746 0.000151
v 0.040025 -0.021737 0.000269
v 0.040025 -0.021723 0.000387
v 0.040025 -0.021703 0.000504
v 0.040025 -0.021679 0.000619
v 0.040025 -0.021650 0.000734
v 0.040025 -0.021616 0.000847
v 0.040025 -0.021577 0.000959
v 0.040025 -0.021534 0.001069
v 0.040025 -0.021485 0.001177
v 0.040025 -0.021432 0.001283
v 0.040025 -0.021375 0.001387
v 0.040025 -0.021313 0.001487
v 0.040025 -0.021247 0.001586
v 0.040025 -0.021177 0.001681
v 0.040025 -0.021102 0.001773
v 0.040025 -0.021024 0.001862
v 0.040025 -0.020942 0.001947
v 0.040025 -0.020857 0.002029
v 0.040025 -0.020768 0.002107
v 0.040025 -0.020675 0.002181
v 0.040025 -0.020580 0.002251
v 0.040025 -0.020482 0.002317
v 0.040025 -0.020381 0.002378
v 0.040025 -0.020277 0.002436
v 0.040025 -0.020171 0.002488
v 0.040025 -0.020063 0.002536
v 0.040025 -0.019953 0.002580
v 0.040025 -0.019841 0.002618
v 0.040025 -0.019727 0.002652
v 0.040025 -0.019613 0.002681
v 0.040025 -0.019497 0.002705
v 0.040025 -0.019380 0.002724
v 0.038713 -0.019262 0.002737
v 0.038378 -0.019000 0.000000
v 0.038378 -0.019000 0.000000
v 0.038739 -0.018880 -0.000613
v 0.038378 -0.019000 0.000000
v 0.038739 -0.018820 -0.000599
v 0.038378 -0.019000 0.000000
v 0.038739 -0.018762 -0.000578
v 0.038378 -0.019000 0.000000
v 0.038739 -0.018707 -0.000552
v 0.038378 -0.019000 0.000000
v 0.038739 -0.018654 -0.000521
v 0.038378 -0.019000 0.000000
v 0.038739 -0.018605 -0.000484
v 0.038378 -0.019000 0.000000
v 0.038739 -0.018559 -0.000443
v 0.038378 -0.019000 0.000000
v 0.038739 -0.018518 -0.000398
v 0.038378 -0.019000 0.000000
v 0.038739 -0.018481 -0.000349
v 0.038378 -0.019000 0.000000
v 0.038739 -0.018450 -0.000296
v 0.038378 -0.019000 0.000000
v 0.038739 -0.018423 -0.000241
v 0.038378 -0.019000 0.000000
v 0.038739 -0.018402 -0.000183
v 0.038378 -0.019000 0.000000
v 0.038739 -0.018387 -0.000124
v 0.038378 -0.019000 0.000000
v 0.038739 -0.018378 -0.000063
v 0.038378 -0.019000 0.000000
v 0.038739 -0.018375 -0.000002
v 0.038378 -0.019000 0.000000
v 0.038739 -0.018378 0.000060
v 0.038378 -0.019000 0.000000
v 0.038739 -0.018387 0.000120
v 0.038378 -0.019000 0.000000
v 0.038739 -0.018401 0.000180
v 0.038378 -0.019000 0.000000
v 0.038739 -0.018422 0.000238
v 0.038378 -0.019000 0.000000
v 0.038739 -0.018448 0.000293
v 0.038378 -0.019000 0.000000
v 0.038739 -0.018479 0.000346
v 0.038378 -0.019000 0.000000
v 0.038739 -0.018516 0.000395
v 0.038378 -0.019000 0.000000
v 0.038739 -0.018557 0.000441
v 0.038378 -0.019000 0.000000
v 0.038739 -0.018602 0.000482
v 0.038378 -0.019000 0.000000
v 0.038739 -0.018651 0.000519
v 0.038378 -0.019000 0.000000
v 0.038739 -0.018704 0.000550
v 0.038378 -0.019000 0.000000
v 0.038739 -0.018759 0.000577
v 0.038378 -0.019000 0.000000
v 0.038739 -0.018817 0.000598
v 0.038378 -0.019000 0.000000
v 0.038739 -0.018876 0.000613
v 0.038378 -0.019000 0.000000
v 0.038739 -0.018937 0.000622
v 0.038378 -0.019000 0.000000
v 0.038739 -0.018998 0.000625
v 0.038378 -0.019000 0.000000
v 0.038619 -0.019040 0.000415
v 0.038859 -0.019080 0.000830
v 0.039100 -0.018881 -0.001244
v 0.038859 -0.018920 -0.000830
v 0.038619 -0.018960 -0.000415
v 0.039100 -0.018275 -0.001018
v 0.039100 -0.018385 -0.001088
v 0.039100 -0.018502 -0.001147
v 0.039100 -0.018625 -0.001192
v 0.039100 -0.018751 -0.001225
v 0.039100 -0.017756 0.000119
v 0.039100 -0.017750 -0.000026
v 0.039100 -0.017762 -0.000171
v 0.039100 -0.017790 -0.000313
v 0.039100 -0.017835 -0.000452
v 0.039100 -0.017895 -0.000584
v 0.039100 -0.017970 -0.000708
v 0.039100 -0.018059 -0.000823
v 0.039100 -0.018161 -0.000927
v 0.039100 -0.018481 0.001137
v 0.039100 -0.018353 0.001069
v 0.039100 -0.018233 0.000987
v 0.039100 -0.018124 0.000891
v 0.039100 -0.018026 0.000783
v 0.039100 -0.017942 0.000665
v 0.039100 -0.017872 0.000538
v 0.039100 -0.017817 0.000403
v 0.039100 -0.017778 0.000263
v 0.039100 -0.019119 0.001244
v 0.039100 -0.018989 0.001250
v 0.039100 -0.018858 0.001242
v 0.039100 -0.018729 0.001220
v 0.039100 -0.018603 0.001185
v 0.033500 -0.018857 -0.001493
v 0.037400 -0.018857 -0.001493
v 0.033500 -0.019143 0.001493
v 0.037400 -0.019143 0.001493
v 0.035450 -0.018857 -0.001493
v 0.035450 -0.019143 0.001493
v 0.033500 -0.018748 -0.001479
v 0.033500 -0.018641 -0.001456
v 0.033500 -0.018536 -0.001426
v 0.033500 -0.018433 -0.001389
v 0.033500 -0.018333 -0.001343
v 0.033500 -0.018237 -0.001291
v 0.033500 -0.018144 -0.001232
v 0.033500 -0.018057 -0.001166
v 0.033500 -0.017974 -0.001094
v 0.033500 -0.017897 -0.001017
v 0.033500 -0.017826 -0.000933
v 0.033500 -0.017761 -0.000845
v 0.033500 -0.017702 -0.000752
v 0.033500 -0.017651 -0.000656
v 0.033500 -0.017607 -0.000555
v 0.033500 -0.017570 -0.000452
v 0.033500 -0.017541 -0.000347
v 0.033500 -0.017519 -0.000239
v 0.033500 -0.017506 -0.000130
v 0.033500 -0.017500 -0.000021
v 0.033500 -0.017503 0.000089
v 0.033500 -0.017513 0.000198
v 0.033500 -0.017531 0.000306
v 0.033500 -0.017558 0.000412
v 0.033500 -0.017592 0.000516
v 0.033500 -0.017633 0.000618
v 0.033500 -0.017682 0.000716
v 0.033500 -0.017738 0.000810
v 0.033500 -0.017800 0.000900
v 0.033500 -0.017869 0.000985
v 0.033500 -0.017944 0.001065
v 0.033500 -0.018024 0.001139
v 0.033500 -0.018110 0.001208
v 0.033500 -0.018201 0.001269
v 0.033500 -0.018296 0.001324
v 0.033500 -0.018394 0.001372
v 0.033500 -0.018496 0.001413
v 0.033500 -0.018600 0.001446
v 0.033500 -0.018707 0.001471
v 0.033500 -0.018815 0.001489
v 0.033500 -0.018924 0.001498
v 0.033500 -0.019034 0.001500
v 0.037400 -0.018969 0.001500
v 0.037400 -0.018795 0.001486
v 0.037400 -0.018624 0.001452
v 0.037400 -0.018458 0.001399
v 0.037400 -0.018299 0.001326
v 0.037400 -0.018150 0.001236
v 0.037400 -0.018012 0.001129
v 0.037400 -0.017888 0.001006
v 0.037400 -0.017778 0.000871
v 0.037400 -0.017686 0.000723
v 0.037400 -0.017611 0.000565
v 0.037400 -0.017554 0.000400
v 0.037400 -0.017518 0.000230
v 0.037400 -0.017501 0.000056
v 0.037400 -0.017505 -0.000118
v 0.037400 -0.017529 -0.000291
v 0.037400 -0.017572 -0.000460
v 0.037400 -0.017635 -0.000623
v 0.037400 -0.017717 -0.000777
v 0.037400 -0.017816 -0.000921
v 0.037400 -0.017931 -0.001052
v 0.037400 -0.018060 -0.001169
v 0.037400 -0.018202 -0.001270
v 0.037400 -0.018355 -0.001354
v 0.037400 -0.018516 -0.001420
v 0.037400 -0.018684 -0.001466
v 0.037400 -0.019143 0.001493
v 0.037400 -0.019316 0.001466
v 0.037400 -0.019484 0.001420
v 0.037400 -0.019645 0.001354
v 0.037400 -0.019798 0.001270
v 0.037400 -0.019940 0.001169
v 0.037400 -0.020069 0.001052
v 0.037400 -0.020184 0.000921
v 0.037400 -0.020283 0.000777
v 0.037400 -0.020365 0.000623
v 0.037400 -0.020428 0.000460
v 0.037400 -0.020471 0.000291
v 0.037400 -0.020495 0.000118
v 0.037400 -0.020499 -0.000056
v 0.037400 -0.020482 -0.000230
v 0.037400 -0.020446 -0.000400
v 0.037400 -0.020389 -0.000565
v 0.037400 -0.020314 -0.000723
v 0.037400 -0.020222 -0.000871
v 0.037400 -0.020112 -0.001006
v 0.037400 -0.019988 -0.001129
v 0.037400 -0.019850 -0.001236
v 0.037400 -0.019701 -0.001326
v 0.037400 -0.019542 -0.001399
v 0.037400 -0.019376 -0.001452
v 0.037400 -0.019205 -0.001486
v 0.037400 -0.019031 -0.001500
v 0.037400 -0.018857 -0.001493
v 0.037400 -0.018738 -0.002737
v 0.037400 -0.018977 -0.002750
v 0.037400 -0.019217 -0.002741
v 0.037400 -0.019455 -0.002712
v 0.037400 -0.019690 -0.002662
v 0.037400 -0.019919 -0.002592
v 0.037400 -0.020141 -0.002502
v 0.037400 -0.020355 -0.002393
v 0.037400 -0.020559 -0.002266
v 0.037400 -0.020750 -0.002121
v 0.037400 -0.020928 -0.001961
v 0.037400 -0.021092 -0.001785
v 0.037400 -0.021239 -0.001596
v 0.037400 -0.021370 -0.001395
v 0.037400 -0.021483 -0.001183
v 0.037400 -0.021576 -0.000962
v 0.037400 -0.021650 -0.000734
v 0.037400 -0.021704 -0.000500
v 0.037400 -0.021737 -0.000262
v 0.037400 -0.021750 -0.000023
v 0.037400 -0.021741 0.000217
v 0.037400 -0.021712 0.000455
v 0.037400 -0.021662 0.000690
v 0.037400 -0.021592 0.000919
v 0.037400 -0.021502 0.001141
v 0.037400 -0.021393 0.001355
v 0.037400 -0.021266 0.001559
v 0.037400 -0.021121 0.001750
v 0.037400 -0.020961 0.001928
v 0.037400 -0.020785 0.002092
v 0.037400 -0.020596 0.002239
v 0.037400 -0.020395 0.002370
v 0.037400 -0.020183 0.002483
v 0.037400 -0.019962 0.002576
v 0.037400 -0.019734 0.002650
v 0.037400 -0.019500 0.002704
v 0.037400 -0.019262 0.002737
v 0.037400 -0.018684 -0.001466
v 0.037400 -0.018516 -0.001420
v 0.037400 -0.018355 -0.001354
v 0.037400 -0.018202 -0.001270
v 0.037400 -0.018060 -0.001169
v 0.037400 -0.017931 -0.001052
v 0.037400 -0.017816 -0.000921
v 0.037400 -0.017717 -0.000777
v 0.037400 -0.017635 -0.000623
v 0.037400 -0.017572 -0.000460
v 0.037400 -0.017529 -0.000291
v 0.037400 -0.017505 -0.000118
v 0.037400 -0.017501 0.000056
v 0.037400 -0.017518 0.000230
v 0.037400 -0.017554 0.000400
v 0.037400 -0.017611 0.000565
v 0.037400 -0.017686 0.000723
v 0.037400 -0.017778 0.000871
v 0.037400 -0.017888 0.001006
v 0.037400 -0.018012 0.001129
v 0.037400 -0.018150 0.001236
v 0.037400 -0.018299 0.001326
v 0.037400 -0.018458 0.001399
v 0.037400 -0.018624 0.001452
v 0.037400 -0.018795 0.001486
v 0.037400 -0.018969 0.001500
v 0.037400 -0.019023 0.002750
v 0.037400 -0.018783 0.002741
v 0.037400 -0.018545 0.002712
v 0.037400 -0.018310 0.002662
v 0.037400 -0.018081 0.002592
v 0.037400 -0.017859 0.002502
v 0.037400 -0.017645 0.002393
v 0.037400 -0.017441 0.002266
v 0.037400 -0.017250 0.002121
v 0.037400 -0.017072 0.001961
v 0.037400 -0.016908 0.001785
v 0.037400 -0.016761 0.001596
v 0.037400 -0.016630 0.001395
v 0.037400 -0.016517 0.001183
v 0.037400 -0.016424 0.000962
v 0.037400 -0.016350 0.000734
v 0.037400 -0.016296 0.000500
v 0.037400 -0.016263 0.000262
v 0.037400 -0.016250 0.000023
v 0.037400 -0.016259 -0.000217
v 0.037400 -0.016288 -0.000455
v 0.037400 -0.016338 -0.000690
v 0.037400 -0.016408 -0.000919
v 0.037400 -0.016498 -0.001141
v 0.037400 -0.016607 -0.001355
v 0.037400 -0.016734 -0.001559
v 0.037400 -0.016879 -0.001750
v 0.037400 -0.017039 -0.001928
v 0.037400 -0.017215 -0.002092
v 0.037400 -0.017404 -0.002239
v 0.037400 -0.017605 -0.002370
v 0.037400 -0.017817 -0.002483
v 0.037400 -0.018038 -0.002576
v 0.037400 -0.018266 -0.002650
v 0.037400 -0.018500 -0.002704
v 0.033400 -0.018866 -0.001394
v 0.033500 -0.018857 -0.001493
v 0.033400 -0.017606 0.000134
v 0.033400 -0.019134 0.001394
v 0.033500 -0.019143 0.001493
v 0.033450 -0.018862 -0.001443
v 0.033450 -0.019138 0.001443
v 0.033500 -0.019034 0.001500
v 0.033500 -0.018924 0.001498
v 0.033500 -0.018815 0.001489
v 0.033500 -0.018707 0.001471
v 0.033500 -0.018600 0.001446
v 0.033500 -0.018496 0.001413
v 0.033500 -0.018394 0.001372
v 0.033500 -0.018296 0.001324
v 0.033500 -0.018201 0.001269
v 0.033500 -0.018110 0.001208
v 0.033500 -0.018024 0.001139
v 0.033500 -0.017944 0.001065
v 0.033500 -0.017869 0.000985
v 0.033500 -0.017800 0.000900
v 0.033500 -0.017738 0.000810
v 0.033500 -0.017682 0.000716
v 0.033500 -0.017633 0.000618
v 0.033500 -0.017592 0.000516
v 0.033500 -0.017558 0.000412
v 0.033500 -0.017531 0.000306
v 0.033500 -0.017513 0.000198
v 0.033500 -0.017503 0.000089
v 0.033500 -0.017500 -0.000021
v 0.033500 -0.017506 -0.000130
v 0.033500 -0.017519 -0.000239
v 0.033500 -0.017541 -0.000347
v 0.033500 -0.017570 -0.000452
v 0.033500 -0.017607 -0.000555
v 0.033500 -0.017651 -0.000656
v 0.033500 -0.017702 -0.000752
v 0.033500 -0.017761 -0.000845
v 0.033500 -0.017826 -0.000933
v 0.033500 -0.017897 -0.001017
v 0.033500 -0.017974 -0.001094
v 0.033500 -0.018057 -0.001166
v 0.033500 -0.018144 -0.001232
v 0.033500 -0.018237 -0.001291
v 0.033500 -0.018333 -0.001343
v 0.033500 -0.018433 -0.001389
v 0.033500 -0.018536 -0.001426
v 0.033500 -0.018641 -0.001456
v 0.033500 -0.018748 -0.001479
v 0.033400 -0.018757 -0.001379
v 0.033400 -0.018650 -0.001356
v 0.033400 -0.018545 -0.001324
v 0.033400 -0.018442 -0.001284
v 0.033400 -0.018343 -0.001236
v 0.033400 -0.018248 -0.001181
v 0.033400 -0.018158 -0.001118
v 0.033400 -0.018073 -0.001049
v 0.033400 -0.017993 -0.000973
v 0.033400 -0.017920 -0.000891
v 0.033400 -0.017854 -0.000803
v 0.033400 -0.017794 -0.000711
v 0.033400 -0.017742 -0.000614
v 0.033400 -0.017698 -0.000514
v 0.033400 -0.017661 -0.000410
v 0.033400 -0.017633 -0.000304
v 0.033400 -0.017614 -0.000195
v 0.033400 -0.017603 -0.000086
v 0.033400 -0.017600 0.000024
v 0.033400 -0.017621 0.000243
v 0.033400 -0.017644 0.000350
v 0.033400 -0.017676 0.000455
v 0.033400 -0.017716 0.000558
v 0.033400 -0.017764 0.000657
v 0.033400 -0.017819 0.000752
v 0.033400 -0.017882 0.000842
v 0.033400 -0.017951 0.000927
v 0.033400 -0.018027 0.001007
v 0.033400 -0.018109 0.001080
v 0.033400 -0.018197 0.001146
v 0.033400 -0.018289 0.001206
v 0.033400 -0.018386 0.001258
v 0.033400 -0.018486 0.001302
v 0.033400 -0.018590 0.001339
v 0.033400 -0.018696 0.001367
v 0.033400 -0.018805 0.001386
v 0.033400 -0.018914 0.001397
v 0.033400 -0.019024 0.001400
v 0.037400 -0.018738 -0.002737
v 0.040025 -0.018738 -0.002737
v 0.037400 -0.016263 0.000262
v 0.037400 -0.017250 0.002121
v 0.037400 -0.019262 0.002737
v 0.040025 -0.019262 0.002737
v 0.040025 -0.019144 0.002746
v 0.040025 -0.019026 0.002750
v 0.040025 -0.018908 0.002748
v 0.040025 -0.018790 0.002742
v 0.040025 -0.018672 0.002730
v 0.040025 -0.018555 0.002714
v 0.040025 -0.018438 0.002692
v 0.040025 -0.018323 0.002665
v 0.040025 -0.018209 0.002634
v 0.040025 -0.018096 0.002597
v 0.040025 -0.017986 0.002556
v 0.040025 -0.017877 0.002510
v 0.040025 -0.017770 0.002459
v 0.040025 -0.017665 0.002404
v 0.040025 -0.017563 0.002345
v 0.040025 -0.017463 0.002281
v 0.040025 -0.017366 0.002212
v 0.040025 -0.017273 0.002140
v 0.040025 -0.017182 0.002064
v 0.040025 -0.017095 0.001984
v 0.040025 -0.017012 0.001900
v 0.040025 -0.016932 0.001812
v 0.040025 -0.016856 0.001722
v 0.040025 -0.016784 0.001628
v 0.040025 -0.016716 0.001531
v 0.040025 -0.016652 0.001431
v 0.040025 -0.016593 0.001329
v 0.040025 -0.016538 0.001224
v 0.040025 -0.016487 0.001117
v 0.040025 -0.016441 0.001008
v 0.040025 -0.016400 0.000897
v 0.040025 -0.016364 0.000784
v 0.040025 -0.016333 0.000670
v 0.040025 -0.016307 0.000555
v 0.040025 -0.016285 0.000438
v 0.040025 -0.016269 0.000321
v 0.040025 -0.016258 0.000203
v 0.040025 -0.016251 0.000085
v 0.040025 -0.016250 -0.000033
v 0.040025 -0.016254 -0.000151
v 0.040025 -0.016263 -0.000269
v 0.040025 -0.016277 -0.000387
v 0.040025 -0.016296 -0.000504
v 0.040025 -0.016321 -0.000619
v 0.040025 -0.016350 -0.000734
v 0.040025 -0.016384 -0.000847
v 0.040025 -0.016423 -0.000959
v 0.040025 -0.016466 -0.001069
v 0.040025 -0.016515 -0.001177
v 0.040025 -0.016568 -0.001283
v 0.040025 -0.016625 -0.001387
v 0.040025 -0.016687 -0.001487
v 0.040025 -0.016753 -0.001586
v 0.040025 -0.016823 -0.001681
v 0.040025 -0.016898 -0.001773
v 0.040025 -0.016976 -0.001862
v 0.040025 -0.017058 -0.001947
v 0.040025 -0.017143 -0.002029
v 0.040025 -0.017232 -0.002107
v 0.040025 -0.017325 -0.002181
v 0.040025 -0.017420 -0.002251
v 0.040025 -0.017518 -0.002317
v 0.040025 -0.017619 -0.002378
v 0.040025 -0.017723 -0.002436
v 0.040025 -0.017829 -0.002488
v 0.040025 -0.017937 -0.002536
v 0.040025 -0.018047 -0.002580
v 0.040025 -0.018159 -0.002618
v 0.040025 -0.018273 -0.002652
v 0.040025 -0.018387 -0.002681
v 0.040025 -0.018503 -0.002705
v 0.040025 -0.018620 -0.002724
v 0.038713 -0.018738 -0.002737
v 0.038713 -0.019262 0.002737
v 0.037400 -0.018500 -0.002704
v 0.037400 -0.018266 -0.002650
v 0.037400 -0.018038 -0.002576
v 0.037400 -0.017817 -0.002483
v 0.037400 -0.017605 -0.002370
v 0.037400 -0.017404 -0.002239
v 0.037400 -0.017215 -0.002092
v 0.037400 -0.017039 -0.001928
v 0.037400 -0.016879 -0.001750
v 0.037400 -0.016734 -0.001559
v 0.037400 -0.016607 -0.001355
v 0.037400 -0.016498 -0.001141
v 0.037400 -0.016408 -0.000919
v 0.037400 -0.016338 -0.000690
v 0.037400 -0.016288 -0.000455
v 0.037400 -0.016259 -0.000217
v 0.037400 -0.016250 0.000023
v 0.037400 -0.016296 0.000500
v 0.037400 -0.016350 0.000734
v 0.037400 -0.016424 0.000962
v 0.037400 -0.016517 0.001183
v 0.037400 -0.016630 0.001395
v 0.037400 -0.016761 0.001596
v 0.037400 -0.016908 0.001785
v 0.037400 -0.017072 0.001961
v 0.037400 -0.017441 0.002266
v 0.037400 -0.017645 0.002393
v 0.037400 -0.017859 0.002502
v 0.037400 -0.018081 0.002592
v 0.037400 -0.018310 0.002662
v 0.037400 -0.018545 0.002712
v 0.037400 -0.018783 0.002741
v 0.037400 -0.019023 0.002750
v 0.033400 -0.018866 -0.001394
v 0.033400 -0.018976 -0.001400
v 0.033400 -0.019086 -0.001397
v 0.033400 -0.019195 -0.001386
v 0.033400 -0.019304 -0.001367
v 0.033400 -0.019410 -0.001339
v 0.033400 -0.019514 -0.001302
v 0.033400 -0.019614 -0.001258
v 0.033400 -0.019711 -0.001206
v 0.033400 -0.019803 -0.001146
v 0.033400 -0.019891 -0.001080
v 0.033400 -0.019973 -0.001007
v 0.033400 -0.020049 -0.000927
v 0.033400 -0.020118 -0.000842
v 0.033400 -0.020181 -0.000752
v 0.033400 -0.020236 -0.000657
v 0.033400 -0.020284 -0.000558
v 0.033400 -0.020324 -0.000455
v 0.033400 -0.020356 -0.000350
v 0.033400 -0.020379 -0.000243
v 0.033400 -0.020394 -0.000134
v 0.033400 -0.020400 -0.000024
v 0.033400 -0.020397 0.000086
v 0.033400 -0.020386 0.000195
v 0.033400 -0.020367 0.000304
v 0.033400 -0.020339 0.000410
v 0.033400 -0.020302 0.000514
v 0.033400 -0.020258 0.000614
v 0.033400 -0.020206 0.000711
v 0.033400 -0.020146 0.000803
v 0.033400 -0.020080 0.000891
v 0.033400 -0.020007 0.000973
v 0.033400 -0.019927 0.001049
v 0.033400 -0.019842 0.001118
v 0.033400 -0.019752 0.001181
v 0.033400 -0.019657 0.001236
v 0.033400 -0.019558 0.001284
v 0.033400 -0.019455 0.001324
v 0.033400 -0.019350 0.001356
v 0.033400 -0.019243 0.001379
v 0.033400 -0.019134 0.001394
v 0.033400 -0.019024 0.001400
v 0.033400 -0.018914 0.001397
v 0.033400 -0.018805 0.001386
v 0.033400 -0.018696 0.001367
v 0.033400 -0.018590 0.001339
v 0.033400 -0.018486 0.001302
v 0.033400 -0.018386 0.001258
v 0.033400 -0.018289 0.001206
v 0.033400 -0.018197 0.001146
v 0.033400 -0.018109 0.001080
v 0.033400 -0.018027 0.001007
v 0.033400 -0.017951 0.000927
v 0.033400 -0.017882 0.000842
v 0.033400 -0.017819 0.000752
v 0.033400 -0.017764 0.000657
v 0.033400 -0.017716 0.000558
v 0.033400 -0.017676 0.000455
v 0.033400 -0.017644 0.000350
v 0.033400 -0.017621 0.000243
v 0.033400 -0.017606 0.000134
v 0.033400 -0.017600 0.000024
v 0.033400 -0.017603 -0.000086
v 0.033400 -0.017614 -0.000195
v 0.033400 -0.017633 -0.000304
v 0.033400 -0.017661 -0.000410
v 0.033400 -0.017698 -0.000514
v 0.033400 -0.017742 -0.000614
v 0.033400 -0.017794 -0.000711
v 0.033400 -0.017854 -0.000803
v 0.033400 -0.017920 -0.000891
v 0.033400 -0.017993 -0.000973
v 0.033400 -0.018073 -0.001049
v 0.033400 -0.018158 -0.001118
v 0.033400 -0.018248 -0.001181
v 0.033400 -0.018343 -0.001236
v 0.033400 -0.018442 -0.001284
v 0.033400 -0.018545 -0.001324
v 0.033400 -0.018650 -0.001356
v 0.033400 -0.018757 -0.001379
v 0.040025 -0.018738 -0.002737
v 0.040025 -0.019262 0.002737
v 0.040093 -0.018915 -0.002742
v 0.040093 -0.019103 -0.002742
v 0.040093 -0.019303 -0.002727
v 0.040093 -0.019513 -0.002695
v 0.040093 -0.019734 -0.002644
v 0.040093 -0.019847 -0.002610
v 0.040093 -0.019961 -0.002570
v 0.040093 -0.020078 -0.002523
v 0.040093 -0.020195 -0.002470
v 0.040093 -0.020312 -0.002410
v 0.040093 -0.020429 -0.002342
v 0.040093 -0.020546 -0.002267
v 0.040093 -0.020661 -0.002184
v 0.040093 -0.020775 -0.002092
v 0.040093 -0.020886 -0.001993
v 0.040093 -0.020993 -0.001886
v 0.040093 -0.021096 -0.001770
v 0.040093 -0.021194 -0.001647
v 0.040093 -0.021287 -0.001516
v 0.040093 -0.021372 -0.001378
v 0.040093 -0.021451 -0.001233
v 0.040093 -0.021521 -0.001083
v 0.040093 -0.021583 -0.000926
v 0.040093 -0.021635 -0.000765
v 0.040093 -0.021677 -0.000600
v 0.040093 -0.021710 -0.000432
v 0.040093 -0.021731 -0.000262
v 0.040093 -0.021742 -0.000091
v 0.040093 -0.021743 0.000080
v 0.040093 -0.021732 0.000250
v 0.040093 -0.021712 0.000419
v 0.040093 -0.021681 0.000584
v 0.040093 -0.021641 0.000745
v 0.040093 -0.021591 0.000902
v 0.040093 -0.021533 0.001054
v 0.040093 -0.021467 0.001200
v 0.040093 -0.021394 0.001340
v 0.040093 -0.021315 0.001473
v 0.040093 -0.021230 0.001599
v 0.040093 -0.021140 0.001717
v 0.040093 -0.021046 0.001828
v 0.040093 -0.020948 0.001932
v 0.040093 -0.020848 0.002028
v 0.040093 -0.020746 0.002117
v 0.040093 -0.020642 0.002198
v 0.040093 -0.020537 0.002273
v 0.040093 -0.020432 0.002340
v 0.040093 -0.020327 0.002401
v 0.040093 -0.020223 0.002456
v 0.040093 -0.020016 0.002549
v 0.040093 -0.019815 0.002620
v 0.040093 -0.019622 0.002672
v 0.040093 -0.019437 0.002709
v 0.040163 -0.018915 -0.002722
v 0.040163 -0.019102 -0.002722
v 0.040163 -0.019301 -0.002707
v 0.040163 -0.019510 -0.002676
v 0.040163 -0.019728 -0.002625
v 0.040163 -0.019840 -0.002591
v 0.040163 -0.019954 -0.002551
v 0.040163 -0.020070 -0.002505
v 0.040163 -0.020186 -0.002452
v 0.040163 -0.020302 -0.002392
v 0.040163 -0.020419 -0.002325
v 0.040163 -0.020535 -0.002250
v 0.040163 -0.020649 -0.002168
v 0.040163 -0.020762 -0.002077
v 0.040163 -0.020872 -0.001979
v 0.040163 -0.020978 -0.001872
v 0.040163 -0.021081 -0.001757
v 0.040163 -0.021178 -0.001635
v 0.040163 -0.021270 -0.001505
v 0.040163 -0.021355 -0.001368
v 0.040163 -0.021433 -0.001224
v 0.040163 -0.021503 -0.001075
v 0.040163 -0.021564 -0.000919
v 0.040163 -0.021616 -0.000759
v 0.040163 -0.021658 -0.000595
v 0.040163 -0.021690 -0.000429
v 0.040163 -0.021711 -0.000260
v 0.040163 -0.021722 -0.000090
v 0.040163 -0.021723 0.000080
v 0.040163 -0.021712 0.000249
v 0.040163 -0.021692 0.000415
v 0.040163 -0.021661 0.000580
v 0.040163 -0.021621 0.000740
v 0.040163 -0.021572 0.000896
v 0.040163 -0.021515 0.001047
v 0.040163 -0.021449 0.001191
v 0.040163 -0.021377 0.001330
v 0.040163 -0.021298 0.001462
v 0.040163 -0.021214 0.001587
v 0.040163 -0.021124 0.001705
v 0.040163 -0.021031 0.001815
v 0.040163 -0.020934 0.001918
v 0.040163 -0.020835 0.002013
v 0.040163 -0.020733 0.002101
v 0.040163 -0.020630 0.002182
v 0.040163 -0.020526 0.002256
v 0.040163 -0.020422 0.002323
v 0.040163 -0.020317 0.002384
v 0.040163 -0.020214 0.002438
v 0.040163 -0.020009 0.002530
v 0.040163 -0.019809 0.002601
v 0.040163 -0.019618 0.002653
v 0.040163 -0.019434 0.002689
v 0.040230 -0.018916 -0.002688
v 0.040230 -0.019101 -0.002687
v 0.040230 -0.019297 -0.002672
v 0.040230 -0.019503 -0.002641
v 0.040230 -0.019719 -0.002591
v 0.040230 -0.019830 -0.002558
v 0.040230 -0.019942 -0.002518
v 0.040230 -0.020056 -0.002473
v 0.040230 -0.020171 -0.002421
v 0.040230 -0.020286 -0.002362
v 0.040230 -0.020401 -0.002295
v 0.040230 -0.020515 -0.002221
v 0.040230 -0.020628 -0.002140
v 0.040230 -0.020739 -0.002051
v 0.040230 -0.020848 -0.001953
v 0.040230 -0.020953 -0.001848
v 0.040230 -0.021054 -0.001735
v 0.040230 -0.021150 -0.001614
v 0.040230 -0.021241 -0.001486
v 0.040230 -0.021325 -0.001351
v 0.040230 -0.021402 -0.001209
v 0.040230 -0.021471 -0.001061
v 0.040230 -0.021531 -0.000908
v 0.040230 -0.021582 -0.000750
v 0.040230 -0.021624 -0.000588
v 0.040230 -0.021655 -0.000423
v 0.040230 -0.021677 -0.000257
v 0.040230 -0.021687 -0.000089
v 0.040230 -0.021688 0.000079
v 0.040230 -0.021678 0.000245
v 0.040230 -0.021657 0.000410
v 0.040230 -0.021627 0.000572
v 0.040230 -0.021588 0.000730
v 0.040230 -0.021539 0.000884
v 0.040230 -0.021482 0.001033
v 0.040230 -0.021418 0.001176
v 0.040230 -0.021346 0.001313
v 0.040230 -0.021269 0.001443
v 0.040230 -0.021185 0.001567
v 0.040230 -0.021097 0.001683
v 0.040230 -0.021005 0.001792
v 0.040230 -0.020909 0.001893
v 0.040230 -0.020811 0.001987
v 0.040230 -0.020711 0.002074
v 0.040230 -0.020609 0.002154
v 0.040230 -0.020507 0.002227
v 0.040230 -0.020404 0.002293
v 0.040230 -0.020301 0.002353
v 0.040230 -0.020198 0.002407
v 0.040230 -0.019996 0.002498
v 0.040230 -0.019799 0.002567
v 0.040230 -0.019610 0.002619
v 0.040230 -0.019429 0.002654
v 0.040290 -0.018918 -0.002639
v 0.040290 -0.019099 -0.002638
v 0.040290 -0.019291 -0.002624
v 0.040290 -0.019494 -0.002594
v 0.040290 -0.019706 -0.002544
v 0.040290 -0.019815 -0.002511
v 0.040290 -0.019925 -0.002473
v 0.040290 -0.020037 -0.002428
v 0.040290 -0.020149 -0.002377
v 0.040290 -0.020262 -0.002319
v 0.040290 -0.020375 -0.002254
v 0.040290 -0.020488 -0.002181
v 0.040290 -0.020599 -0.002101
v 0.040290 -0.020708 -0.002013
v 0.040290 -0.020814 -0.001918
v 0.040290 -0.020918 -0.001815
v 0.040290 -0.021017 -0.001704
v 0.040290 -0.021111 -0.001585
v 0.040290 -0.021200 -0.001459
v 0.040290 -0.021283 -0.001326
v 0.040290 -0.021358 -0.001187
v 0.040290 -0.021426 -0.001042
v 0.040290 -0.021485 -0.000891
v 0.040290 -0.021535 -0.000736
v 0.040290 -0.021576 -0.000577
v 0.040290 -0.021607 -0.000416
v 0.040290 -0.021628 -0.000252
v 0.040290 -0.021639 -0.000087
v 0.040290 -0.021639 0.000077
v 0.040290 -0.021629 0.000241
v 0.040290 -0.021609 0.000403
v 0.040290 -0.021580 0.000562
v 0.040290 -0.021541 0.000717
v 0.040290 -0.021493 0.000868
v 0.040290 -0.021438 0.001014
v 0.040290 -0.021374 0.001155
v 0.040290 -0.021304 0.001289
v 0.040290 -0.021228 0.001417
v 0.040290 -0.021146 0.001538
v 0.040290 -0.021059 0.001652
v 0.040290 -0.020969 0.001759
v 0.040290 -0.020875 0.001859
v 0.040290 -0.020778 0.001951
v 0.040290 -0.020680 0.002037
v 0.040290 -0.020580 0.002115
v 0.040290 -0.020479 0.002187
v 0.040290 -0.020378 0.002252
v 0.040290 -0.020277 0.002311
v 0.040290 -0.020176 0.002364
v 0.040290 -0.019978 0.002452
v 0.040290 -0.019785 0.002521
v 0.040290 -0.019599 0.002571
v 0.040290 -0.019421 0.002606
v 0.040290 -0.019252 0.002628
v 0.040339 -0.018920 -0.002579
v 0.040339 -0.019097 -0.002578
v 0.040339 -0.019285 -0.002564
v 0.040339 -0.019483 -0.002535
v 0.040339 -0.019690 -0.002486
v 0.040339 -0.019796 -0.002454
v 0.040339 -0.019904 -0.002417
v 0.040339 -0.020013 -0.002373
v 0.040339 -0.020123 -0.002323
v 0.040339 -0.020234 -0.002266
v 0.040339 -0.020344 -0.002202
v 0.040339 -0.020454 -0.002132
v 0.040339 -0.020562 -0.002053
v 0.040339 -0.020669 -0.001968
v 0.040339 -0.020773 -0.001874
v 0.040339 -0.020874 -0.001773
v 0.040339 -0.020971 -0.001665
v 0.040339 -0.021064 -0.001549
v 0.040339 -0.021150 -0.001426
v 0.040339 -0.021231 -0.001296
v 0.040339 -0.021305 -0.001160
v 0.040339 -0.021371 -0.001018
v 0.040339 -0.021429 -0.000871
v 0.040339 -0.021478 -0.000719
v 0.040339 -0.021518 -0.000564
v 0.040339 -0.021548 -0.000406
v 0.040339 -0.021568 -0.000246
v 0.040339 -0.021579 -0.000085
v 0.040339 -0.021579 0.000075
v 0.040339 -0.021569 0.000235
v 0.040339 -0.021550 0.000394
v 0.040339 -0.021521 0.000549
v 0.040339 -0.021483 0.000701
v 0.040339 -0.021437 0.000849
v 0.040339 -0.021382 0.000991
v 0.040339 -0.021320 0.001129
v 0.040339 -0.021252 0.001260
v 0.040339 -0.021177 0.001385
v 0.040339 -0.021097 0.001503
v 0.040339 -0.021012 0.001615
v 0.040339 -0.020924 0.001719
v 0.040339 -0.020832 0.001817
v 0.040339 -0.020738 0.001907
v 0.040339 -0.020642 0.001990
v 0.040339 -0.020544 0.002067
v 0.040339 -0.020446 0.002137
v 0.040339 -0.020347 0.002201
v 0.040339 -0.020248 0.002258
v 0.040339 -0.020150 0.002310
v 0.040339 -0.019956 0.002397
v 0.040339 -0.019767 0.002464
v 0.040339 -0.019585 0.002513
v 0.040339 -0.019411 0.002547
v 0.040374 -0.018922 -0.002512
v 0.040374 -0.019094 -0.002511
v 0.040374 -0.019277 -0.002498
v 0.040374 -0.019470 -0.002469
v 0.040374 -0.019672 -0.002422
v 0.040374 -0.019775 -0.002390
v 0.040374 -0.019881 -0.002354
v 0.040374 -0.019987 -0.002311
v 0.040374 -0.020094 -0.002262
v 0.040374 -0.020202 -0.002207
v 0.040374 -0.020309 -0.002145
v 0.040374 -0.020416 -0.002076
v 0.040374 -0.020522 -0.002000
v 0.040374 -0.020626 -0.001916
v 0.040374 -0.020727 -0.001826
v 0.040374 -0.020825 -0.001727
v 0.040374 -0.020920 -0.001622
v 0.040374 -0.021010 -0.001509
v 0.040374 -0.021094 -0.001389
v 0.040374 -0.021173 -0.001262
v 0.040374 -0.021245 -0.001130
v 0.040374 -0.021309 -0.000992
v 0.040374 -0.021366 -0.000848
v 0.040374 -0.021413 -0.000701
v 0.040374 -0.021452 -0.000549
v 0.040374 -0.021482 -0.000396
v 0.040374 -0.021502 -0.000240
v 0.040374 -0.021512 -0.000083
v 0.040374 -0.021512 0.000074
v 0.040374 -0.021503 0.000229
v 0.040374 -0.021484 0.000383
v 0.040374 -0.021455 0.000535
v 0.040374 -0.021419 0.000683
v 0.040374 -0.021373 0.000827
v 0.040374 -0.021320 0.000966
v 0.040374 -0.021260 0.001099
v 0.040374 -0.021193 0.001227
v 0.040374 -0.021120 0.001349
v 0.040374 -0.021042 0.001464
v 0.040374 -0.020960 0.001573
v 0.040374 -0.020874 0.001674
v 0.040374 -0.020785 0.001769
v 0.040374 -0.020693 0.001857
v 0.040374 -0.020599 0.001939
v 0.040374 -0.020504 0.002013
v 0.040374 -0.020408 0.002082
v 0.040374 -0.020312 0.002144
v 0.040374 -0.020216 0.002200
v 0.040374 -0.020120 0.002250
v 0.040374 -0.019931 0.002334
v 0.040374 -0.019747 0.002399
v 0.040374 -0.019570 0.002448
v 0.040374 -0.019401 0.002481
v 0.040394 -0.018924 -0.002442
v 0.040394 -0.019092 -0.002442
v 0.040394 -0.019270 -0.002428
v 0.040394 -0.019457 -0.002400
v 0.040394 -0.019653 -0.002354
v 0.040394 -0.019754 -0.002324
v 0.040394 -0.019856 -0.002288
v 0.040394 -0.019960 -0.002247
v 0.040394 -0.020064 -0.002200
v 0.040394 -0.020168 -0.002146
v 0.040394 -0.020273 -0.002086
v 0.040394 -0.020377 -0.002018
v 0.040394 -0.020479 -0.001944
v 0.040394 -0.020580 -0.001863
v 0.040394 -0.020679 -0.001775
v 0.040394 -0.020775 -0.001679
v 0.040394 -0.020867 -0.001576
v 0.040394 -0.020954 -0.001467
v 0.040394 -0.021036 -0.001350
v 0.040394 -0.021113 -0.001227
v 0.040394 -0.021182 -0.001098
v 0.040394 -0.021245 -0.000964
v 0.040394 -0.021300 -0.000825
v 0.040394 -0.021346 -0.000681
v 0.040394 -0.021384 -0.000534
v 0.040394 -0.021413 -0.000385
v 0.040394 -0.021432 -0.000233
v 0.040394 -0.021442 -0.000081
v 0.040394 -0.021442 0.000071
v 0.040394 -0.021433 0.000223
v 0.040394 -0.021415 0.000373
v 0.040394 -0.021387 0.000520
v 0.040394 -0.021351 0.000664
v 0.040394 -0.021307 0.000804
v 0.040394 -0.021256 0.000939
v 0.040394 -0.021197 0.001069
v 0.040394 -0.021132 0.001193
v 0.040394 -0.021061 0.001311
v 0.040394 -0.020986 0.001424
v 0.040394 -0.020906 0.001529
v 0.040394 -0.020822 0.001628
v 0.040394 -0.020735 0.001720
v 0.040394 -0.020646 0.001806
v 0.040394 -0.020555 0.001885
v 0.040394 -0.020462 0.001957
v 0.040394 -0.020369 0.002024
v 0.040394 -0.020275 0.002084
v 0.040394 -0.020182 0.002138
v 0.040394 -0.020089 0.002187
v 0.040394 -0.019905 0.002270
v 0.040394 -0.019726 0.002333
v 0.040394 -0.019554 0.002380
v 0.040394 -0.019389 0.002412
v 0.040400 -0.018773 -0.002364
v 0.040400 -0.018926 -0.002374
v 0.040400 -0.019089 -0.002373
v 0.040400 -0.019262 -0.002360
v 0.040400 -0.019444 -0.002333
v 0.040400 -0.019635 -0.002289
v 0.040400 -0.019733 -0.002259
v 0.040400 -0.019832 -0.002224
v 0.040400 -0.019933 -0.002184
v 0.040400 -0.020034 -0.002138
v 0.040400 -0.020136 -0.002086
v 0.040400 -0.020237 -0.002027
v 0.040400 -0.020338 -0.001962
v 0.040400 -0.020438 -0.001890
v 0.040400 -0.020536 -0.001811
v 0.040400 -0.020632 -0.001725
v 0.040400 -0.020725 -0.001632
v 0.040400 -0.020814 -0.001532
v 0.040400 -0.020899 -0.001426
v 0.040400 -0.020979 -0.001313
v 0.040400 -0.021054 -0.001193
v 0.040400 -0.021121 -0.001068
v 0.040400 -0.021182 -0.000937
v 0.040400 -0.021236 -0.000802
v 0.040400 -0.021281 -0.000662
v 0.040400 -0.021318 -0.000519
v 0.040400 -0.021345 -0.000374
v 0.040400 -0.021364 -0.000227
v 0.040400 -0.021374 -0.000079
v 0.040400 -0.021374 0.000069
v 0.040400 -0.021365 0.000217
v 0.040400 -0.021347 0.000362
v 0.040400 -0.021321 0.000505
v 0.040400 -0.021286 0.000645
v 0.040400 -0.021243 0.000781
v 0.040400 -0.021193 0.000913
v 0.040400 -0.021136 0.001039
v 0.040400 -0.021073 0.001160
v 0.040400 -0.021004 0.001275
v 0.040400 -0.020930 0.001384
v 0.040400 -0.020852 0.001486
v 0.040400 -0.020771 0.001582
v 0.040400 -0.020687 0.001672
v 0.040400 -0.020600 0.001755
v 0.040400 -0.020511 0.001832
v 0.040400 -0.020421 0.001903
v 0.040400 -0.020331 0.001967
v 0.040400 -0.020240 0.002026
v 0.040400 -0.020149 0.002079
v 0.040400 -0.020058 0.002126
v 0.040400 -0.019880 0.002206
v 0.040400 -0.019706 0.002268
v 0.040400 -0.019538 0.002313
v 0.040400 -0.019379 0.002345
v 0.040400 -0.019227 0.002364
v 0.040395 -0.019232 0.002423
v 0.040382 -0.019238 0.002480
v 0.040359 -0.019243 0.002534
v 0.040328 -0.019248 0.002584
v 0.040245 -0.019256 0.002666
v 0.040195 -0.019259 0.002697
v 0.040141 -0.019261 0.002719
v 0.040084 -0.019262 0.002733
v 0.040084 -0.018738 -0.002733
v 0.040141 -0.018739 -0.002719
v 0.040195 -0.018741 -0.002697
v 0.040245 -0.018744 -0.002666
v 0.040290 -0.018748 -0.002628
v 0.040328 -0.018752 -0.002584
v 0.040359 -0.018757 -0.002534
v 0.040382 -0.018762 -0.002480
v 0.040395 -0.018768 -0.002423
v 0.040025 -0.019380 0.002724
v 0.040025 -0.019497 0.002705
v 0.040025 -0.019613 0.002681
v 0.040025 -0.019727 0.002652
v 0.040025 -0.019841 0.002618
v 0.040025 -0.019953 0.002580
v 0.040025 -0.020063 0.002536
v 0.040025 -0.020171 0.002488
v 0.040025 -0.020277 0.002436
v 0.040025 -0.020381 0.002378
v 0.040025 -0.020482 0.002317
v 0.040025 -0.020580 0.002251
v 0.040025 -0.020675 0.002181
v 0.040025 -0.020768 0.002107
v 0.040025 -0.020857 0.002029
v 0.040025 -0.020942 0.001947
v 0.040025 -0.021024 0.001862
v 0.040025 -0.021102 0.001773
v 0.040025 -0.021177 0.001681
v 0.040025 -0.021247 0.001586
v 0.040025 -0.021313 0.001487
v 0.040025 -0.021375 0.001387
v 0.040025 -0.021432 0.001283
v 0.040025 -0.021485 0.001177
v 0.040025 -0.021534 0.001069
v 0.040025 -0.021577 0.000959
v 0.040025 -0.021616 0.000847
v 0.040025 -0.021650 0.000734
v 0.040025 -0.021679 0.000619
v 0.040025 -0.021703 0.000504
v 0.040025 -0.021723 0.000387
v 0.040025 -0.021737 0.000269
v 0.040025 -0.021746 0.000151
v 0.040025 -0.021750 0.000033
v 0.040025 -0.021749 -0.000085
v 0.040025 -0.021742 -0.000203
v 0.040025 -0.021731 -0.000321
v 0.040025 -0.021715 -0.000438
v 0.040025 -0.021693 -0.000555
v 0.040025 -0.021667 -0.000670
v 0.040025 -0.021636 -0.000784
v 0.040025 -0.021600 -0.000897
v 0.040025 -0.021559 -0.001008
v 0.040025 -0.021513 -0.001117
v 0.040025 -0.021462 -0.001224
v 0.040025 -0.021408 -0.001329
v 0.040025 -0.021348 -0.001431
v 0.040025 -0.021284 -0.001531
v 0.040025 -0.021216 -0.001628
v 0.040025 -0.021144 -0.001722
v 0.040025 -0.021068 -0.001812
v 0.040025 -0.020988 -0.001900
v 0.040025 -0.020905 -0.001984
v 0.040025 -0.020818 -0.002064
v 0.040025 -0.020727 -0.002140
v 0.040025 -0.020633 -0.002212
v 0.040025 -0.020537 -0.002281
v 0.040025 -0.020437 -0.002345
v 0.040025 -0.020335 -0.002404
v 0.040025 -0.020230 -0.002459
v 0.040025 -0.020123 -0.002510
v 0.040025 -0.020014 -0.002556
v 0.040025 -0.019904 -0.002597
v 0.040025 -0.019791 -0.002634
v 0.040025 -0.019677 -0.002665
v 0.040025 -0.019562 -0.002692
v 0.040025 -0.019445 -0.002714
v 0.040025 -0.019328 -0.002730
v 0.040025 -0.019210 -0.002742
v 0.040025 -0.019092 -0.002748
v 0.040025 -0.018974 -0.002750
v 0.040025 -0.018856 -0.002746
v 0.040400 -0.019227 0.002364
v 0.040400 -0.019074 0.002374
v 0.040400 -0.018911 0.002373
v 0.040400 -0.018738 0.002360
v 0.040400 -0.018556 0.002333
v 0.040400 -0.018365 0.002289
v 0.040400 -0.018267 0.002259
v 0.040400 -0.018168 0.002224
v 0.040400 -0.018067 0.002184
v 0.040400 -0.017966 0.002138
v 0.040400 -0.017864 0.002086
v 0.040400 -0.017763 0.002027
v 0.040400 -0.017662 0.001962
v 0.040400 -0.017562 0.001890
v 0.040400 -0.017464 0.001811
v 0.040400 -0.017368 0.001725
v 0.040400 -0.017275 0.001632
v 0.040400 -0.017186 0.001532
v 0.040400 -0.017101 0.001426
v 0.040400 -0.017021 0.001313
v 0.040400 -0.016946 0.001193
v 0.040400 -0.016879 0.001068
v 0.040400 -0.016818 0.000937
v 0.040400 -0.016764 0.000802
v 0.040400 -0.016719 0.000662
v 0.040400 -0.016682 0.000519
v 0.040400 -0.016655 0.000374
v 0.040400 -0.016636 0.000227
v 0.040400 -0.016626 0.000079
v 0.040400 -0.016626 -0.000069
v 0.040400 -0.016635 -0.000217
v 0.040400 -0.016653 -0.000362
v 0.040400 -0.016679 -0.000505
v 0.040400 -0.016714 -0.000645
v 0.040400 -0.016757 -0.000781
v 0.040400 -0.016807 -0.000913
v 0.040400 -0.016864 -0.001039
v 0.040400 -0.016927 -0.001160
v 0.040400 -0.016996 -0.001275
v 0.040400 -0.017070 -0.001384
v 0.040400 -0.017148 -0.001486
v 0.040400 -0.017229 -0.001582
v 0.040400 -0.017313 -0.001672
v 0.040400 -0.017400 -0.001755
v 0.040400 -0.017489 -0.001832
v 0.040400 -0.017579 -0.001903
v 0.040400 -0.017669 -0.001967
v 0.040400 -0.017760 -0.002026
v 0.040400 -0.017851 -0.002079
v 0.040400 -0.017942 -0.002126
v 0.040400 -0.018120 -0.002206
v 0.040400 -0.018294 -0.002268
v 0.040400 -0.018462 -0.002313
v 0.040400 -0.018621 -0.002345
v 0.040400 -0.018773 -0.002364
v 0.040400 -0.018926 -0.002374
v 0.040400 -0.019089 -0.002373
v 0.040400 -0.019262 -0.002360
v 0.040400 -0.019444 -0.002333
v 0.040400 -0.019635 -0.002289
v 0.040400 -0.019733 -0.002259
v 0.040400 -0.019832 -0.002224
v 0.040400 -0.019933 -0.002184
v 0.040400 -0.020034 -0.002138
v 0.040400 -0.020136 -0.002086
v 0.040400 -0.020237 -0.002027
v 0.040400 -0.020338 -0.001962
v 0.040400 -0.020438 -0.001890
v 0.040400 -0.020536 -0.001811
v 0.040400 -0.020632 -0.001725
v 0.040400 -0.020725 -0.001632
v 0.040400 -0.020814 -0.001532
v 0.040400 -0.020899 -0.001426
v 0.040400 -0.020979 -0.001313
v 0.040400 -0.021054 -0.001193
v 0.040400 -0.021121 -0.001068
v 0.040400 -0.021182 -0.000937
v 0.040400 -0.021236 -0.000802
v 0.040400 -0.021281 -0.000662
v 0.040400 -0.021318 -0.000519
v 0.040400 -0.021345 -0.000374
v 0.040400 -0.021364 -0.000227
v 0.040400 -0.021374 -0.000079
v 0.040400 -0.021374 0.000069
v 0.040400 -0.021365 0.000217
v 0.040400 -0.021347 0.000362
v 0.040400 -0.021321 0.000505
v 0.040400 -0.021286 0.000645
v 0.040400 -0.021243 0.000781
v 0.040400 -0.021193 0.000913
v 0.040400 -0.021136 0.001039
v 0.040400 -0.021073 0.001160
v 0.040400 -0.021004 0.001275
v 0.040400 -0.020930 0.001384
v 0.040400 -0.020852 0.001486
v 0.040400 -0.020771 0.001582
v 0.040400 -0.020687 0.001672
v 0.040400 -0.020600 0.001755
v 0.040400 -0.020511 0.001832
v 0.040400 -0.020421 0.001903
v 0.040400 -0.020331 0.001967
v 0.040400 -0.020240 0.002026
v 0.040400 -0.020149 0.002079
v 0.040400 -0.020058 0.002126
v 0.040400 -0.019880 0.002206
v 0.040400 -0.019706 0.002268
v 0.040400 -0.019538 0.002313
v 0.040400 -0.019379 0.002345
v 0.040400 -0.020313 0.000599
v 0.040400 -0.020175 -0.000838
v 0.040400 -0.017687 -0.000599
v 0.040400 -0.017825 0.000838
v 0.040400 -0.018862 -0.001437
v 0.040400 -0.019138 0.001437
v 0.039100 -0.018862 -0.001437
v 0.040400 -0.017687 -0.000599
v 0.039100 -0.018275 -0.001018
v 0.040400 -0.018862 -0.001437
v 0.039100 -0.017687 -0.000599
v 0.040400 -0.020175 -0.000838
v 0.039100 -0.020175 -0.000838
v 0.039100 -0.018862 -0.001437
v 0.040400 -0.018862 -0.001437
v 0.039100 -0.019519 -0.001137
v 0.039100 -0.020313 0.000599
v 0.040400 -0.020175 -0.000838
v 0.040400 -0.020313 0.000599
v 0.039100 -0.020244 -0.000119
v 0.039100 -0.020175 -0.000838
v 0.040400 -0.019138 0.001437
v 0.040400 -0.020313 0.000599
v 0.039100 -0.019725 0.001018
v 0.039100 -0.019138 0.001437
v 0.039100 -0.020313 0.000599
v 0.039100 -0.017825 0.000838
v 0.039100 -0.019138 0.001437
v 0.040400 -0.019138 0.001437
v 0.039100 -0.018481 0.001137
v 0.040400 -0.017825 0.000838
v 0.039100 -0.017687 -0.000599
v 0.040400 -0.017825 0.000838
v 0.040400 -0.017687 -0.000599
v 0.039100 -0.017756 0.000119
v 0.039100 -0.017825 0.000838
v 0.039100 -0.019519 -0.001137
v 0.039100 -0.018881 -0.001244
v 0.039100 -0.018751 -0.001225
v 0.039100 -0.018625 -0.001192
v 0.039100 -0.018502 -0.001147
v 0.039100 -0.018385 -0.001088
v 0.039100 -0.018275 -0.001018
v 0.039100 -0.018862 -0.001437
v 0.039100 -0.019397 -0.001185
v 0.039100 -0.019271 -0.001220
v 0.039100 -0.019142 -0.001242
v 0.039100 -0.019011 -0.001250
v 0.039100 -0.018275 -0.001018
v 0.039100 -0.018161 -0.000927
v 0.039100 -0.018059 -0.000823
v 0.039100 -0.017970 -0.000708
v 0.039100 -0.017895 -0.000584
v 0.039100 -0.017835 -0.000452
v 0.039100 -0.017790 -0.000313
v 0.039100 -0.017762 -0.000171
v 0.039100 -0.017750 -0.000026
v 0.039100 -0.017687 -0.000599
v 0.039100 -0.017756 0.000119
v 0.039100 -0.019519 -0.001137
v 0.039100 -0.020175 -0.000838
v 0.039100 -0.020244 -0.000119
v 0.039100 -0.020222 -0.000263
v 0.039100 -0.020183 -0.000403
v 0.039100 -0.020128 -0.000538
v 0.039100 -0.020058 -0.000665
v 0.039100 -0.019974 -0.000783
v 0.039100 -0.019876 -0.000891
v 0.039100 -0.019767 -0.000987
v 0.039100 -0.019647 -0.001069
v 0.039100 -0.019725 0.001018
v 0.039100 -0.020244 -0.000119
v 0.039100 -0.020313 0.000599
v 0.039100 -0.019839 0.000927
v 0.039100 -0.019941 0.000823
v 0.039100 -0.020030 0.000708
v 0.039100 -0.020105 0.000584
v 0.039100 -0.020165 0.000452
v 0.039100 -0.020210 0.000313
v 0.039100 -0.020238 0.000171
v 0.039100 -0.020250 0.000026
v 0.039100 -0.018481 0.001137
v 0.039100 -0.018603 0.001185
v 0.039100 -0.018729 0.001220
v 0.039100 -0.018858 0.001242
v 0.039100 -0.018989 0.001250
v 0.039100 -0.019119 0.001244
v 0.039100 -0.019725 0.001018
v 0.039100 -0.019138 0.001437
v 0.039100 -0.019249 0.001225
v 0.039100 -0.019375 0.001192
v 0.039100 -0.019498 0.001147
v 0.039100 -0.019615 0.001088
v 0.039100 -0.018481 0.001137
v 0.039100 -0.017756 0.000119
v 0.039100 -0.017778 0.000263
v 0.039100 -0.017817 0.000403
v 0.039100 -0.017872 0.000538
v 0.039100 -0.017942 0.000665
v 0.039100 -0.018026 0.000783
v 0.039100 -0.018124 0.000891
v 0.039100 -0.018233 0.000987
v 0.039100 -0.018353 0.001069
v 0.039100 -0.017825 0.000838
v 0.038378 -0.019000 0.000000
v 0.038378 -0.019000 0.000000
v 0.038739 -0.019120 0.000613
v 0.038378 -0.019000 0.000000
v 0.038739 -0.019180 0.000599
v 0.038378 -0.019000 0.000000
v 0.038739 -0.019238 0.000578
v 0.038378 -0.019000 0.000000
v 0.038739 -0.019293 0.000552
v 0.038378 -0.019000 0.000000
v 0.038739 -0.019346 0.000521
v 0.038378 -0.019000 0.000000
v 0.038739 -0.019395 0.000484
v 0.038378 -0.019000 0.000000
v 0.038739 -0.019441 0.000443
v 0.038378 -0.019000 0.000000
v 0.038739 -0.019482 0.000398
v 0.038378 -0.019000 0.000000
v 0.038739 -0.019519 0.000349
v 0.038378 -0.019000 0.000000
v 0.038739 -0.019550 0.000296
v 0.038378 -0.019000 0.000000
v 0.038739 -0.019577 0.000241
v 0.038378 -0.019000 0.000000
v 0.038739 -0.019598 0.000183
v 0.038378 -0.019000 0.000000
v 0.038739 -0.019613 0.000124
v 0.038378 -0.019000 0.000000
v 0.038739 -0.019622 0.000063
v 0.038378 -0.019000 0.000000
v 0.038739 -0.019625 0.000002
v 0.038378 -0.019000 0.000000
v 0.038739 -0.019622 -0.000060
v 0.038378 -0.019000 0.000000
v 0.038739 -0.019613 -0.000120
v 0.038378 -0.019000 0.000000
v 0.038739 -0.019599 -0.000180
v 0.038378 -0.019000 0.000000
v 0.038739 -0.019578 -0.000238
v 0.038378 -0.019000 0.000000
v 0.038739 -0.019552 -0.000293
v 0.038378 -0.019000 0.000000
v 0.038739 -0.019521 -0.000346
v 0.038378 -0.019000 0.000000
v 0.038739 -0.019484 -0.000395
v 0.038378 -0.019000 0.000000
v 0.038739 -0.019443 -0.000441
v 0.038378 -0.019000 0.000000
v 0.038739 -0.019398 -0.000482
v 0.038378 -0.019000 0.000000
v 0.038739 -0.019349 -0.000519
v 0.038378 -0.019000 0.000000
v 0.038739 -0.019296 -0.000550
v 0.038378 -0.019000 0.000000
v 0.038739 -0.019241 -0.000577
v 0.038378 -0.019000 0.000000
v 0.038739 -0.019183 -0.000598
v 0.038378 -0.019000 0.000000
v 0.038739 -0.019124 -0.000613
v 0.038378 -0.019000 0.000000
v 0.038739 -0.019063 -0.000622
v 0.038378 -0.019000 0.000000
v 0.038739 -0.019002 -0.000625
v 0.038378 -0.019000 0.000000
v 0.039100 -0.019119 0.001244
v 0.038859 -0.019080 0.000830
v 0.038619 -0.019040 0.000415
v 0.038619 -0.018960 -0.000415
v 0.038859 -0.018920 -0.000830
v 0.039100 -0.019725 0.001018
v 0.039100 -0.019615 0.001088
v 0.039100 -0.019498 0.001147
v 0.039100 -0.019375 0.001192
v 0.039100 -0.019249 0.001225
v 0.039100 -0.020244 -0.000119
v 0.039100 -0.020250 0.000026
v 0.039100 -0.020238 0.000171
v 0.039100 -0.020210 0.000313
v 0.039100 -0.020165 0.000452
v 0.039100 -0.020105 0.000584
v 0.039100 -0.020030 0.000708
v 0.039100 -0.019941 0.000823
v 0.039100 -0.019839 0.000927
v 0.039100 -0.019519 -0.001137
v 0.039100 -0.019647 -0.001069
v 0.039100 -0.019767 -0.000987
v 0.039100 -0.019876 -0.000891
v 0.039100 -0.019974 -0.000783
v 0.039100 -0.020058 -0.000665
v 0.039100 -0.020128 -0.000538
v 0.039100 -0.020183 -0.000403
v 0.039100 -0.020222 -0.000263
v 0.039100 -0.018881 -0.001244
v 0.039100 -0.019011 -0.001250
v 0.039100 -0.019142 -0.001242
v 0.039100 -0.019271 -0.001220
v 0.039100 -0.019397 -0.001185
f 29 18 30
f 29 28 19
f 27 20 28
f 27 26 21
f 31 30 17
f 37 36 14
f 15 36 35
f 16 34 33
f 15 35 34
f 16 33 32
f 31 17 32
f 37 14 38
f 3 25 4
f 22 25 3
f 3 1 22
f 26 25 22
f 26 22 21
f 20 27 21
f 19 28 20
f 17 30 18
f 15 34 16
f 17 16 32
f 19 18 29
f 15 14 36
f 14 39 38
f 40 39 13
f 40 13 41
f 43 42 12
f 13 42 41
f 43 12 44
f 46 45 11
f 47 46 10
f 9 49 48
f 49 8 50
f 48 47 10
f 44 11 45
f 51 50 7
f 12 42 13
f 11 44 12
f 9 48 10
f 7 50 8
f 9 8 49
f 11 10 46
f 53 52 5
f 23 53 24
f 5 52 6
f 5 2 24
f 5 24 53
f 51 7 6
f 6 52 51
f 14 13 39
f 76 79 78
f 58 78 54
f 73 82 81
f 74 81 80
f 75 80 79
f 71 85 84
f 72 84 83
f 70 87 86
f 69 89 88
f 69 88 87
f 70 86 85
f 72 83 82
f 55 76 58
f 76 78 58
f 75 79 76
f 74 80 75
f 81 74 73
f 71 84 72
f 82 73 72
f 91 90 68
f 70 85 71
f 68 89 69
f 70 69 87
f 68 92 91
f 90 89 68
f 64 100 99
f 65 99 98
f 66 97 96
f 66 96 95
f 97 65 98
f 77 56 106
f 59 106 105
f 63 102 101
f 61 104 103
f 62 103 102
f 104 60 105
f 63 101 100
f 67 94 93
f 67 93 92
f 95 94 67
f 65 97 66
f 67 66 95
f 99 65 64
f 68 67 92
f 100 64 63
f 63 62 102
f 62 61 103
f 60 104 61
f 77 59 57
f 60 59 105
f 59 77 106
f 129 111 107
f 112 146 145
f 114 113 145
f 111 147 146
f 115 143 142
f 118 117 141
f 118 140 139
f 116 142 141
f 115 114 144
f 147 129 108
f 111 129 147
f 119 139 138
f 121 120 138
f 122 136 135
f 123 135 134
f 122 121 137
f 126 125 133
f 127 131 130
f 148 109 128
f 127 126 132
f 124 134 133
f 148 130 110
f 128 130 148
f 171 153 149
f 154 188 187
f 155 187 186
f 153 189 188
f 157 185 184
f 159 183 182
f 160 182 181
f 158 184 183
f 156 186 185
f 189 171 150
f 153 171 189
f 161 181 180
f 163 162 180
f 164 178 177
f 165 177 176
f 163 179 178
f 167 175 174
f 169 173 172
f 190 151 170
f 168 174 173
f 167 166 176
f 190 172 152
f 170 172 190
f 192 191 194
f 195 196 193
f 200 201 199
f 202 199 201
f 202 197 198
f 221 220 203
f 219 203 220
f 222 221 203
f 203 213 223
f 203 223 222
f 213 203 204
f 203 216 215
f 203 215 208
f 203 219 218
f 203 218 217
f 203 217 216
f 203 208 205
f 204 243 242
f 204 242 214
f 245 244 204
f 243 204 244
f 246 245 204
f 204 248 247
f 204 247 246
f 204 211 250
f 204 250 249
f 204 249 248
f 206 212 211
f 205 207 232
f 205 232 231
f 205 230 229
f 205 229 228
f 230 205 231
f 226 205 227
f 228 227 205
f 225 205 226
f 205 225 224
f 205 224 210
f 205 210 209
f 206 237 236
f 206 236 235
f 206 234 233
f 206 233 212
f 234 206 235
f 206 209 241
f 206 241 240
f 206 239 238
f 240 239 206
f 237 206 238
f 258 259 315
f 315 259 260
f 317 255 315
f 261 315 260
f 315 263 264
f 315 261 262
f 262 263 315
f 265 315 264
f 254 317 253
f 252 317 251
f 317 252 253
f 315 257 258
f 315 255 256
f 256 257 315
f 255 317 254
f 316 317 315
f 315 265 266
f 315 267 268
f 315 266 267
f 315 269 270
f 315 271 272
f 315 270 271
f 315 268 269
f 315 273 274
f 314 315 275
f 315 274 275
f 277 314 276
f 314 280 281
f 314 279 280
f 314 278 279
f 276 314 275
f 315 272 273
f 278 314 277
f 317 309 310
f 251 317 310
f 312 308 317
f 308 309 317
f 308 312 307
f 306 312 305
f 312 306 307
f 312 317 311
f 312 303 304
f 301 302 312
f 303 312 302
f 312 304 305
f 312 300 301
f 312 298 299
f 312 297 298
f 299 300 312
f 297 312 296
f 285 313 284
f 287 313 286
f 286 313 285
f 314 282 283
f 283 284 314
f 284 313 314
f 281 282 314
f 313 287 288
f 313 293 294
f 313 295 296
f 313 294 295
f 313 289 290
f 313 291 292
f 293 313 292
f 290 291 313
f 288 289 313
f 313 296 312
f 330 318 329
f 328 329 318
f 318 327 328
f 327 318 326
f 318 332 333
f 318 330 331
f 331 332 318
f 334 318 333
f 382 325 318
f 320 321 382
f 382 321 322
f 323 382 322
f 325 326 318
f 382 323 324
f 324 325 382
f 381 382 318
f 319 335 336
f 335 319 318
f 319 336 337
f 339 319 338
f 337 338 319
f 319 339 340
f 341 319 340
f 334 335 318
f 342 343 319
f 319 344 380
f 343 344 319
f 344 345 380
f 346 380 345
f 380 347 348
f 380 346 347
f 349 380 348
f 341 342 319
f 379 320 382
f 377 378 382
f 379 382 378
f 376 382 375
f 383 373 374
f 383 375 382
f 382 376 377
f 384 371 372
f 372 383 384
f 383 372 373
f 370 371 384
f 384 369 370
f 384 367 368
f 384 366 367
f 368 369 384
f 366 384 365
f 375 383 374
f 354 355 380
f 380 356 384
f 355 356 380
f 380 349 350
f 380 351 352
f 380 350 351
f 352 353 380
f 384 362 363
f 384 364 365
f 384 363 364
f 384 357 358
f 384 360 361
f 384 359 360
f 384 358 359
f 361 362 384
f 384 356 357
f 354 380 353
f 390 391 385
f 392 425 424
f 393 424 423
f 391 426 425
f 395 422 421
f 398 397 420
f 398 419 418
f 396 421 420
f 394 423 422
f 426 390 386
f 391 390 426
f 399 418 417
f 400 417 416
f 402 415 414
f 403 414 413
f 402 401 416
f 406 405 412
f 407 410 409
f 389 387 408
f 406 411 410
f 405 404 413
f 389 409 388
f 408 409 389
f 432 433 427
f 434 467 466
f 436 435 466
f 433 468 467
f 437 464 463
f 439 462 461
f 440 461 460
f 438 463 462
f 437 436 465
f 468 432 428
f 433 432 468
f 441 460 459
f 442 459 458
f 444 457 456
f 445 456 455
f 444 443 458
f 448 447 454
f 449 452 451
f 431 429 450
f 449 448 453
f 446 455 454
f 431 451 430
f 450 451 431
f 472 471 470
f 483 521 484
f 483 482 522
f 481 523 482
f 481 480 524
f 485 484 520
f 491 490 517
f 518 490 489
f 519 488 487
f 518 489 488
f 519 487 486
f 485 520 486
f 491 517 492
f 477 479 478
f 525 479 477
f 477 473 525
f 480 479 525
f 480 525 524
f 523 481 524
f 522 482 523
f 520 484 521
f 518 488 519
f 520 519 486
f 522 521 483
f 518 517 490
f 517 493 492
f 494 493 516
f 494 516 495
f 497 496 515
f 516 496 495
f 497 515 498
f 500 499 514
f 501 500 513
f 512 503 502
f 503 511 504
f 502 501 513
f 498 514 499
f 505 504 510
f 515 496 516
f 514 498 515
f 512 502 513
f 510 504 511
f 512 511 503
f 514 513 500
f 507 506 508
f 475 507 476
f 508 506 509
f 508 474 476
f 508 476 507
f 505 510 509
f 509 506 505
f 517 516 493
f 527 526 529
f 533 530 531
f 586 541 540
f 539 540 534
f 583 544 543
f 584 543 542
f 585 542 541
f 581 547 546
f 582 546 545
f 580 549 548
f 579 551 550
f 579 550 549
f 580 548 547
f 582 545 544
f 535 586 539
f 586 540 539
f 585 541 586
f 584 542 585
f 543 584 583
f 581 546 582
f 544 583 582
f 553 552 578
f 580 547 581
f 578 551 579
f 580 579 549
f 578 554 553
f 552 551 578
f 574 562 561
f 575 561 560
f 576 559 558
f 576 558 557
f 559 575 560
f 538 536 568
f 569 568 567
f 573 564 563
f 571 566 565
f 572 565 564
f 566 570 567
f 573 563 562
f 577 556 555
f 577 555 554
f 557 556 577
f 575 559 576
f 577 576 557
f 561 575 574
f 578 577 554
f 562 574 573
f 573 572 564
f 572 571 565
f 570 566 571
f 538 569 537
f 570 569 567
f 569 538 568
f 588 590 589
f 594 628 627
f 595 594 627
f 626 596 595
f 592 591 630
f 629 628 593
f 594 593 628
f 592 629 593
f 629 592 630
f 624 597 596
f 599 598 623
f 621 600 622
f 599 622 600
f 620 601 600
f 622 599 623
f 626 595 627
f 624 596 625
f 623 597 624
f 626 625 596
f 598 597 623
f 666 631 591
f 630 591 631
f 665 631 666
f 632 631 665
f 664 632 665
f 662 634 663
f 664 663 633
f 636 662 661
f 664 633 632
f 634 662 635
f 661 660 637
f 636 661 637
f 635 662 636
f 659 637 660
f 658 639 638
f 657 639 658
f 659 658 638
f 659 638 637
f 633 663 634
f 601 620 619
f 602 601 619
f 603 602 618
f 602 619 618
f 617 616 605
f 616 615 605
f 604 618 617
f 618 604 603
f 615 606 605
f 607 606 614
f 615 614 606
f 608 607 613
f 613 607 614
f 611 609 612
f 608 613 612
f 610 609 611
f 608 612 609
f 604 617 605
f 654 642 655
f 644 643 653
f 643 642 654
f 639 657 640
f 641 640 657
f 641 656 642
f 655 642 656
f 657 656 641
f 653 645 644
f 647 646 651
f 649 610 648
f 611 648 610
f 650 648 647
f 648 650 649
f 654 653 643
f 652 645 653
f 652 651 646
f 651 650 647
f 652 646 645
f 670 704 703
f 670 702 671
f 671 702 672
f 705 668 667
f 705 704 669
f 670 669 704
f 668 705 669
f 706 705 667
f 700 673 672
f 698 675 674
f 698 697 675
f 676 675 697
f 696 677 676
f 699 698 674
f 702 670 703
f 700 672 701
f 699 673 700
f 702 701 672
f 674 673 699
f 742 707 667
f 706 667 707
f 741 707 742
f 708 707 741
f 740 708 741
f 739 709 740
f 739 738 710
f 737 712 738
f 740 709 708
f 710 738 711
f 737 736 713
f 712 737 713
f 711 738 712
f 714 736 735
f 735 734 715
f 733 716 734
f 714 735 715
f 714 713 736
f 709 739 710
f 678 677 696
f 695 678 696
f 679 678 695
f 679 695 694
f 693 692 681
f 692 691 681
f 680 694 693
f 694 680 679
f 691 682 681
f 683 682 690
f 690 682 691
f 683 689 684
f 689 683 690
f 686 688 687
f 684 689 688
f 685 688 686
f 684 688 685
f 680 693 681
f 730 718 731
f 720 719 729
f 719 718 730
f 732 716 733
f 732 731 717
f 718 717 731
f 716 732 717
f 729 721 720
f 723 722 727
f 725 686 724
f 687 724 686
f 726 724 723
f 724 726 725
f 730 729 719
f 721 729 728
f 722 728 727
f 727 726 723
f 728 722 721
f 840 826 839
f 840 841 826
f 826 843 844
f 843 826 842
f 842 826 841
f 819 826 844
f 826 837 838
f 837 826 836
f 838 839 826
f 783 819 782
f 826 783 784
f 819 783 826
f 782 819 781
f 784 825 826
f 781 819 780
f 819 778 779
f 819 777 778
f 819 773 774
f 819 775 776
f 819 774 775
f 776 777 819
f 786 759 785
f 785 759 784
f 756 788 789
f 754 790 791
f 754 789 790
f 757 787 788
f 753 791 792
f 819 779 780
f 773 819 820
f 787 757 786
f 853 825 852
f 825 851 852
f 824 825 761
f 801 824 762
f 761 762 824
f 761 825 760
f 802 824 801
f 850 851 825
f 849 850 825
f 825 848 849
f 848 825 847
f 847 825 846
f 825 845 846
f 845 825 824
f 824 802 803
f 759 760 784
f 758 759 786
f 791 753 754
f 789 755 756
f 789 754 755
f 756 757 788
f 824 804 805
f 824 803 804
f 824 806 807
f 824 808 809
f 824 807 808
f 824 805 806
f 784 760 825
f 758 786 757
f 823 824 809
f 820 771 772
f 820 770 771
f 820 768 769
f 820 766 767
f 767 768 820
f 769 770 820
f 749 794 795
f 751 792 793
f 793 794 751
f 797 747 796
f 747 797 798
f 748 795 796
f 765 766 820
f 753 792 752
f 820 827 821
f 827 828 821
f 830 821 829
f 821 830 831
f 821 828 829
f 831 832 821
f 763 764 820
f 821 799 800
f 763 820 800
f 821 833 834
f 834 835 821
f 821 800 820
f 832 833 821
f 745 798 799
f 765 820 764
f 820 772 773
f 822 799 821
f 792 751 752
f 794 750 751
f 795 748 749
f 746 747 798
f 748 796 747
f 749 750 794
f 823 812 813
f 823 810 811
f 811 812 823
f 823 814 815
f 815 816 823
f 823 813 814
f 746 798 745
f 818 823 817
f 744 822 823
f 743 744 823
f 822 854 855
f 823 818 743
f 822 744 745
f 856 822 855
f 822 860 861
f 822 861 862
f 822 862 823
f 822 857 858
f 858 859 822
f 822 859 860
f 856 857 822
f 816 817 823
f 822 745 799
f 809 810 823
f 863 864 872
f 867 872 871
f 869 870 866
f 870 869 868
f 873 874 879
f 880 879 878
f 882 877 876
f 877 882 881
f 883 884 892
f 891 888 887
f 888 891 890
f 886 885 889
f 893 894 902
f 901 898 897
f 898 901 900
f 896 895 899
f 905 917 919
f 906 920 923
f 920 905 918
f 924 906 921
f 920 907 905
f 908 920 906
f 907 920 908
f 910 909 907
f 912 911 909
f 931 912 914
f 911 931 913
f 912 931 911
f 926 928 927
f 930 932 931
f 932 926 913
f 934 930 914
f 919 948 903
f 949 948 919
f 936 919 903
f 922 923 918
f 919 936 918
f 917 950 949
f 907 951 950
f 907 917 905
f 950 917 907
f 909 952 951
f 949 919 917
f 935 921 922
f 925 921 935
f 947 925 904
f 935 904 925
f 946 924 925
f 924 908 906
f 945 908 924
f 924 946 945
f 943 910 944
f 944 908 945
f 954 953 911
f 955 954 927
f 927 954 911
f 911 953 909
f 927 911 913
f 955 927 928
f 928 915 956
f 937 928 926
f 937 926 929
f 937 915 928
f 910 943 942
f 933 914 912
f 942 941 912
f 933 912 941
f 940 933 941
f 929 932 930
f 934 938 930
f 939 934 940
f 934 939 916
f 916 938 934
f 959 971 973
f 960 974 977
f 974 959 972
f 978 960 975
f 974 961 959
f 962 974 960
f 961 974 962
f 964 963 961
f 966 965 963
f 985 966 968
f 965 985 967
f 966 985 965
f 980 982 981
f 984 986 985
f 986 980 967
f 988 984 968
f 973 1002 957
f 1002 973 1003
f 992 973 957
f 976 977 972
f 973 992 972
f 971 1004 1003
f 961 1005 1004
f 961 971 959
f 1004 971 961
f 963 1006 1005
f 991 975 976
f 979 975 991
f 1001 979 958
f 991 958 979
f 1000 978 979
f 978 962 960
f 999 962 978
f 978 1000 999
f 997 964 998
f 998 962 999
f 1008 1007 965
f 1009 1008 981
f 981 1008 965
f 965 1007 963
f 981 965 967
f 1009 981 982
f 982 969 1010
f 989 982 980
f 989 980 983
f 989 969 982
f 964 997 996
f 987 968 966
f 996 995 966
f 987 966 995
f 994 987 995
f 983 986 984
f 988 990 984
f 993 988 994
f 988 993 970
f 970 990 988
f 1013 1025 1027
f 1014 1028 1031
f 1028 1013 1026
f 1032 1014 1029
f 1028 1015 1013
f 1016 1028 1014
f 1015 1028 1016
f 1018 1017 1015
f 1020 1019 1017
f 1039 1020 1022
f 1019 1039 1021
f 1020 1039 1019
f 1034 1036 1035
f 1038 1040 1039
f 1040 1034 1021
f 1042 1038 1022
f 1027 1056 1011
f 1057 1056 1027
f 1044 1027 1011
f 1030 1031 1026
f 1027 1044 1026
f 1025 1058 1057
f 1015 1059 1058
f 1015 1025 1013
f 1058 1025 1015
f 1017 1060 1059
f 1057 1027 1025
f 1043 1029 1030
f 1033 1029 1043
f 1055 1033 1012
f 1043 1012 1033
f 1054 1033 1055
f 1032 1016 1014
f 1016 1052 1018
f 1053 1032 1054
f 1032 1033 1054
f 1016 1032 1053
f 1053 1052 1016
f 1019 1061 1017
f 1019 1062 1061
f 1021 1035 1019
f 1062 1019 1035
f 1035 1063 1062
f 1063 1035 1036
f 1036 1023 1064
f 1045 1036 1034
f 1045 1034 1037
f 1045 1023 1036
f 1041 1022 1020
f 1049 1041 1020
f 1050 1020 1018
f 1020 1050 1049
f 1049 1048 1041
f 1037 1040 1038
f 1042 1046 1038
f 1047 1042 1048
f 1042 1047 1024
f 1024 1046 1042
f 1067 1079 1081
f 1068 1082 1085
f 1082 1067 1080
f 1086 1068 1083
f 1082 1069 1067
f 1070 1082 1068
f 1069 1082 1070
f 1072 1071 1069
f 1074 1073 1071
f 1093 1074 1076
f 1073 1093 1075
f 1074 1093 1073
f 1088 1090 1089
f 1092 1094 1093
f 1094 1088 1075
f 1096 1092 1076
f 1081 1110 1065
f 1110 1081 1111
f 1098 1081 1065
f 1084 1085 1080
f 1081 1098 1080
f 1079 1112 1111
f 1069 1113 1112
f 1069 1079 1067
f 1112 1079 1069
f 1071 1114 1113
f 1097 1083 1084
f 1087 1083 1097
f 1109 1087 1066
f 1097 1066 1087
f 1108 1087 1109
f 1086 1070 1068
f 1070 1106 1072
f 1107 1086 1108
f 1086 1087 1108
f 1070 1086 1107
f 1107 1106 1070
f 1073 1115 1071
f 1073 1116 1115
f 1075 1089 1073
f 1116 1073 1089
f 1089 1117 1116
f 1090 1118 1117
f 1090 1077 1118
f 1099 1090 1088
f 1099 1088 1091
f 1099 1077 1090
f 1090 1117 1089
f 1095 1076 1074
f 1103 1095 1074
f 1104 1074 1072
f 1074 1104 1103
f 1103 1102 1095
f 1091 1094 1092
f 1096 1100 1092
f 1101 1096 1102
f 1096 1095 1102
f 1096 1101 1078
f 1078 1100 1096
f 1122 1119 1120
f 1126 1123 1124
f 112 145 113
f 114 145 144
f 111 146 112
f 115 142 116
f 118 141 140
f 118 139 119
f 116 141 117
f 115 144 143
f 119 138 120
f 121 138 137
f 122 135 123
f 123 134 124
f 122 137 136
f 126 133 132
f 127 130 128
f 127 132 131
f 124 133 125
f 154 187 155
f 155 186 156
f 153 188 154
f 157 184 158
f 159 182 160
f 160 181 161
f 158 183 159
f 156 185 157
f 161 180 162
f 163 180 179
f 164 177 165
f 165 176 166
f 163 178 164
f 167 174 168
f 169 172 170
f 168 173 169
f 167 176 175
f 192 194 193
f 195 193 194
f 202 198 199
f 213 204 214
f 208 207 205
f 206 211 204
f 205 209 206
f 392 424 393
f 393 423 394
f 391 425 392
f 395 421 396
f 398 420 419
f 398 418 399
f 396 420 397
f 394 422 395
f 399 417 400
f 400 416 401
f 402 414 403
f 403 413 404
f 402 416 415
f 406 412 411
f 407 409 408
f 406 410 407
f 405 413 412
f 434 466 435
f 436 466 465
f 433 467 434
f 437 463 438
f 439 461 440
f 440 460 441
f 438 462 439
f 437 465 464
f 441 459 442
f 442 458 443
f 444 456 445
f 445 455 446
f 444 458 457
f 448 454 453
f 449 451 450
f 449 453 452
f 446 454 447
f 472 470 469
f 527 529 528
f 533 531 532
f 588 589 587
f 620 600 621
f 696 676 697
f 716 715 734
f 863 872 867
f 867 871 868
f 869 866 865
f 870 868 871
f 873 879 880
f 880 878 881
f 882 876 875
f 877 881 878
f 883 892 887
f 891 887 892
f 888 890 889
f 886 889 890
f 893 902 897
f 901 897 902
f 898 900 899
f 896 899 900
f 905 919 918
f 906 923 921
f 920 918 923
f 924 921 925
f 910 907 908
f 912 909 910
f 926 927 913
f 930 931 914
f 932 913 931
f 934 914 933
f 922 918 936
f 909 951 907
f 921 923 922
f 946 925 947
f 910 908 944
f 953 952 909
f 955 928 956
f 926 932 929
f 910 942 912
f 929 930 938
f 934 933 940
f 959 973 972
f 960 977 975
f 974 972 977
f 978 975 979
f 964 961 962
f 966 963 964
f 980 981 967
f 984 985 968
f 986 967 985
f 988 968 987
f 973 971 1003
f 976 972 992
f 963 1005 961
f 975 977 976
f 1000 979 1001
f 964 962 998
f 1007 1006 963
f 1009 982 1010
f 980 986 983
f 964 996 966
f 983 984 990
f 988 987 994
f 1013 1027 1026
f 1014 1031 1029
f 1028 1026 1031
f 1032 1029 1033
f 1018 1015 1016
f 1020 1017 1018
f 1034 1035 1021
f 1038 1039 1022
f 1040 1021 1039
f 1042 1022 1041
f 1030 1026 1044
f 1017 1059 1015
f 1029 1031 1030
f 1052 1051 1018
f 1061 1060 1017
f 1063 1036 1064
f 1034 1040 1037
f 1050 1018 1051
f 1037 1038 1046
f 1042 1041 1048
f 1067 1081 1080
f 1068 1085 1083
f 1082 1080 1085
f 1086 1083 1087
f 1072 1069 1070
f 1074 1071 1072
f 1088 1089 1075
f 1092 1093 1076
f 1094 1075 1093
f 1096 1076 1095
f 1081 1079 1111
f 1084 1080 1098
f 1071 1113 1069
f 1083 1085 1084
f 1106 1105 1072
f 1115 1114 1071
f 1088 1094 1091
f 1104 1072 1105
f 1091 1092 1100
f 1122 1120 1121
f 1126 1124 1125
f 1127 1135 1170
f 1136 1137 1168
f 1137 1138 1167
f 1135 1136 1169
f 1129 1139 1165
f 1139 1140 1164
f 1141 1142 1162
f 1142 1130 1161
f 1140 1141 1163
f 1138 1129 1166
f 1129 1165 1166
f 1160 1131 1130
f 1144 1145 1158
f 1143 1144 1159
f 1145 1146 1157
f 1146 1132 1156
f 1132 1147 1155
f 1148 1149 1153
f 1149 1150 1152
f 1147 1148 1154
f 1150 1133 1151
f 1155 1156 1132
f 1193 1175 1171
f 1176 1210 1209
f 1178 1177 1209
f 1175 1211 1210
f 1179 1207 1206
f 1181 1205 1204
f 1182 1204 1203
f 1180 1206 1205
f 1178 1208 1207
f 1211 1193 1172
f 1175 1193 1211
f 1183 1203 1202
f 1184 1202 1201
f 1186 1200 1199
f 1188 1187 1199
f 1185 1201 1200
f 1189 1197 1196
f 1192 1191 1195
f 1212 1173 1192
f 1191 1190 1196
f 1188 1198 1197
f 1212 1194 1174
f 1192 1194 1212
f 1235 1217 1213
f 1218 1252 1251
f 1219 1251 1250
f 1217 1253 1252
f 1221 1249 1248
f 1223 1247 1246
f 1224 1246 1245
f 1222 1248 1247
f 1221 1220 1250
f 1253 1235 1214
f 1217 1235 1253
f 1225 1245 1244
f 1226 1244 1243
f 1229 1228 1242
f 1229 1241 1240
f 1228 1227 1243
f 1232 1231 1239
f 1234 1233 1237
f 1254 1215 1234
f 1233 1232 1238
f 1230 1240 1239
f 1254 1236 1216
f 1234 1236 1254
f 1277 1259 1255
f 1260 1294 1293
f 1261 1293 1292
f 1259 1295 1294
f 1263 1291 1290
f 1265 1289 1288
f 1266 1288 1287
f 1264 1290 1289
f 1262 1292 1291
f 1295 1277 1256
f 1259 1277 1295
f 1267 1287 1286
f 1268 1286 1285
f 1270 1284 1283
f 1271 1283 1282
f 1269 1285 1284
f 1274 1273 1281
f 1275 1279 1278
f 1296 1257 1276
f 1275 1274 1280
f 1272 1282 1281
f 1296 1278 1258
f 1276 1278 1296
f 1319 1301 1297
f 1303 1302 1336
f 1303 1335 1334
f 1301 1337 1336
f 1305 1333 1332
f 1308 1307 1331
f 1308 1330 1329
f 1306 1332 1331
f 1304 1334 1333
f 1337 1319 1298
f 1301 1319 1337
f 1309 1329 1328
f 1310 1328 1327
f 1313 1312 1326
f 1314 1313 1325
f 1312 1311 1327
f 1316 1315 1323
f 1317 1321 1320
f 1338 1299 1318
f 1316 1322 1321
f 1315 1314 1324
f 1338 1320 1300
f 1318 1320 1338
f 1380 1339 1343
f 1344 1345 1377
f 1345 1346 1377
f 1343 1344 1379
f 1347 1348 1375
f 1349 1350 1373
f 1351 1371 1350
f 1348 1349 1374
f 1346 1347 1375
f 1379 1340 1380
f 1343 1379 1380
f 1371 1351 1352
f 1352 1353 1370
f 1354 1355 1367
f 1355 1356 1366
f 1353 1354 1368
f 1357 1358 1364
f 1359 1360 1362
f 1361 1360 1341
f 1358 1359 1364
f 1356 1357 1366
f 1361 1342 1362
f 1360 1361 1362
f 1422 1381 1385
f 1386 1387 1419
f 1387 1388 1418
f 1385 1386 1420
f 1389 1390 1416
f 1391 1392 1415
f 1393 1413 1392
f 1390 1391 1415
f 1388 1389 1418
f 1421 1382 1422
f 1385 1421 1422
f 1413 1393 1394
f 1395 1411 1412
f 1396 1397 1410
f 1397 1398 1409
f 1396 1410 1395
f 1400 1406 1399
f 1401 1402 1405
f 1403 1402 1383
f 1400 1401 1406
f 1398 1399 1407
f 1403 1384 1404
f 1402 1403 1404
f 1445 1427 1423
f 1428 1462 1461
f 1429 1461 1460
f 1427 1463 1462
f 1431 1459 1458
f 1433 1457 1456
f 1434 1456 1455
f 1432 1458 1457
f 1430 1460 1459
f 1463 1445 1424
f 1427 1445 1463
f 1435 1455 1454
f 1436 1454 1453
f 1438 1452 1451
f 1439 1451 1450
f 1437 1453 1452
f 1441 1449 1448
f 1443 1447 1446
f 1464 1425 1444
f 1442 1448 1447
f 1440 1450 1449
f 1464 1446 1426
f 1444 1446 1464
f 1487 1469 1465
f 1470 1504 1503
f 1471 1503 1502
f 1469 1505 1504
f 1473 1501 1500
f 1475 1499 1498
f 1476 1498 1497
f 1474 1500 1499
f 1472 1502 1501
f 1505 1487 1466
f 1469 1487 1505
f 1477 1497 1496
f 1478 1496 1495
f 1480 1494 1493
f 1481 1493 1492
f 1479 1495 1494
f 1484 1483 1491
f 1485 1489 1488
f 1506 1467 1486
f 1485 1484 1490
f 1483 1482 1492
f 1506 1488 1468
f 1486 1488 1506
f 1546 1507 1510
f 1511 1512 1543
f 1512 1513 1542
f 1510 1511 1544
f 1514 1515 1540
f 1516 1517 1538
f 1517 1518 1537
f 1515 1516 1539
f 1513 1514 1541
f 1544 1545 1546
f 1510 1544 1546
f 1518 1519 1536
f 1519 1520 1535
f 1521 1522 1533
f 1522 1523 1532
f 1520 1521 1534
f 1524 1525 1530
f 1526 1529 1525
f 1528 1527 1508
f 1548 1526 1527
f 1523 1524 1531
f 1527 1528 1547
f 1549 1529 1526
f 1548 1527 1547
f 1526 1548 1549
f 1509 1547 1528
f 1589 1550 1553
f 1553 1554 1591
f 1589 1553 1592
f 1554 1555 1588
f 1555 1556 1587
f 1557 1558 1585
f 1558 1559 1584
f 1556 1557 1586
f 1559 1560 1583
f 1590 1591 1554
f 1551 1589 1592
f 1592 1553 1591
f 1588 1590 1554
f 1582 1583 1560
f 1561 1562 1581
f 1563 1564 1579
f 1564 1565 1578
f 1562 1563 1580
f 1566 1567 1576
f 1567 1568 1575
f 1569 1570 1573
f 1571 1570 1552
f 1568 1569 1574
f 1565 1566 1577
f 1571 1572 1573
f 1570 1571 1573
f 1637 1593 1618
f 1618 1619 1616
f 1637 1618 1617
f 1619 1620 1615
f 1620 1621 1614
f 1621 1622 1613
f 1623 1624 1610
f 1624 1625 1609
f 1622 1623 1612
f 1625 1626 1608
f 1637 1617 1594
f 1620 1614 1615
f 1608 1626 1595
f 1627 1628 1607
f 1629 1630 1605
f 1630 1631 1603
f 1628 1629 1606
f 1632 1633 1601
f 1633 1634 1600
f 1636 1635 1596
f 1634 1635 1599
f 1631 1632 1602
f 1635 1636 1598
f 1627 1607 1595
f 1633 1600 1601
f 1636 1597 1598
f 1626 1627 1595
f 1660 1642 1638
f 1643 1677 1676
f 1644 1676 1675
f 1642 1678 1677
f 1646 1674 1673
f 1648 1672 1671
f 1649 1671 1670
f 1647 1673 1672
f 1645 1675 1674
f 1678 1660 1639
f 1642 1660 1678
f 1669 1651 1650
f 1651 1669 1668
f 1653 1667 1666
f 1654 1666 1665
f 1652 1668 1667
f 1656 1664 1663
f 1658 1662 1661
f 1679 1640 1659
f 1657 1663 1662
f 1655 1665 1664
f 1679 1661 1641
f 1659 1661 1679
f 1702 1684 1680
f 1685 1719 1718
f 1687 1686 1718
f 1684 1720 1719
f 1688 1716 1715
f 1690 1714 1713
f 1691 1713 1712
f 1690 1689 1715
f 1687 1717 1716
f 1720 1702 1681
f 1684 1702 1720
f 1711 1693 1692
f 1693 1711 1710
f 1695 1709 1708
f 1696 1708 1707
f 1694 1710 1709
f 1699 1698 1706
f 1700 1704 1703
f 1721 1682 1701
f 1699 1705 1704
f 1697 1707 1706
f 1721 1703 1683
f 1701 1703 1721
f 1744 1726 1722
f 1728 1727 1761
f 1729 1728 1760
f 1726 1762 1761
f 1730 1758 1757
f 1733 1732 1756
f 1733 1755 1754
f 1731 1757 1756
f 1729 1759 1758
f 1762 1744 1723
f 1726 1744 1762
f 1753 1735 1734
f 1736 1735 1753
f 1737 1751 1750
f 1738 1750 1749
f 1737 1736 1752
f 1741 1740 1748
f 1743 1742 1746
f 1763 1724 1743
f 1742 1741 1747
f 1740 1739 1749
f 1763 1745 1725
f 1743 1745 1763
f 1786 1768 1764
f 1769 1803 1802
f 1770 1802 1801
f 1768 1804 1803
f 1772 1800 1799
f 1774 1798 1797
f 1775 1797 1796
f 1773 1799 1798
f 1771 1801 1800
f 1804 1786 1765
f 1768 1786 1804
f 1795 1777 1776
f 1777 1795 1794
f 1779 1793 1792
f 1780 1792 1791
f 1778 1794 1793
f 1782 1790 1789
f 1784 1788 1787
f 1805 1766 1785
f 1783 1789 1788
f 1781 1791 1790
f 1805 1787 1767
f 1785 1787 1805
f 1828 1810 1806
f 1812 1811 1845
f 1813 1812 1844
f 1810 1846 1845
f 1814 1842 1841
f 1817 1816 1840
f 1817 1839 1838
f 1815 1841 1840
f 1813 1843 1842
f 1846 1828 1807
f 1810 1828 1846
f 1837 1819 1818
f 1820 1819 1837
f 1821 1835 1834
f 1822 1834 1833
f 1821 1820 1836
f 1825 1824 1832
f 1827 1826 1830
f 1847 1808 1827
f 1826 1825 1831
f 1824 1823 1833
f 1847 1829 1809
f 1827 1829 1847
f 1870 1852 1848
f 1853 1887 1886
f 1855 1854 1886
f 1852 1888 1887
f 1856 1884 1883
f 1858 1882 1881
f 1859 1881 1880
f 1858 1857 1883
f 1855 1885 1884
f 1888 1870 1849
f 1852 1870 1888
f 1879 1861 1860
f 1861 1879 1878
f 1863 1877 1876
f 1864 1876 1875
f 1862 1878 1877
f 1867 1866 1874
f 1868 1872 1871
f 1889 1850 1869
f 1867 1873 1872
f 1865 1875 1874
f 1889 1871 1851
f 1869 1871 1889
f 1928 1927 1890
f 1926 1890 1927
f 1890 1926 1925
f 1890 1925 1924
f 1924 1923 1890
f 1890 1932 1931
f 1890 1930 1929
f 1890 1929 1928
f 1930 1890 1931
f 1891 1932 1890
f 1890 1923 1922
f 1921 1920 1904
f 1920 1919 1905
f 1921 1890 1922
f 1918 1917 1907
f 1909 1916 1915
f 1910 1915 1914
f 1916 1908 1917
f 1906 1919 1918
f 1904 1890 1921
f 1891 1935 1934
f 1891 1938 1937
f 1891 1937 1936
f 1891 1936 1935
f 1940 1939 1891
f 1938 1891 1939
f 1891 1942 1941
f 1891 1941 1940
f 1943 1942 1891
f 1932 1891 1934
f 1955 1949 1948
f 1912 1913 1951
f 1952 1951 1950
f 1954 1950 1949
f 1891 1944 1943
f 1946 1945 1958
f 1945 1944 1958
f 1959 1944 1891
f 1957 1947 1946
f 1948 1947 1956
f 1913 1912 1914
f 1918 1907 1906
f 1920 1905 1904
f 1903 1890 1904
f 1905 1919 1906
f 1914 1912 1911
f 1915 1910 1909
f 1916 1909 1908
f 1910 1914 1911
f 1917 1908 1907
f 1933 1902 1901
f 1899 1933 1900
f 1901 1900 1933
f 1898 1933 1899
f 1902 1890 1903
f 1933 1898 1897
f 1933 1896 1895
f 1933 1895 1894
f 1896 1933 1897
f 1894 1893 1933
f 1890 1902 1933
f 1950 1953 1952
f 1948 1956 1955
f 1949 1955 1954
f 1950 1954 1953
f 1946 1958 1957
f 1891 1892 1961
f 1960 1891 1961
f 1944 1959 1958
f 1947 1957 1956
f 1892 1967 1966
f 1892 1893 1969
f 1892 1969 1968
f 1892 1968 1967
f 1892 1963 1962
f 1892 1965 1964
f 1966 1965 1892
f 1963 1892 1964
f 1961 1892 1962
f 1892 1933 1893
f 1959 1891 1960
f 1951 1952 1912
f 1975 1976 1970
f 1977 2010 2009
f 1978 2009 2008
f 1976 2011 2010
f 1980 2007 2006
f 1982 2005 2004
f 1983 2004 2003
f 1982 1981 2006
f 1979 2008 2007
f 2011 1975 1971
f 1976 1975 2011
f 2002 1985 1984
f 1985 2002 2001
f 1987 2000 1999
f 1988 1999 1998
f 1986 2001 2000
f 1991 1990 1997
f 1992 1995 1994
f 1974 1972 1993
f 1991 1996 1995
f 1989 1998 1997
f 1974 1994 1973
f 1993 1994 1974
f 2017 2018 2012
f 2020 2019 2052
f 2021 2020 2051
f 2018 2053 2052
f 2022 2049 2048
f 2025 2024 2047
f 2025 2046 2045
f 2023 2048 2047
f 2021 2050 2049
f 2053 2017 2013
f 2018 2017 2053
f 2044 2027 2026
f 2028 2027 2044
f 2029 2042 2041
f 2030 2041 2040
f 2029 2028 2043
f 2033 2032 2039
f 2034 2037 2036
f 2016 2014 2035
f 2034 2033 2038
f 2032 2031 2040
f 2016 2036 2015
f 2035 2036 2016
f 2116 2091 2115
f 2090 2091 2116
f 2090 2116 2117
f 2093 2113 2114
f 2114 2092 2093
f 2115 2092 2114
f 2092 2115 2091
f 2094 2113 2093
f 2089 2117 2118
f 2120 2087 2119
f 2085 2121 2122
f 2086 2120 2121
f 2121 2085 2086
f 2089 2090 2117
f 2119 2087 2088
f 2120 2086 2087
f 2089 2118 2088
f 2088 2118 2119
f 2094 2073 2074
f 2072 2073 2095
f 2073 2094 2095
f 2094 2074 2113
f 2096 2072 2095
f 2071 2072 2096
f 2069 2070 2098
f 2097 2070 2071
f 2069 2099 2068
f 2071 2096 2097
f 2098 2099 2069
f 2067 2100 2101
f 2068 2100 2067
f 2099 2100 2068
f 2066 2067 2101
f 2103 2065 2102
f 2066 2102 2065
f 2064 2065 2103
f 2066 2101 2102
f 2097 2098 2070
f 2084 2085 2122
f 2123 2083 2084
f 2122 2123 2084
f 2124 2083 2123
f 2125 2082 2124
f 2124 2082 2083
f 2081 2126 2080
f 2080 2127 2079
f 2081 2082 2125
f 2125 2126 2081
f 2079 2127 2128
f 2129 2078 2128
f 2079 2128 2078
f 2130 2077 2129
f 2077 2078 2129
f 2075 2076 2131
f 2130 2076 2077
f 2054 2075 2131
f 2130 2131 2076
f 2126 2127 2080
f 2062 2105 2106
f 2108 2060 2107
f 2060 2061 2107
f 2061 2106 2107
f 2063 2064 2104
f 2104 2064 2103
f 2104 2105 2063
f 2063 2105 2062
f 2062 2106 2061
f 2059 2108 2109
f 2111 2057 2110
f 2112 2075 2055
f 2054 2055 2075
f 2056 2111 2112
f 2112 2055 2056
f 2060 2108 2059
f 2058 2110 2057
f 2059 2109 2058
f 2111 2056 2057
f 2058 2109 2110
f 2137 2138 2132
f 2139 2172 2171
f 2140 2171 2170
f 2138 2173 2172
f 2142 2169 2168
f 2144 2167 2166
f 2145 2166 2165
f 2143 2168 2167
f 2141 2170 2169
f 2173 2137 2133
f 2138 2137 2173
f 2146 2165 2164
f 2147 2164 2163
f 2149 2162 2161
f 2150 2161 2160
f 2148 2163 2162
f 2152 2159 2158
f 2154 2157 2156
f 2136 2134 2155
f 2153 2158 2157
f 2151 2160 2159
f 2136 2156 2135
f 2155 2156 2136
f 2214 2192 2193
f 2193 2213 2214
f 2213 2193 2212
f 2202 2192 2214
f 2192 2202 2203
f 2204 2191 2203
f 2191 2192 2203
f 2235 2191 2204
f 2193 2206 2207
f 2193 2201 2205
f 2205 2206 2193
f 2193 2211 2212
f 2193 2209 2210
f 2193 2208 2209
f 2210 2211 2193
f 2193 2207 2208
f 2201 2193 2200
f 2190 2236 2237
f 2190 2238 2239
f 2190 2237 2238
f 2191 2235 2190
f 2190 2241 2242
f 2190 2240 2241
f 2190 2239 2240
f 2243 2190 2242
f 2236 2190 2235
f 2228 2243 2244
f 2178 2176 2177
f 2227 2244 2176
f 2176 2178 2225
f 2244 2227 2228
f 2176 2226 2227
f 2176 2225 2226
f 2229 2190 2243
f 2228 2229 2243
f 2199 2200 2197
f 2197 2200 2174
f 2181 2182 2183
f 2183 2184 2186
f 2224 2181 2183
f 2183 2223 2224
f 2194 2195 2196
f 2196 2174 2194
f 2187 2188 2189
f 2175 2187 2189
f 2175 2183 2186
f 2174 2196 2197
f 2174 2200 2193
f 2186 2187 2175
f 2190 2229 2230
f 2190 2231 2232
f 2190 2230 2231
f 2190 2233 2234
f 2175 2180 2215
f 2190 2180 2175
f 2179 2180 2190
f 2190 2232 2233
f 2220 2221 2183
f 2222 2223 2183
f 2221 2222 2183
f 2175 2216 2217
f 2218 2219 2183
f 2183 2219 2220
f 2217 2218 2175
f 2215 2216 2175
f 2183 2175 2218
f 2234 2179 2190
f 2284 2245 2283
f 2282 2283 2245
f 2245 2281 2282
f 2245 2280 2281
f 2280 2245 2279
f 2245 2287 2288
f 2245 2285 2286
f 2245 2284 2285
f 2286 2287 2245
f 2246 2245 2288
f 2245 2278 2279
f 2277 2260 2276
f 2276 2261 2275
f 2277 2278 2245
f 2274 2263 2273
f 2265 2271 2272
f 2266 2270 2271
f 2272 2273 2264
f 2262 2274 2275
f 2260 2277 2245
f 2246 2289 2290
f 2246 2292 2293
f 2246 2291 2292
f 2246 2290 2291
f 2295 2246 2294
f 2293 2294 2246
f 2246 2296 2297
f 2246 2295 2296
f 2298 2246 2297
f 2288 2289 2246
f 2310 2303 2304
f 2268 2306 2269
f 2307 2305 2306
f 2309 2304 2305
f 2246 2298 2299
f 2301 2313 2300
f 2300 2313 2299
f 2314 2246 2299
f 2312 2301 2302
f 2303 2311 2302
f 2269 2270 2267
f 2274 2262 2263
f 2276 2260 2261
f 2259 2260 2245
f 2261 2262 2275
f 2269 2267 2268
f 2271 2265 2266
f 2272 2264 2265
f 2266 2267 2270
f 2273 2263 2264
f 2247 2257 2258
f 2255 2256 2247
f 2257 2247 2256
f 2254 2255 2247
f 2258 2259 2245
f 2247 2253 2254
f 2247 2251 2252
f 2247 2250 2251
f 2252 2253 2247
f 2250 2247 2249
f 2245 2247 2258
f 2305 2307 2308
f 2303 2310 2311
f 2304 2309 2310
f 2305 2308 2309
f 2301 2312 2313
f 2246 2316 2248
f 2315 2316 2246
f 2299 2313 2314
f 2302 2311 2312
f 2248 2321 2322
f 2248 2324 2249
f 2248 2323 2324
f 2248 2322 2323
f 2248 2317 2318
f 2248 2319 2320
f 2321 2248 2320
f 2318 2319 2248
f 2316 2317 2248
f 2248 2249 2247
f 2314 2315 2246
f 2306 2268 2307
f 2326 2325 2327
f 2330 2332 2331
f 2351 2376 2350
f 2349 2350 2376
f 2376 2348 2349
f 2376 2347 2348
f 2347 2376 2346
f 2376 2354 2355
f 2376 2352 2353
f 2376 2351 2352
f 2353 2354 2376
f 2333 2376 2355
f 2376 2345 2346
f 2376 2343 2344
f 2376 2342 2343
f 2344 2345 2376
f 2341 2371 2340
f 2339 2372 2338
f 2373 2337 2338
f 2372 2339 2340
f 2341 2342 2376
f 2341 2376 2370
f 2333 2377 2378
f 2333 2380 2381
f 2333 2379 2380
f 2333 2378 2379
f 2383 2333 2382
f 2381 2382 2333
f 2333 2384 2385
f 2333 2383 2384
f 2386 2333 2385
f 2355 2377 2333
f 2391 2398 2390
f 2395 2394 2336
f 2396 2393 2394
f 2392 2397 2391
f 2333 2386 2387
f 2333 2389 2390
f 2333 2388 2389
f 2333 2387 2388
f 2333 2390 2399
f 2393 2397 2392
f 2336 2337 2374
f 2334 2369 2370
f 2334 2367 2368
f 2334 2366 2367
f 2368 2369 2334
f 2336 2374 2375
f 2372 2373 2338
f 2371 2372 2340
f 2373 2374 2337
f 2370 2371 2341
f 2334 2364 2365
f 2362 2363 2334
f 2364 2334 2363
f 2361 2362 2334
f 2334 2365 2366
f 2334 2360 2361
f 2334 2358 2359
f 2334 2357 2358
f 2359 2360 2334
f 2357 2334 2356
f 2334 2370 2376
f 2394 2395 2396
f 2333 2399 2335
f 2398 2399 2390
f 2397 2398 2391
f 2335 2400 2401
f 2335 2403 2404
f 2335 2402 2403
f 2335 2401 2402
f 2335 2399 2400
f 2335 2409 2410
f 2335 2412 2356
f 2335 2411 2412
f 2335 2410 2411
f 2335 2405 2406
f 2335 2407 2408
f 2409 2335 2408
f 2406 2407 2335
f 2404 2405 2335
f 2335 2356 2334
f 2396 2397 2393
f 2336 2375 2395
f 2416 2415 2414
f 2418 2417 2419
f 2429 2425 2428
f 2421 2428 2426
f 2428 2425 2426
f 2427 2421 2426
f 2422 2429 2430
f 2423 2425 2422
f 2425 2423 2424
f 2422 2425 2429
f 2435 2437 2439
f 2439 2438 2433
f 2438 2431 2432
f 2437 2435 2436
f 2433 2440 2434
f 2438 2432 2433
f 2440 2433 2432
f 2435 2439 2433
f 2442 2443 2444
f 2446 2445 2447
f 2487 2486 2449
f 2485 2449 2486
f 2449 2485 2484
f 2449 2484 2483
f 2483 2482 2449
f 2449 2491 2490
f 2449 2489 2488
f 2449 2488 2487
f 2489 2449 2490
f 2450 2491 2449
f 2449 2482 2481
f 2449 2480 2479
f 2449 2479 2478
f 2480 2449 2481
f 2477 2476 2466
f 2475 2474 2468
f 2469 2474 2473
f 2468 2476 2475
f 2477 2449 2478
f 2477 2466 2449
f 2450 2493 2492
f 2450 2496 2495
f 2450 2495 2494
f 2450 2494 2493
f 2498 2497 2450
f 2496 2450 2497
f 2450 2500 2499
f 2450 2499 2498
f 2501 2500 2450
f 2491 2450 2492
f 2506 2505 2513
f 2510 2472 2509
f 2511 2509 2508
f 2507 2506 2513
f 2450 2502 2501
f 2450 2505 2504
f 2450 2504 2503
f 2450 2503 2502
f 2450 2514 2505
f 2508 2507 2511
f 2472 2470 2473
f 2528 2466 2465
f 2528 2464 2463
f 2528 2463 2462
f 2464 2528 2465
f 2472 2471 2470
f 2468 2474 2469
f 2467 2476 2468
f 2469 2473 2470
f 2466 2476 2467
f 2528 2461 2460
f 2458 2528 2459
f 2460 2459 2528
f 2457 2528 2458
f 2528 2462 2461
f 2528 2457 2456
f 2528 2455 2454
f 2528 2454 2453
f 2455 2528 2456
f 2453 2452 2528
f 2528 2449 2466
f 2509 2511 2510
f 2450 2451 2514
f 2513 2505 2514
f 2512 2507 2513
f 2451 2516 2515
f 2451 2519 2518
f 2451 2518 2517
f 2451 2517 2516
f 2451 2515 2514
f 2451 2525 2524
f 2451 2452 2527
f 2451 2527 2526
f 2451 2526 2525
f 2451 2521 2520
f 2451 2523 2522
f 2524 2523 2451
f 2521 2451 2522
f 2519 2451 2520
f 2451 2528 2452
f 2511 2507 2512
f 2472 2510 2471
f 2529 2532 2530
f 2534 2536 2535
f 2555 2548 2554
f 2553 2554 2548
f 2556 2548 2555
f 2548 2557 2544
f 2548 2556 2557
f 2545 2548 2544
f 2548 2549 2550
f 2548 2543 2549
f 2548 2552 2553
f 2548 2551 2552
f 2548 2550 2551
f 2548 2538 2543
f 2537 2558 2559
f 2537 2545 2558
f 2561 2537 2560
f 2559 2560 2537
f 2562 2537 2561
f 2548 2545 2537
f 2537 2563 2564
f 2537 2562 2563
f 2537 2566 2546
f 2537 2565 2566
f 2537 2564 2565
f 2546 2547 2539
f 2538 2584 2542
f 2538 2583 2584
f 2538 2581 2582
f 2538 2580 2581
f 2582 2583 2538
f 2578 2579 2538
f 2580 2538 2579
f 2577 2578 2538
f 2538 2576 2577
f 2538 2541 2576
f 2541 2538 2539
f 2539 2570 2571
f 2539 2569 2570
f 2539 2567 2568
f 2539 2547 2567
f 2568 2569 2539
f 2539 2575 2540
f 2539 2574 2575
f 2539 2572 2573
f 2574 2539 2573
f 2571 2572 2539
f 2539 2540 2541
f 2619 2620 2594
f 2585 2619 2594
f 2585 2618 2619
f 2618 2585 2617
f 2623 2594 2622
f 2621 2594 2620
f 2594 2621 2622
f 2624 2594 2623
f 2585 2591 2616
f 2590 2601 2645
f 2601 2590 2591
f 2601 2642 2643
f 2601 2641 2642
f 2643 2644 2601
f 2644 2645 2601
f 2585 2616 2617
f 2585 2601 2591
f 2599 2600 2598
f 2585 2598 2600
f 2598 2585 2597
f 2607 2586 2605
f 2608 2586 2607
f 2605 2606 2607
f 2596 2597 2595
f 2593 2594 2592
f 2625 2592 2594
f 2597 2585 2594
f 2610 2608 2609
f 2608 2610 2611
f 2586 2608 2611
f 2594 2595 2597
f 2594 2624 2625
f 2604 2586 2611
f 2654 2655 2639
f 2587 2637 2638
f 2638 2639 2655
f 2587 2589 2636
f 2589 2587 2588
f 2637 2587 2636
f 2587 2638 2655
f 2654 2639 2640
f 2601 2653 2654
f 2652 2653 2601
f 2601 2654 2640
f 2601 2647 2648
f 2601 2651 2652
f 2601 2649 2650
f 2601 2648 2649
f 2650 2651 2601
f 2646 2601 2602
f 2601 2640 2641
f 2604 2630 2631
f 2604 2632 2633
f 2604 2631 2632
f 2604 2612 2626
f 2604 2628 2629
f 2604 2627 2628
f 2604 2626 2627
f 2629 2630 2604
f 2601 2646 2647
f 2614 2615 2602
f 2646 2602 2615
f 2604 2634 2635
f 2635 2603 2604
f 2614 2603 2613
f 2613 2603 2635
f 2633 2634 2604
f 2602 2603 2614
f 2657 2659 2658
f 2665 2666 2660
f 2667 2700 2699
f 2668 2699 2698
f 2666 2701 2700
f 2670 2697 2696
f 2672 2695 2694
f 2673 2694 2693
f 2672 2671 2696
f 2669 2698 2697
f 2701 2665 2661
f 2666 2665 2701
f 2692 2675 2674
f 2675 2692 2691
f 2677 2690 2689
f 2678 2689 2688
f 2676 2691 2690
f 2681 2680 2687
f 2682 2685 2684
f 2664 2662 2683
f 2681 2686 2685
f 2679 2688 2687
f 2664 2684 2663
f 2683 2684 2664
f 2707 2708 2702
f 2710 2709 2742
f 2711 2710 2741
f 2708 2743 2742
f 2712 2739 2738
f 2715 2714 2737
f 2715 2736 2735
f 2713 2738 2737
f 2711 2740 2739
f 2743 2707 2703
f 2708 2707 2743
f 2734 2717 2716
f 2718 2717 2734
f 2719 2732 2731
f 2720 2731 2730
f 2719 2718 2733
f 2723 2722 2729
f 2724 2727 2726
f 2706 2704 2725
f 2724 2723 2728
f 2722 2721 2730
f 2706 2726 2705
f 2725 2726 2706
f 2745 2747 2746
f 2749 2751 2750
f 2753 2755 2754
f 2759 2792 2793
f 2759 2760 2791
f 2760 2761 2790
f 2794 2756 2757
f 2794 2758 2793
f 2759 2793 2758
f 2757 2758 2794
f 2795 2756 2794
f 2789 2761 2762
f 2764 2788 2763
f 2786 2787 2765
f 2764 2765 2787
f 2766 2786 2765
f 2787 2788 2764
f 2791 2792 2759
f 2789 2790 2761
f 2788 2789 2762
f 2791 2760 2790
f 2763 2788 2762
f 2831 2756 2796
f 2795 2796 2756
f 2830 2831 2796
f 2797 2830 2796
f 2829 2830 2797
f 2829 2798 2828
f 2827 2828 2799
f 2826 2827 2801
f 2829 2797 2798
f 2799 2800 2827
f 2826 2802 2825
f 2801 2802 2826
f 2800 2801 2827
f 2803 2824 2825
f 2824 2804 2823
f 2822 2823 2804
f 2803 2804 2824
f 2803 2825 2802
f 2798 2799 2828
f 2766 2784 2785
f 2786 2766 2785
f 2767 2784 2766
f 2768 2783 2767
f 2767 2783 2784
f 2782 2770 2781
f 2781 2771 2780
f 2769 2782 2783
f 2783 2768 2769
f 2781 2770 2771
f 2779 2780 2772
f 2771 2772 2780
f 2778 2772 2773
f 2778 2779 2772
f 2775 2776 2777
f 2773 2777 2778
f 2774 2775 2777
f 2773 2774 2777
f 2769 2770 2782
f 2819 2820 2807
f 2809 2818 2808
f 2808 2819 2807
f 2804 2805 2822
f 2821 2822 2805
f 2821 2806 2820
f 2807 2820 2806
f 2805 2806 2821
f 2818 2809 2810
f 2812 2816 2811
f 2813 2776 2814
f 2775 2814 2776
f 2815 2812 2813
f 2813 2814 2815
f 2819 2808 2818
f 2817 2811 2816
f 2817 2818 2810
f 2815 2816 2812
f 2817 2810 2811
f 2837 2838 2832
f 2839 2872 2871
f 2840 2871 2870
f 2838 2873 2872
f 2842 2869 2868
f 2844 2867 2866
f 2845 2866 2865
f 2843 2868 2867
f 2841 2870 2869
f 2873 2837 2833
f 2838 2837 2873
f 2846 2865 2864
f 2847 2864 2863
f 2849 2862 2861
f 2850 2861 2860
f 2848 2863 2862
f 2852 2859 2858
f 2854 2857 2856
f 2836 2834 2855
f 2853 2858 2857
f 2851 2860 2859
f 2836 2856 2835
f 2855 2856 2836
f 2879 2874 2881
f 2881 2882 2917
f 2879 2881 2918
f 2882 2883 2916
f 2883 2884 2915
f 2884 2885 2914
f 2886 2887 2911
f 2887 2888 2910
f 2885 2886 2913
f 2888 2889 2909
f 2879 2918 2875
f 2883 2915 2916
f 2909 2889 2876
f 2890 2891 2908
f 2892 2893 2906
f 2893 2894 2904
f 2891 2892 2907
f 2895 2896 2902
f 2896 2897 2901
f 2880 2898 2877
f 2897 2898 2900
f 2894 2895 2903
f 2898 2880 2899
f 2890 2908 2876
f 2896 2901 2902
f 2880 2878 2899
f 2889 2890 2876
f 3031 2919 3030
f 3029 3030 2919
f 3052 2919 3031
f 2994 3050 3031
f 2995 3048 2994
f 3032 3090 3028
f 2939 2940 3032
f 3091 3026 3027
f 3032 3028 3029
f 3028 3090 3027
f 2919 3032 3029
f 3049 3050 2994
f 3048 3049 2994
f 3051 3052 3031
f 3048 2995 3047
f 3050 3051 3031
f 3045 3046 2997
f 3046 2996 2997
f 2998 2999 3044
f 3045 2997 2998
f 2999 3000 3043
f 3047 2996 3046
f 2995 2996 3047
f 3089 3032 2940
f 3053 2919 3052
f 3032 2938 2939
f 3032 2937 2938
f 3091 3092 3026
f 3090 3091 3027
f 3032 2932 2933
f 3032 2931 2932
f 3032 2935 2936
f 3032 2934 2935
f 3032 2933 2934
f 2936 2937 3032
f 3093 3025 3092
f 3093 3094 3025
f 3094 3024 3025
f 3001 3042 3000
f 3092 3025 3026
f 3024 3096 3023
f 3095 3096 3024
f 3004 2993 3003
f 3023 3096 3070
f 3095 3024 3094
f 3002 3041 3001
f 3097 3070 3096
f 3090 3032 3089
f 2931 3032 2930
f 3003 2993 3002
f 2919 3054 3055
f 2920 2977 2978
f 2919 3055 3040
f 2998 3044 3045
f 2989 2957 2988
f 3043 3044 2999
f 3053 3054 2919
f 2920 2980 2981
f 2920 2979 2980
f 2983 2920 2982
f 2981 2982 2920
f 3039 2920 2983
f 2978 2979 2920
f 2959 3039 2987
f 3039 2986 2987
f 3039 2984 2985
f 2986 3039 2985
f 2983 2984 3039
f 2988 2958 2987
f 2956 2989 2990
f 3001 3041 3042
f 2993 3041 3002
f 2957 2989 2956
f 2991 2992 2952
f 2988 2957 2958
f 3004 2992 2993
f 2991 2952 2953
f 2992 2951 2952
f 2955 2956 2990
f 2954 2955 2990
f 2991 2953 2954
f 2992 2950 2951
f 2959 2960 3039
f 2958 2959 2987
f 3039 3072 3073
f 3039 3071 3072
f 2960 3071 3039
f 3039 3075 3076
f 3039 3074 3075
f 3039 3078 3079
f 3039 3077 3078
f 3039 3076 3077
f 3039 3073 3074
f 2991 2954 2990
f 3042 3043 3000
f 3038 3039 3079
f 3033 2929 2930
f 3033 2927 2928
f 3033 2926 2927
f 2928 2929 3033
f 3033 2924 2925
f 3033 2923 2924
f 3033 2921 2922
f 3106 3065 3105
f 2922 2923 3033
f 2925 2926 3033
f 3102 3068 3101
f 3101 3069 3100
f 3069 3070 3099
f 3070 3098 3099
f 3069 3099 3100
f 3104 3067 3103
f 3105 3066 3104
f 3070 2961 3023
f 3020 2962 2963
f 3022 3023 2961
f 3102 3103 3068
f 2962 3021 2961
f 2921 3033 3106
f 3070 3097 3098
f 3063 3033 3062
f 3061 3062 3033
f 3064 3033 3063
f 3065 3066 3105
f 3033 3064 3065
f 3104 3066 3067
f 3060 3061 3034
f 3033 3034 3061
f 3059 3060 3034
f 3034 3058 3059
f 3034 3057 3058
f 3057 3034 3056
f 3068 3069 3101
f 3067 3068 3103
f 3017 2965 2966
f 3018 2964 2965
f 3034 3035 3056
f 3037 2975 2976
f 3037 2974 2975
f 2976 3036 3037
f 3033 3065 3106
f 3033 2930 3032
f 3019 2963 2964
f 3004 2949 2992
f 3004 3005 2949
f 2949 2950 2992
f 2949 3005 2948
f 3020 3021 2962
f 3007 2945 3006
f 2947 3005 3006
f 3005 2947 2948
f 2946 2947 3006
f 2946 3006 2945
f 3022 2961 3021
f 3038 3083 3084
f 3038 3081 3082
f 3038 3080 3081
f 3082 3083 3038
f 2944 3008 2943
f 2943 3038 2942
f 3038 3086 3087
f 3038 3085 3086
f 3007 2944 2945
f 3038 3084 3085
f 3019 2964 3018
f 2963 3019 3020
f 3018 2965 3017
f 3016 3017 2966
f 2967 3015 3016
f 3015 2967 2968
f 2972 3012 2971
f 2970 3013 2969
f 2969 3014 2968
f 3013 2970 2971
f 3014 3015 2968
f 2973 3012 2972
f 3009 3038 2943
f 3008 3009 2943
f 3038 3088 2941
f 3038 2941 2942
f 3087 3088 3038
f 3038 3009 3010
f 2944 3007 3008
f 3013 3014 2969
f 3012 3013 2971
f 3037 3010 3011
f 3012 3037 3011
f 3038 3010 3037
f 2973 3037 3012
f 3037 2973 2974
f 2967 3016 2966
f 3079 3080 3038
f 3111 3107 3113
f 3114 3115 3145
f 3115 3116 3144
f 3113 3114 3146
f 3117 3118 3142
f 3119 3120 3140
f 3120 3121 3139
f 3118 3119 3141
f 3116 3117 3143
f 3146 3110 3111
f 3113 3146 3111
f 3121 3122 3138
f 3122 3123 3137
f 3124 3125 3135
f 3125 3126 3134
f 3123 3124 3136
f 3127 3128 3132
f 3129 3131 3128
f 3112 3130 3108
f 3148 3129 3130
f 3126 3127 3133
f 3130 3112 3147
f 3149 3131 3129
f 3148 3130 3147
f 3129 3148 3149
f 3109 3147 3112
f 3172 3178 3171
f 3170 3171 3160
f 3174 3172 3173
f 3177 3178 3172
f 3176 3174 3175
f 3177 3174 3176
f 3177 3172 3174
f 3178 3160 3171
f 3168 3160 3166
f 3167 3168 3166
f 3164 3165 3166
f 3168 3169 3170
f 3161 3163 3164
f 3162 3163 3161
f 3161 3164 3166
f 3161 3166 3160
f 3168 3170 3160
f 3159 3160 3178
f 3180 3183 3179
f 3183 3180 3181
f 3181 3182 3183
f 3185 3183 3184
f 3179 3186 3150
f 3186 3179 3185
f 3185 3179 3183
f 3187 3150 3186
f 3156 3153 3155
f 3158 3159 3157
f 3156 3157 3159
f 3159 3153 3156
f 3152 3150 3151
f 3154 3155 3153
f 3153 3159 3152
f 3150 3152 3159
f 3150 3159 3179
f 3195 3206 3188
f 3194 3214 3195
f 3206 3195 3214
f 3214 3207 3206
f 3214 3208 3207
f 3209 3208 3215
f 3215 3208 3214
f 3209 3215 3216
f 3205 3194 3189
f 3214 3194 3205
f 3214 3205 3204
f 3215 3202 3216
f 3215 3203 3202
f 3204 3203 3215
f 3204 3215 3214
f 3190 3216 3210
f 3210 3217 3211
f 3217 3200 3199
f 3218 3212 3211
f 3216 3201 3200
f 3212 3218 3219
f 3213 3192 3191
f 3192 3213 3219
f 3198 3218 3199
f 3197 3193 3219
f 3192 3219 3193
f 3193 3197 3196
f 3198 3197 3219
f 3219 3218 3198
f 3225 3237 3220
f 3224 3246 3225
f 3237 3225 3246
f 3246 3238 3237
f 3247 3239 3238
f 3248 3241 3240
f 3239 3247 3240
f 3246 3247 3238
f 3246 3235 3247
f 3236 3224 3223
f 3246 3224 3236
f 3246 3236 3235
f 3234 3233 3247
f 3232 3248 3233
f 3231 3249 3248
f 3249 3242 3248
f 3250 3243 3249
f 3244 3250 3251
f 3245 3226 3221
f 3244 3243 3250
f 3245 3251 3226
f 3231 3230 3249
f 3250 3249 3230
f 3250 3230 3229
f 3250 3229 3251
f 3228 3227 3251
f 3226 3251 3227
f 3227 3228 3222
f 3253 3252 3254
f 3256 3258 3257
f 3264 3260 3267
f 3303 3268 3269
f 3269 3270 3302
f 3304 3267 3268
f 3300 3271 3272
f 3272 3273 3299
f 3274 3275 3297
f 3275 3276 3297
f 3273 3274 3298
f 3301 3270 3271
f 3268 3303 3304
f 3303 3269 3302
f 3267 3304 3305
f 3261 3264 3305
f 3305 3264 3267
f 3300 3301 3271
f 3276 3262 3296
f 3295 3262 3277
f 3278 3279 3293
f 3279 3280 3292
f 3294 3277 3278
f 3281 3282 3291
f 3282 3283 3290
f 3288 3284 3285
f 3285 3286 3287
f 3289 3283 3284
f 3280 3281 3292
f 3294 3295 3277
f 3288 3289 3284
f 3287 3286 3265
f 3265 3266 3287
f 3263 3265 3286
f 3327 3328 3329
f 3329 3326 3327
f 3326 3329 3334
f 3333 3334 3329
f 3333 3331 3332
f 3331 3333 3329
f 3329 3330 3331
f 3326 3315 3323
f 3323 3324 3325
f 3321 3322 3320
f 3322 3323 3320
f 3323 3325 3326
f 3316 3319 3320
f 3318 3319 3317
f 3316 3317 3319
f 3316 3320 3323
f 3316 3323 3315
f 3315 3326 3334
f 3336 3315 3334
f 3336 3337 3338
f 3338 3340 3336
f 3315 3336 3340
f 3340 3342 3343
f 3341 3342 3340
f 3339 3340 3338
f 3340 3343 3306
f 3312 3310 3311
f 3314 3315 3313
f 3313 3310 3312
f 3315 3309 3313
f 3307 3308 3315
f 3313 3309 3310
f 3309 3315 3308
f 3307 3315 3306
f 3306 3315 3340
f 3335 3336 3334
f 3467 3425 3466
f 3466 3425 3465
f 3468 3425 3467
f 3425 3471 3472
f 3470 3425 3469
f 3471 3425 3470
f 3425 3468 3469
f 3426 3425 3472
f 3401 3426 3400
f 3425 3401 3402
f 3426 3401 3425
f 3425 3464 3465
f 3403 3425 3402
f 3400 3446 3399
f 3399 3447 3398
f 3398 3448 3397
f 3446 3447 3399
f 3400 3426 3446
f 3426 3363 3446
f 3363 3426 3362
f 3426 3359 3360
f 3426 3361 3362
f 3447 3448 3398
f 3426 3360 3361
f 3426 3354 3355
f 3426 3357 3358
f 3426 3356 3357
f 3426 3355 3356
f 3358 3359 3426
f 3397 3449 3396
f 3451 3395 3396
f 3449 3450 3396
f 3450 3451 3396
f 3449 3397 3448
f 3452 3453 3395
f 3394 3453 3454
f 3453 3394 3395
f 3451 3452 3395
f 3393 3394 3454
f 3354 3426 3427
f 3424 3403 3404
f 3405 3482 3424
f 3404 3405 3424
f 3405 3406 3482
f 3425 3403 3424
f 3407 3382 3406
f 3408 3409 3380
f 3382 3383 3482
f 3381 3407 3408
f 3382 3482 3406
f 3428 3482 3383
f 3490 3491 3424
f 3424 3489 3490
f 3489 3424 3488
f 3424 3487 3488
f 3487 3424 3486
f 3485 3486 3424
f 3424 3484 3485
f 3424 3483 3484
f 3483 3424 3482
f 3482 3428 3429
f 3377 3378 3410
f 3379 3380 3409
f 3410 3378 3379
f 3377 3410 3411
f 3408 3380 3381
f 3375 3412 3374
f 3412 3413 3374
f 3376 3377 3411
f 3375 3376 3411
f 3375 3411 3412
f 3381 3382 3407
f 3482 3430 3431
f 3482 3429 3430
f 3482 3432 3433
f 3482 3435 3436
f 3482 3434 3435
f 3482 3433 3434
f 3482 3431 3432
f 3409 3410 3379
f 3423 3482 3436
f 3427 3352 3353
f 3427 3350 3351
f 3351 3352 3427
f 3427 3348 3349
f 3427 3346 3347
f 3462 3389 3461
f 3347 3348 3427
f 3349 3350 3427
f 3457 3392 3456
f 3393 3455 3456
f 3456 3392 3393
f 3392 3457 3458
f 3390 3391 3460
f 3392 3458 3391
f 3459 3391 3458
f 3460 3391 3459
f 3461 3390 3460
f 3455 3393 3454
f 3427 3473 3422
f 3474 3475 3422
f 3474 3422 3473
f 3476 3422 3475
f 3478 3422 3477
f 3480 3422 3479
f 3422 3478 3479
f 3422 3476 3477
f 3480 3481 3422
f 3344 3345 3427
f 3461 3389 3390
f 3388 3389 3462
f 3388 3462 3463
f 3463 3344 3427
f 3388 3463 3387
f 3387 3463 3427
f 3386 3387 3427
f 3422 3385 3386
f 3385 3422 3384
f 3386 3427 3422
f 3346 3427 3345
f 3427 3353 3354
f 3372 3373 3413
f 3413 3373 3374
f 3372 3414 3371
f 3371 3414 3370
f 3413 3414 3372
f 3370 3415 3369
f 3415 3368 3369
f 3368 3416 3367
f 3366 3367 3417
f 3414 3415 3370
f 3423 3440 3441
f 3423 3438 3439
f 3423 3437 3438
f 3439 3440 3423
f 3366 3418 3365
f 3423 3443 3444
f 3423 3442 3443
f 3423 3441 3442
f 3368 3415 3416
f 3418 3419 3365
f 3417 3367 3416
f 3366 3417 3418
f 3364 3423 3445
f 3419 3423 3365
f 3492 3421 3384
f 3420 3423 3419
f 3421 3492 3420
f 3364 3365 3423
f 3492 3384 3422
f 3423 3420 3492
f 3492 3498 3499
f 3501 3492 3500
f 3499 3500 3492
f 3492 3501 3423
f 3492 3494 3495
f 3492 3496 3497
f 3496 3492 3495
f 3492 3497 3498
f 3492 3493 3494
f 3444 3445 3423
f 3436 3437 3423
f 3507 3508 3504
f 3503 3505 3509
f 3506 3509 3508
f 3510 3511 3517
f 3516 3515 3514
f 3515 3516 3513
f 3523 3524 3520
f 3519 3521 3525
f 3522 3525 3524
f 3526 3527 3531
f 3532 3531 3530
f 3533 3530 3529
f 3542 3534 3543
f 3541 3542 3561
f 3543 3561 3542
f 3561 3543 3544
f 3561 3544 3545
f 3546 3562 3545
f 3562 3561 3545
f 3546 3547 3562
f 3560 3535 3541
f 3561 3560 3541
f 3561 3559 3560
f 3562 3563 3557
f 3562 3557 3558
f 3559 3562 3558
f 3559 3561 3562
f 3563 3547 3548
f 3548 3549 3564
f 3565 3564 3550
f 3563 3564 3556
f 3552 3566 3551
f 3552 3537 3539
f 3551 3565 3550
f 3552 3539 3566
f 3564 3565 3555
f 3555 3565 3554
f 3553 3566 3540
f 3539 3540 3566
f 3566 3553 3554
f 3540 3538 3553
f 3565 3566 3554
f 3566 3565 3551
f 3574 3567 3575
f 3573 3574 3594
f 3575 3594 3574
f 3594 3575 3576
f 3594 3576 3577
f 3578 3595 3577
f 3595 3594 3577
f 3578 3579 3595
f 3593 3568 3573
f 3594 3593 3573
f 3594 3592 3593
f 3590 3591 3595
f 3594 3591 3592
f 3589 3590 3596
f 3594 3595 3591
f 3597 3596 3580
f 3581 3582 3597
f 3579 3580 3596
f 3584 3599 3583
f 3584 3569 3571
f 3598 3582 3583
f 3599 3584 3571
f 3597 3598 3587
f 3587 3598 3586
f 3596 3597 3588
f 3585 3599 3572
f 3571 3572 3599
f 3585 3586 3599
f 3572 3570 3585
f 3599 3598 3583
f 3608 3600 3609
f 3607 3608 3627
f 3609 3627 3608
f 3627 3609 3610
f 3627 3610 3611
f 3612 3628 3611
f 3628 3627 3611
f 3612 3613 3628
f 3626 3601 3607
f 3627 3626 3607
f 3627 3625 3626
f 3628 3629 3623
f 3628 3623 3624
f 3625 3628 3624
f 3625 3627 3628
f 3629 3613 3614
f 3614 3615 3630
f 3631 3630 3616
f 3629 3630 3622
f 3618 3632 3617
f 3618 3603 3605
f 3617 3631 3616
f 3618 3605 3632
f 3630 3631 3621
f 3621 3631 3620
f 3619 3632 3606
f 3605 3606 3632
f 3619 3620 3632
f 3606 3604 3619
f 3632 3631 3617
f 3639 3633 3642
f 3638 3639 3660
f 3642 3660 3639
f 3660 3642 3643
f 3660 3643 3644
f 3645 3661 3644
f 3661 3660 3644
f 3645 3646 3661
f 3659 3634 3638
f 3660 3659 3638
f 3660 3658 3659
f 3661 3662 3656
f 3661 3656 3657
f 3658 3661 3657
f 3658 3660 3661
f 3662 3646 3647
f 3647 3648 3663
f 3664 3663 3649
f 3662 3663 3655
f 3651 3665 3650
f 3651 3636 3640
f 3650 3664 3649
f 3651 3640 3665
f 3663 3664 3654
f 3654 3664 3653
f 3652 3665 3641
f 3640 3641 3665
f 3665 3652 3653
f 3641 3637 3652
f 3664 3665 3653
f 3665 3664 3650
f 3671 3672 3666
f 3673 3706 3705
f 3674 3705 3704
f 3672 3707 3706
f 3677 3676 3703
f 3678 3701 3700
f 3680 3679 3700
f 3677 3702 3701
f 3675 3704 3703
f 3707 3671 3667
f 3672 3671 3707
f 3699 3698 3681
f 3682 3681 3698
f 3683 3696 3695
f 3684 3695 3694
f 3682 3697 3696
f 3686 3693 3692
f 3688 3691 3690
f 3670 3668 3689
f 3687 3692 3691
f 3685 3694 3693
f 3670 3690 3669
f 3689 3690 3670
f 3713 3714 3708
f 3715 3748 3747
f 3716 3747 3746
f 3714 3749 3748
f 3718 3745 3744
f 3720 3743 3742
f 3721 3742 3741
f 3719 3744 3743
f 3717 3746 3745
f 3749 3713 3709
f 3714 3713 3749
f 3740 3723 3722
f 3723 3740 3739
f 3725 3738 3737
f 3726 3737 3736
f 3724 3739 3738
f 3728 3735 3734
f 3730 3733 3732
f 3712 3710 3731
f 3729 3734 3733
f 3727 3736 3735
f 3712 3732 3711
f 3731 3732 3712
f 3751 3753 3750
f 3756 3753 3751
f 3756 3755 3754
f 3756 3751 3752
f 3754 3753 3756
f 3764 3761 3759
f 3758 3760 3762
f 3763 3762 3761
f 3769 3768 3771
f 3767 3771 3765
f 3771 3767 3770
f 3770 3767 3766
f 3769 3771 3770
f 3791 3781 3792
f 3793 3792 3775
f 3775 3795 3794
f 3793 3775 3794
f 3782 3791 3790
f 3786 3787 3774
f 3788 3787 3785
f 3790 3789 3784
f 3788 3785 3789
f 3772 3773 3777
f 3781 3775 3792
f 3779 3778 3776
f 3780 3779 3776
f 3781 3791 3782
f 3780 3776 3781
f 3790 3783 3782
f 3784 3789 3785
f 3785 3787 3786
f 3774 3777 3786
f 3784 3783 3790
f 3776 3775 3781
f 3801 3804 3796
f 3800 3822 3801
f 3804 3801 3822
f 3822 3805 3804
f 3822 3806 3805
f 3807 3806 3823
f 3823 3806 3822
f 3824 3808 3807
f 3821 3800 3797
f 3822 3800 3821
f 3822 3821 3820
f 3818 3823 3819
f 3822 3820 3819
f 3817 3824 3818
f 3822 3819 3823
f 3809 3826 3810
f 3824 3817 3816
f 3826 3809 3824
f 3812 3811 3827
f 3812 3802 3798
f 3811 3810 3825
f 3812 3827 3802
f 3815 3825 3826
f 3825 3815 3814
f 3825 3814 3827
f 3813 3803 3827
f 3802 3827 3803
f 3803 3813 3799
f 3827 3811 3825
f 3833 3836 3828
f 3832 3854 3833
f 3836 3833 3854
f 3854 3837 3836
f 3854 3838 3837
f 3839 3838 3855
f 3855 3838 3854
f 3839 3855 3856
f 3853 3832 3829
f 3854 3832 3853
f 3854 3853 3852
f 3855 3850 3856
f 3855 3851 3850
f 3854 3852 3851
f 3854 3851 3855
f 3840 3856 3841
f 3841 3857 3842
f 3857 3848 3847
f 3858 3843 3842
f 3856 3849 3848
f 3843 3858 3859
f 3844 3834 3830
f 3834 3844 3859
f 3846 3858 3847
f 3845 3835 3859
f 3834 3859 3835
f 3835 3845 3831
f 3846 3845 3859
f 3859 3858 3846
f 3861 3860 3866
f 3864 3866 3865
f 3864 3863 3866
f 3861 3866 3863
f 3861 3863 3862
f 3872 3873 3869
f 3868 3870 3874
f 3871 3874 3873
f 3875 3880 3877
f 3881 3877 3880
f 3880 3879 3881
f 3881 3879 3878
f 3876 3877 3881
f 3904 3903 3889
f 3888 3905 3904
f 3892 3902 3901
f 3890 3903 3902
f 3887 3905 3888
f 3899 3886 3900
f 3900 3886 3893
f 3897 3886 3898
f 3899 3898 3886
f 3901 3900 3893
f 3887 3884 3883
f 3891 3890 3902
f 3889 3903 3890
f 3889 3888 3904
f 3891 3902 3892
f 3896 3895 3885
f 3894 3885 3895
f 3894 3893 3885
f 3901 3893 3892
f 3911 3914 3906
f 3910 3932 3911
f 3914 3911 3932
f 3932 3915 3914
f 3932 3916 3915
f 3917 3916 3933
f 3933 3916 3932
f 3917 3933 3934
f 3931 3910 3907
f 3932 3910 3931
f 3932 3931 3930
f 3933 3928 3934
f 3933 3929 3928
f 3932 3930 3929
f 3932 3929 3933
f 3918 3934 3919
f 3919 3935 3920
f 3935 3926 3925
f 3936 3921 3920
f 3934 3927 3926
f 3921 3936 3937
f 3922 3912 3908
f 3912 3922 3937
f 3924 3936 3925
f 3923 3913 3937
f 3912 3937 3913
f 3913 3923 3909
f 3923 3937 3924
f 3943 3946 3938
f 3942 3964 3943
f 3946 3943 3964
f 3964 3947 3946
f 3964 3948 3947
f 3949 3948 3965
f 3965 3948 3964
f 3966 3950 3949
f 3963 3942 3939
f 3964 3942 3963
f 3964 3963 3962
f 3960 3965 3961
f 3964 3962 3961
f 3959 3966 3960
f 3964 3961 3965
f 3951 3968 3952
f 3966 3959 3958
f 3968 3951 3966
f 3954 3953 3969
f 3954 3944 3940
f 3953 3952 3967
f 3954 3969 3944
f 3957 3967 3968
f 3967 3957 3956
f 3967 3956 3969
f 3955 3945 3969
f 3944 3969 3945
f 3945 3955 3941
f 3969 3953 3967
f 3974 3970 3994
f 3995 3996 3992
f 3996 3997 3991
f 3994 3995 3992
f 3998 3999 3988
f 4000 4001 3987
f 4002 3985 4001
f 3999 4000 3987
f 3997 3998 3990
f 3993 3971 3974
f 3994 3993 3974
f 3985 4002 4003
f 4004 3983 3984
f 4005 4006 3982
f 4007 3980 3981
f 4004 4005 3982
f 4009 3978 4008
f 4010 4011 3977
f 3975 4011 3972
f 4009 4010 3977
f 4008 3979 4007
f 3975 3973 3976
f 4011 3975 3976
f 4017 4012 4039
f 4057 4039 4040
f 4038 4017 4057
f 4057 4017 4039
f 4058 4057 4040
f 4042 4058 4041
f 4057 4058 4036
f 4042 4043 4059
f 4060 4059 4043
f 4044 4045 4060
f 4045 4046 4061
f 4046 4047 4062
f 4058 4059 4034
f 4038 4013 4017
f 4037 4038 4057
f 4035 4036 4058
f 4033 4034 4059
f 4060 4061 4031
f 4062 4063 4029
f 4061 4062 4030
f 4062 4029 4030
f 4033 4060 4032
f 4060 4033 4059
f 4063 4047 4048
f 4064 4048 4049
f 4049 4050 4065
f 4064 4065 4027
f 4066 4065 4050
f 4051 4052 4066
f 4065 4066 4026
f 4063 4064 4028
f 4052 4053 4067
f 4069 4068 4054
f 4068 4053 4054
f 4067 4068 4023
f 4055 4056 4070
f 4015 4018 4056
f 4066 4067 4024
f 4027 4028 4064
f 4023 4024 4067
f 4021 4022 4068
f 4069 4070 4020
f 4056 4018 4070
f 4018 4019 4070
f 4018 4016 4019
f 4019 4020 4070
f 4048 4064 4063
f 4076 4077 4071
f 4078 4111 4110
f 4079 4110 4109
f 4077 4112 4111
f 4081 4108 4107
f 4084 4083 4106
f 4084 4105 4104
f 4082 4107 4106
f 4080 4109 4108
f 4112 4076 4072
f 4077 4076 4112
f 4085 4104 4103
f 4087 4086 4103
f 4089 4088 4101
f 4090 4089 4100
f 4088 4087 4102
f 4092 4091 4098
f 4094 4093 4096
f 4075 4073 4094
f 4093 4092 4097
f 4091 4090 4099
f 4075 4095 4074
f 4094 4095 4075
f 4116 4149 4150
f 4116 4117 4148
f 4117 4118 4148
f 4151 4113 4114
f 4114 4150 4151
f 4116 4150 4115
f 4115 4150 4114
f 4152 4113 4151
f 4146 4118 4119
f 4121 4145 4120
f 4143 4144 4122
f 4121 4122 4144
f 4123 4143 4122
f 4144 4145 4121
f 4148 4149 4116
f 4146 4147 4118
f 4145 4146 4119
f 4148 4118 4147
f 4120 4145 4119
f 4188 4113 4153
f 4152 4153 4113
f 4188 4153 4154
f 4187 4188 4154
f 4155 4186 4187
f 4184 4185 4156
f 4186 4155 4185
f 4158 4183 4184
f 4155 4187 4154
f 4156 4157 4184
f 4183 4159 4182
f 4158 4159 4183
f 4157 4158 4184
f 4181 4182 4159
f 4180 4160 4161
f 4179 4180 4161
f 4181 4160 4180
f 4181 4159 4160
f 4155 4156 4185
f 4124 4142 4123
f 4143 4123 4142
f 4141 4142 4124
f 4125 4140 4124
f 4124 4140 4141
f 4139 4127 4138
f 4138 4127 4137
f 4126 4139 4140
f 4140 4125 4126
f 4137 4127 4128
f 4136 4137 4129
f 4137 4128 4129
f 4129 4130 4135
f 4135 4136 4129
f 4133 4134 4131
f 4130 4134 4135
f 4132 4133 4131
f 4130 4131 4134
f 4126 4127 4139
f 4176 4177 4164
f 4166 4175 4165
f 4165 4176 4164
f 4161 4162 4179
f 4163 4179 4162
f 4178 4163 4177
f 4164 4177 4163
f 4179 4163 4178
f 4174 4166 4167
f 4169 4172 4168
f 4170 4133 4171
f 4132 4171 4133
f 4172 4169 4170
f 4170 4171 4172
f 4176 4165 4175
f 4174 4168 4173
f 4174 4175 4166
f 4172 4173 4168
f 4174 4167 4168
f 4194 4195 4189
f 4196 4229 4228
f 4197 4228 4227
f 4196 4195 4230
f 4200 4199 4226
f 4201 4224 4223
f 4202 4223 4222
f 4200 4225 4224
f 4199 4198 4227
f 4230 4194 4190
f 4195 4194 4230
f 4203 4222 4221
f 4205 4204 4221
f 4206 4219 4218
f 4207 4218 4217
f 4205 4220 4219
f 4209 4216 4215
f 4212 4211 4214
f 4193 4191 4212
f 4211 4210 4215
f 4208 4217 4216
f 4193 4213 4192
f 4212 4213 4193
f 4233 4234 4267
f 4235 4267 4234
f 4265 4235 4236
f 4269 4231 4232
f 4232 4268 4269
f 4233 4267 4268
f 4233 4268 4232
f 4270 4231 4269
f 4264 4236 4237
f 4239 4263 4238
f 4261 4262 4240
f 4239 4240 4262
f 4241 4261 4240
f 4262 4263 4239
f 4266 4267 4235
f 4264 4265 4236
f 4263 4264 4237
f 4266 4235 4265
f 4238 4263 4237
f 4306 4231 4271
f 4270 4271 4231
f 4306 4271 4272
f 4305 4306 4272
f 4304 4305 4272
f 4303 4304 4274
f 4303 4275 4302
f 4301 4302 4276
f 4304 4272 4273
f 4274 4275 4303
f 4301 4277 4300
f 4276 4277 4301
f 4275 4276 4302
f 4299 4300 4277
f 4298 4278 4279
f 4280 4298 4279
f 4299 4278 4298
f 4299 4277 4278
f 4273 4274 4304
f 4241 4259 4260
f 4261 4241 4260
f 4242 4259 4241
f 4243 4259 4242
f 4243 4258 4259
f 4257 4245 4256
f 4256 4245 4255
f 4244 4257 4258
f 4258 4243 4244
f 4255 4245 4246
f 4254 4255 4247
f 4247 4255 4246
f 4247 4248 4254
f 4253 4254 4248
f 4251 4252 4249
f 4253 4249 4252
f 4250 4251 4249
f 4253 4248 4249
f 4244 4245 4257
f 4294 4295 4282
f 4284 4293 4283
f 4283 4294 4282
f 4298 4280 4297
f 4296 4297 4280
f 4296 4281 4295
f 4282 4295 4281
f 4280 4281 4296
f 4292 4284 4285
f 4287 4290 4286
f 4288 4251 4289
f 4250 4289 4251
f 4290 4287 4288
f 4288 4289 4290
f 4294 4283 4293
f 4285 4291 4292
f 4292 4293 4284
f 4290 4291 4286
f 4285 4286 4291
f 4309 4343 4310
f 4310 4342 4311
f 4311 4342 4312
f 4345 4308 4307
f 4308 4345 4344
f 4309 4344 4343
f 4309 4308 4344
f 4346 4345 4307
f 4340 4313 4312
f 4315 4314 4339
f 4337 4316 4338
f 4315 4338 4316
f 4317 4316 4337
f 4338 4315 4339
f 4342 4310 4343
f 4340 4312 4341
f 4339 4313 4340
f 4342 4341 4312
f 4314 4313 4339
f 4382 4347 4307
f 4346 4307 4347
f 4382 4348 4347
f 4381 4348 4382
f 4349 4381 4380
f 4379 4349 4380
f 4379 4378 4350
f 4377 4352 4378
f 4349 4348 4381
f 4350 4378 4351
f 4377 4376 4353
f 4352 4377 4353
f 4351 4378 4352
f 4375 4353 4376
f 4374 4355 4354
f 4356 4355 4374
f 4375 4374 4354
f 4375 4354 4353
f 4349 4379 4350
f 4318 4317 4336
f 4337 4336 4317
f 4335 4318 4336
f 4319 4318 4334
f 4318 4335 4334
f 4333 4332 4321
f 4332 4331 4321
f 4320 4334 4333
f 4334 4320 4319
f 4331 4322 4321
f 4330 4323 4331
f 4322 4331 4323
f 4329 4324 4323
f 4329 4323 4330
f 4327 4325 4328
f 4329 4328 4325
f 4326 4325 4327
f 4329 4325 4324
f 4320 4333 4321
f 4370 4358 4371
f 4360 4359 4369
f 4359 4358 4370
f 4374 4373 4356
f 4357 4356 4373
f 4372 4371 4357
f 4358 4357 4371
f 4373 4372 4357
f 4369 4361 4360
f 4363 4362 4366
f 4364 4365 4327
f 4326 4327 4365
f 4366 4364 4363
f 4364 4366 4365
f 4370 4369 4359
f 4368 4367 4362
f 4368 4361 4369
f 4366 4362 4367
f 4368 4362 4361
f 4388 4389 4383
f 4390 4423 4422
f 4392 4391 4422
f 4389 4424 4423
f 4393 4420 4419
f 4395 4418 4417
f 4397 4396 4417
f 4394 4419 4418
f 4392 4421 4420
f 4424 4388 4384
f 4389 4388 4424
f 4397 4416 4415
f 4398 4415 4414
f 4401 4400 4413
f 4402 4401 4412
f 4400 4399 4414
f 4404 4403 4410
f 4406 4405 4408
f 4387 4385 4406
f 4405 4404 4409
f 4403 4402 4411
f 4387 4407 4386
f 4406 4407 4387
f 4427 4461 4428
f 4428 4460 4429
f 4429 4460 4430
f 4463 4426 4425
f 4426 4463 4462
f 4427 4462 4461
f 4427 4426 4462
f 4464 4463 4425
f 4458 4431 4430
f 4433 4432 4457
f 4455 4434 4456
f 4433 4456 4434
f 4454 4434 4455
f 4456 4433 4457
f 4460 4428 4461
f 4458 4430 4459
f 4457 4431 4458
f 4460 4459 4430
f 4432 4431 4457
f 4500 4465 4425
f 4464 4425 4465
f 4500 4466 4465
f 4499 4466 4500
f 4467 4499 4498
f 4498 4497 4467
f 4496 4469 4497
f 4495 4470 4496
f 4467 4466 4499
f 4468 4497 4469
f 4495 4494 4471
f 4470 4495 4471
f 4469 4496 4470
f 4493 4471 4494
f 4492 4473 4472
f 4474 4473 4492
f 4493 4492 4472
f 4493 4472 4471
f 4467 4497 4468
f 4436 4435 4454
f 4434 4454 4435
f 4453 4436 4454
f 4437 4436 4452
f 4436 4453 4452
f 4451 4450 4439
f 4450 4449 4439
f 4438 4452 4451
f 4452 4438 4437
f 4449 4440 4439
f 4448 4441 4449
f 4440 4449 4441
f 4442 4441 4447
f 4447 4441 4448
f 4445 4443 4446
f 4447 4446 4443
f 4444 4443 4445
f 4447 4443 4442
f 4438 4451 4439
f 4488 4476 4489
f 4478 4477 4487
f 4477 4476 4488
f 4492 4491 4474
f 4490 4474 4491
f 4490 4489 4475
f 4476 4475 4489
f 4474 4490 4475
f 4486 4479 4478
f 4481 4480 4484
f 4483 4444 4482
f 4445 4482 4444
f 4484 4482 4481
f 4482 4484 4483
f 4488 4487 4477
f 4478 4487 4486
f 4480 4486 4485
f 4485 4484 4480
f 4486 4480 4479
f 4506 4507 4501
f 4508 4541 4540
f 4509 4540 4539
f 4507 4542 4541
f 4511 4538 4537
f 4513 4536 4535
f 4515 4514 4535
f 4512 4537 4536
f 4511 4510 4539
f 4542 4506 4502
f 4507 4506 4542
f 4515 4534 4533
f 4516 4533 4532
f 4518 4531 4530
f 4520 4519 4530
f 4517 4532 4531
f 4522 4521 4528
f 4524 4523 4526
f 4505 4503 4524
f 4523 4522 4527
f 4521 4520 4529
f 4505 4525 4504
f 4524 4525 4505
f 4545 4543 4544
f 4549 4550 4548
f 4553 4551 4552
f 4556 4558 4557
f 4559 4562 4560
f 4565 4563 4566
f 4568 4567 4569
f 4573 4574 4572
f 4577 4578 4575
f 4582 4579 4581
f 4586 4584 4585
f 4587 4590 4589
f 4591 4592 4593
f 4595 4597 4598
f 4599 4602 4601
f 4604 4603 4605
f 4609 4610 4608
f 4611 4614 4613
f 4615 4617 4618
f 4621 4619 4620
f 4625 4628 4623
f 4626 4627 4628
f 4624 4627 4626
f 4625 4626 4628
f 4631 4634 4629
f 4631 4633 4634
f 4630 4633 4632
f 4631 4632 4633
f 4651 4639 4635
f 4650 4662 4651
f 4639 4651 4662
f 4662 4640 4639
f 4662 4641 4640
f 4642 4641 4663
f 4663 4641 4662
f 4664 4643 4642
f 4661 4650 4636
f 4662 4650 4661
f 4662 4661 4660
f 4658 4663 4659
f 4662 4660 4659
f 4657 4664 4663
f 4662 4659 4663
f 4644 4666 4645
f 4664 4656 4666
f 4666 4644 4664
f 4646 4665 4667
f 4647 4648 4637
f 4646 4645 4665
f 4647 4667 4648
f 4666 4655 4654
f 4654 4653 4665
f 4652 4649 4667
f 4648 4667 4649
f 4667 4653 4652
f 4649 4652 4638
f 4665 4653 4667
f 4657 4656 4664
f 4682 4672 4668
f 4681 4695 4682
f 4672 4682 4695
f 4695 4673 4672
f 4696 4674 4673
f 4697 4676 4675
f 4674 4696 4675
f 4695 4696 4673
f 4695 4691 4690
f 4692 4681 4669
f 4695 4681 4692
f 4695 4692 4691
f 4690 4689 4696
f 4688 4697 4696
f 4688 4687 4697
f 4698 4677 4697
f 4699 4678 4698
f 4697 4687 4698
f 4679 4699 4700
f 4680 4693 4670
f 4679 4678 4699
f 4680 4700 4693
f 4698 4686 4685
f 4685 4684 4699
f 4683 4694 4700
f 4693 4700 4694
f 4700 4684 4683
f 4694 4683 4671
f 4699 4684 4700
f 4706 4709 4708
f 4703 4707 4701
f 4707 4703 4708
f 4705 4702 4704
f 4705 4709 4706
f 4706 4708 4703
f 4705 4704 4709
f 4717 4710 4712
f 4711 4716 4715
f 4716 4717 4714
f 4721 4718 4726
f 4723 4725 4719
f 4725 4722 4726
f 4726 4722 4721
f 4719 4720 4724
f 4719 4724 4723
f 4725 4723 4722
f 4740 4729 4727
f 4739 4754 4740
f 4729 4740 4754
f 4754 4730 4729
f 4754 4731 4730
f 4732 4731 4755
f 4755 4731 4754
f 4756 4733 4732
f 4750 4739 4738
f 4754 4739 4750
f 4754 4750 4749
f 4747 4755 4748
f 4754 4749 4748
f 4755 4747 4746
f 4756 4755 4746
f 4754 4748 4755
f 4734 4758 4735
f 4756 4745 4758
f 4758 4734 4756
f 4736 4757 4759
f 4737 4752 4751
f 4736 4735 4757
f 4737 4759 4752
f 4758 4744 4743
f 4743 4742 4757
f 4741 4753 4759
f 4752 4759 4753
f 4759 4742 4741
f 4753 4741 4728
f 4757 4742 4759
f 4746 4745 4756
f 4776 4765 4760
f 4775 4787 4776
f 4765 4776 4787
f 4787 4766 4765
f 4788 4767 4787
f 4768 4767 4788
f 4789 4762 4768
f 4786 4775 4761
f 4787 4775 4786
f 4787 4786 4785
f 4783 4788 4784
f 4787 4785 4784
f 4788 4783 4782
f 4789 4788 4782
f 4787 4784 4788
f 4769 4791 4770
f 4789 4781 4791
f 4791 4769 4789
f 4772 4771 4792
f 4772 4773 4763
f 4771 4770 4790
f 4772 4792 4773
f 4791 4780 4779
f 4779 4778 4790
f 4777 4774 4792
f 4773 4792 4774
f 4792 4778 4777
f 4774 4777 4764
f 4790 4778 4792
f 4792 4771 4790
f 4782 4781 4789
f 4798 4796 4793
f 4794 4797 4793
f 4793 4797 4798
f 4796 4798 4795
f 4801 4799 4804
f 4801 4804 4803
f 4800 4802 4803
f 4801 4803 4802
f 4807 4805 4808
f 4810 4812 4811
f 4815 4816 4813
f 4820 4819 4817
f 4823 4824 4822
f 4825 4828 4826
f 4831 4832 4830
f 4834 4836 4835
f 4838 4840 4839
f 4843 4844 4841
f 4847 4848 4845
f 4849 4852 4851
f 4856 4854 4855
f 4858 4860 4859
f 4862 4861 4863
f 4866 4868 4867
f 4870 4872 4871
f 4875 4876 4874
f 4878 4879 4880
f 4884 4882 4883
f 4887 4890 4885
f 4887 4889 4890
f 4886 4889 4888
f 4887 4888 4889
f 4895 4891 4894
f 4892 4891 4895
f 4894 4896 4895
f 4894 4893 4896
f 4910 4899 4897
f 4909 4924 4910
f 4899 4910 4924
f 4924 4900 4899
f 4925 4901 4900
f 4926 4903 4902
f 4901 4925 4902
f 4924 4925 4900
f 4924 4919 4918
f 4920 4909 4908
f 4924 4909 4920
f 4924 4920 4919
f 4918 4917 4925
f 4916 4926 4925
f 4916 4915 4926
f 4927 4904 4926
f 4928 4905 4927
f 4926 4915 4927
f 4906 4928 4929
f 4907 4922 4921
f 4906 4905 4928
f 4907 4929 4922
f 4927 4914 4913
f 4913 4912 4928
f 4911 4923 4929
f 4922 4929 4923
f 4929 4912 4911
f 4923 4911 4898
f 4928 4912 4929
f 4946 4934 4933
f 4945 4957 4946
f 4934 4946 4957
f 4957 4935 4934
f 4957 4936 4935
f 4937 4936 4958
f 4958 4936 4957
f 4959 4938 4937
f 4956 4945 4930
f 4957 4945 4956
f 4957 4956 4955
f 4953 4958 4954
f 4957 4955 4954
f 4958 4953 4952
f 4959 4958 4952
f 4957 4954 4958
f 4939 4961 4940
f 4959 4951 4961
f 4961 4939 4959
f 4942 4941 4962
f 4942 4943 4931
f 4941 4940 4960
f 4942 4962 4943
f 4961 4950 4949
f 4949 4948 4960
f 4947 4944 4962
f 4943 4962 4944
f 4962 4948 4947
f 4944 4947 4932
f 4960 4948 4962
f 4962 4941 4960
f 4952 4951 4959
f 4970 4963 4965
f 4964 4969 4968
f 4969 4970 4967
f 4976 4979 4978
f 4973 4977 4971
f 4977 4973 4978
f 4975 4972 4974
f 4975 4979 4976
f 4976 4978 4973
f 4975 4974 4979
f 4994 4984 4980
f 4993 5007 4994
f 4984 4994 5007
f 5007 4985 4984
f 5007 4986 4985
f 4987 4986 5008
f 5008 4986 5007
f 5009 4988 4987
f 5004 4993 4981
f 5007 4993 5004
f 5007 5004 5003
f 5001 5008 5002
f 5007 5003 5002
f 5000 5009 5008
f 5007 5002 5008
f 4989 5011 4990
f 5009 4999 5011
f 5011 4989 5009
f 4992 4991 5012
f 4992 5005 4982
f 4991 4990 5010
f 4992 5012 5005
f 5011 4998 4997
f 4997 4996 5010
f 4995 5006 5012
f 5005 5012 5006
f 5012 4996 4995
f 5006 4995 4983
f 5010 4996 5012
f 5012 4991 5010
f 5000 4999 5009
f 5016 5013 5021
f 5018 5020 5014
f 5020 5017 5021
f 5021 5017 5016
f 5014 5015 5019
f 5014 5019 5018
f 5020 5018 5017
f 5026 5025 5022
f 5023 5026 5022
f 5025 5026 5027
f 5025 5027 5024
f 5044 5031 5028
f 5043 5055 5044
f 5031 5044 5055
f 5055 5032 5031
f 5055 5033 5032
f 5034 5033 5056
f 5056 5033 5055
f 5057 5035 5034
f 5054 5043 5029
f 5055 5043 5054
f 5055 5054 5053
f 5051 5056 5052
f 5055 5053 5052
f 5050 5057 5056
f 5055 5052 5056
f 5036 5059 5037
f 5057 5049 5059
f 5059 5036 5057
f 5039 5038 5060
f 5039 5041 5040
f 5038 5037 5058
f 5039 5060 5041
f 5059 5048 5047
f 5047 5046 5058
f 5045 5042 5060
f 5041 5060 5042
f 5060 5046 5045
f 5042 5045 5030
f 5058 5046 5060
f 5060 5038 5058
f 5050 5049 5057
f 5064 5066 5061
f 5063 5065 5066
f 5062 5065 5063
f 5064 5063 5066
f 5067 5095 5094
f 5096 5097 5092
f 5097 5098 5091
f 5095 5096 5093
f 5069 5099 5089
f 5099 5100 5088
f 5101 5102 5086
f 5102 5070 5085
f 5100 5101 5087
f 5098 5069 5090
f 5069 5089 5090
f 5084 5071 5070
f 5104 5105 5082
f 5103 5104 5083
f 5105 5106 5081
f 5106 5072 5080
f 5072 5107 5079
f 5108 5109 5077
f 5109 5110 5076
f 5107 5108 5078
f 5110 5073 5075
f 5079 5080 5072
f 5112 5114 5113
f 5116 5115 5117
f 5133 5134 5135
f 5135 5144 5133
f 5136 5144 5135
f 5138 5145 5137
f 5137 5145 5136
f 5146 5145 5138
f 5119 5133 5131
f 5144 5131 5133
f 5144 5130 5131
f 5130 5144 5129
f 5128 5129 5145
f 5144 5145 5129
f 5145 5127 5128
f 5146 5127 5145
f 5145 5144 5136
f 5140 5141 5148
f 5146 5148 5126
f 5148 5146 5140
f 5143 5149 5142
f 5143 5120 5132
f 5142 5147 5141
f 5143 5132 5149
f 5148 5147 5124
f 5124 5147 5123
f 5122 5123 5149
f 5147 5149 5123
f 5132 5122 5149
f 5122 5132 5121
f 5149 5147 5142
f 5127 5146 5126
f 5155 5150 5152
f 5151 5155 5154
f 5159 5156 5160
f 5158 5159 5161
f 5178 5177 5162
f 5179 5187 5178
f 5187 5177 5178
f 5187 5179 5180
f 5181 5188 5180
f 5188 5187 5180
f 5189 5188 5181
f 5174 5163 5177
f 5187 5174 5177
f 5187 5173 5174
f 5171 5172 5188
f 5187 5172 5173
f 5170 5171 5188
f 5187 5188 5172
f 5190 5183 5184
f 5189 5190 5169
f 5190 5189 5183
f 5190 5184 5191
f 5192 5191 5185
f 5175 5176 5186
f 5184 5185 5191
f 5190 5191 5167
f 5166 5167 5191
f 5165 5192 5176
f 5186 5176 5192
f 5176 5164 5165
f 5166 5192 5165
f 5192 5166 5191
f 5170 5189 5169
f 5209 5207 5208
f 5210 5218 5209
f 5218 5207 5209
f 5218 5210 5211
f 5212 5219 5211
f 5219 5218 5211
f 5220 5219 5212
f 5206 5193 5207
f 5218 5206 5207
f 5218 5205 5206
f 5203 5204 5219
f 5218 5204 5205
f 5202 5203 5219
f 5218 5219 5204
f 5221 5214 5215
f 5220 5221 5201
f 5221 5220 5214
f 5221 5215 5222
f 5223 5222 5216
f 5217 5194 5195
f 5215 5216 5222
f 5221 5222 5199
f 5198 5199 5222
f 5223 5195 5197
f 5198 5223 5197
f 5223 5198 5222
f 5202 5220 5201
f 5229 5224 5226
f 5228 5229 5227
f 5233 5230 5234
f 5231 5233 5235
f 5252 5250 5251
f 5253 5261 5252
f 5261 5250 5252
f 5261 5253 5254
f 5255 5262 5254
f 5262 5261 5254
f 5263 5262 5255
f 5247 5249 5250
f 5261 5247 5250
f 5261 5246 5247
f 5244 5245 5262
f 5261 5245 5246
f 5262 5243 5244
f 5263 5243 5262
f 5261 5262 5245
f 5264 5257 5258
f 5263 5264 5242
f 5264 5263 5257
f 5264 5258 5265
f 5266 5265 5259
f 5236 5248 5260
f 5258 5259 5265
f 5264 5265 5240
f 5239 5240 5265
f 5238 5266 5248
f 5260 5248 5266
f 5248 5237 5238
f 5239 5266 5238
f 5266 5239 5265
f 5243 5263 5242
f 1127 1170 1128
f 1136 1168 1169
f 1137 1167 1168
f 1135 1169 1170
f 1139 1164 1165
f 1140 1163 1164
f 1142 1161 1162
f 1130 1131 1161
f 1141 1162 1163
f 1138 1166 1167
f 1160 1130 1143
f 1144 1158 1159
f 1143 1159 1160
f 1145 1157 1158
f 1146 1156 1157
f 1147 1154 1155
f 1149 1152 1153
f 1150 1151 1152
f 1148 1153 1154
f 1133 1134 1151
f 1176 1209 1177
f 1178 1209 1208
f 1175 1210 1176
f 1179 1206 1180
f 1181 1204 1182
f 1182 1203 1183
f 1180 1205 1181
f 1178 1207 1179
f 1183 1202 1184
f 1184 1201 1185
f 1186 1199 1187
f 1188 1199 1198
f 1185 1200 1186
f 1189 1196 1190
f 1192 1195 1194
f 1191 1196 1195
f 1188 1197 1189
f 1218 1251 1219
f 1219 1250 1220
f 1217 1252 1218
f 1221 1248 1222
f 1223 1246 1224
f 1224 1245 1225
f 1222 1247 1223
f 1221 1250 1249
f 1225 1244 1226
f 1226 1243 1227
f 1229 1242 1241
f 1229 1240 1230
f 1228 1243 1242
f 1232 1239 1238
f 1234 1237 1236
f 1233 1238 1237
f 1230 1239 1231
f 1260 1293 1261
f 1261 1292 1262
f 1259 1294 1260
f 1263 1290 1264
f 1265 1288 1266
f 1266 1287 1267
f 1264 1289 1265
f 1262 1291 1263
f 1267 1286 1268
f 1268 1285 1269
f 1270 1283 1271
f 1271 1282 1272
f 1269 1284 1270
f 1274 1281 1280
f 1275 1278 1276
f 1275 1280 1279
f 1272 1281 1273
f 1303 1336 1335
f 1303 1334 1304
f 1301 1336 1302
f 1305 1332 1306
f 1308 1331 1330
f 1308 1329 1309
f 1306 1331 1307
f 1304 1333 1305
f 1309 1328 1310
f 1310 1327 1311
f 1313 1326 1325
f 1314 1325 1324
f 1312 1327 1326
f 1316 1323 1322
f 1317 1320 1318
f 1316 1321 1317
f 1315 1324 1323
f 1344 1377 1378
f 1346 1376 1377
f 1344 1378 1379
f 1348 1374 1375
f 1350 1372 1373
f 1371 1372 1350
f 1349 1373 1374
f 1346 1375 1376
f 1371 1352 1370
f 1353 1369 1370
f 1354 1367 1368
f 1355 1366 1367
f 1353 1368 1369
f 1357 1364 1365
f 1359 1362 1363
f 1359 1363 1364
f 1357 1365 1366
f 1386 1419 1420
f 1387 1418 1419
f 1385 1420 1421
f 1389 1416 1417
f 1392 1414 1415
f 1413 1414 1392
f 1390 1415 1416
f 1389 1417 1418
f 1413 1394 1412
f 1395 1412 1394
f 1397 1409 1410
f 1398 1408 1409
f 1410 1411 1395
f 1406 1407 1399
f 1402 1404 1405
f 1401 1405 1406
f 1398 1407 1408
f 1428 1461 1429
f 1429 1460 1430
f 1427 1462 1428
f 1431 1458 1432
f 1433 1456 1434
f 1434 1455 1435
f 1432 1457 1433
f 1430 1459 1431
f 1435 1454 1436
f 1436 1453 1437
f 1438 1451 1439
f 1439 1450 1440
f 1437 1452 1438
f 1441 1448 1442
f 1443 1446 1444
f 1442 1447 1443
f 1440 1449 1441
f 1470 1503 1471
f 1471 1502 1472
f 1469 1504 1470
f 1473 1500 1474
f 1475 1498 1476
f 1476 1497 1477
f 1474 1499 1475
f 1472 1501 1473
f 1477 1496 1478
f 1478 1495 1479
f 1480 1493 1481
f 1481 1492 1482
f 1479 1494 1480
f 1484 1491 1490
f 1485 1488 1486
f 1485 1490 1489
f 1483 1492 1491
f 1512 1542 1543
f 1513 1541 1542
f 1511 1543 1544
f 1515 1539 1540
f 1517 1537 1538
f 1518 1536 1537
f 1516 1538 1539
f 1514 1540 1541
f 1519 1535 1536
f 1520 1534 1535
f 1522 1532 1533
f 1523 1531 1532
f 1521 1533 1534
f 1525 1529 1530
f 1524 1530 1531
f 1555 1587 1588
f 1557 1585 1586
f 1558 1584 1585
f 1556 1586 1587
f 1559 1583 1584
f 1582 1560 1561
f 1561 1581 1582
f 1563 1579 1580
f 1564 1578 1579
f 1562 1580 1581
f 1566 1576 1577
f 1567 1575 1576
f 1569 1573 1574
f 1568 1574 1575
f 1565 1577 1578
f 1618 1616 1617
f 1619 1615 1616
f 1621 1613 1614
f 1622 1612 1613
f 1623 1610 1611
f 1624 1609 1610
f 1623 1611 1612
f 1625 1608 1609
f 1628 1606 1607
f 1630 1604 1605
f 1630 1603 1604
f 1629 1605 1606
f 1632 1601 1602
f 1634 1599 1600
f 1635 1598 1599
f 1631 1602 1603
f 1643 1676 1644
f 1644 1675 1645
f 1642 1677 1643
f 1646 1673 1647
f 1648 1671 1649
f 1649 1670 1650
f 1647 1672 1648
f 1645 1674 1646
f 1669 1650 1670
f 1651 1668 1652
f 1653 1666 1654
f 1654 1665 1655
f 1652 1667 1653
f 1656 1663 1657
f 1658 1661 1659
f 1657 1662 1658
f 1655 1664 1656
f 1685 1718 1686
f 1687 1718 1717
f 1684 1719 1685
f 1688 1715 1689
f 1690 1713 1691
f 1691 1712 1692
f 1690 1715 1714
f 1687 1716 1688
f 1711 1692 1712
f 1693 1710 1694
f 1695 1708 1696
f 1696 1707 1697
f 1694 1709 1695
f 1699 1706 1705
f 1700 1703 1701
f 1699 1704 1700
f 1697 1706 1698
f 1728 1761 1760
f 1729 1760 1759
f 1726 1761 1727
f 1730 1757 1731
f 1733 1756 1755
f 1733 1754 1734
f 1731 1756 1732
f 1729 1758 1730
f 1753 1734 1754
f 1736 1753 1752
f 1737 1750 1738
f 1738 1749 1739
f 1737 1752 1751
f 1741 1748 1747
f 1743 1746 1745
f 1742 1747 1746
f 1740 1749 1748
f 1769 1802 1770
f 1770 1801 1771
f 1768 1803 1769
f 1772 1799 1773
f 1774 1797 1775
f 1775 1796 1776
f 1773 1798 1774
f 1771 1800 1772
f 1795 1776 1796
f 1777 1794 1778
f 1779 1792 1780
f 1780 1791 1781
f 1778 1793 1779
f 1782 1789 1783
f 1784 1787 1785
f 1783 1788 1784
f 1781 1790 1782
f 1812 1845 1844
f 1813 1844 1843
f 1810 1845 1811
f 1814 1841 1815
f 1817 1840 1839
f 1817 1838 1818
f 1815 1840 1816
f 1813 1842 1814
f 1837 1818 1838
f 1820 1837 1836
f 1821 1834 1822
f 1822 1833 1823
f 1821 1836 1835
f 1825 1832 1831
f 1827 1830 1829
f 1826 1831 1830
f 1824 1833 1832
f 1853 1886 1854
f 1855 1886 1885
f 1852 1887 1853
f 1856 1883 1857
f 1858 1881 1859
f 1859 1880 1860
f 1858 1883 1882
f 1855 1884 1856
f 1879 1860 1880
f 1861 1878 1862
f 1863 1876 1864
f 1864 1875 1865
f 1862 1877 1863
f 1867 1874 1873
f 1868 1871 1869
f 1867 1872 1868
f 1865 1874 1866
f 1977 2009 1978
f 1978 2008 1979
f 1976 2010 1977
f 1980 2006 1981
f 1982 2004 1983
f 1983 2003 1984
f 1982 2006 2005
f 1979 2007 1980
f 2002 1984 2003
f 1985 2001 1986
f 1987 1999 1988
f 1988 1998 1989
f 1986 2000 1987
f 1991 1997 1996
f 1992 1994 1993
f 1991 1995 1992
f 1989 1997 1990
f 2020 2052 2051
f 2021 2051 2050
f 2018 2052 2019
f 2022 2048 2023
f 2025 2047 2046
f 2025 2045 2026
f 2023 2047 2024
f 2021 2049 2022
f 2044 2026 2045
f 2028 2044 2043
f 2029 2041 2030
f 2030 2040 2031
f 2029 2043 2042
f 2033 2039 2038
f 2034 2036 2035
f 2034 2038 2037
f 2032 2040 2039
f 2139 2171 2140
f 2140 2170 2141
f 2138 2172 2139
f 2142 2168 2143
f 2144 2166 2145
f 2145 2165 2146
f 2143 2167 2144
f 2141 2169 2142
f 2146 2164 2147
f 2147 2163 2148
f 2149 2161 2150
f 2150 2160 2151
f 2148 2162 2149
f 2152 2158 2153
f 2154 2156 2155
f 2153 2157 2154
f 2151 2159 2152
f 2199 2197 2198
f 2184 2185 2186
f 2326 2327 2328
f 2330 2331 2329
f 2416 2414 2413
f 2418 2419 2420
f 2442 2444 2441
f 2446 2447 2448
f 2529 2530 2531
f 2534 2535 2533
f 2538 2542 2543
f 2546 2539 2537
f 2604 2611 2612
f 2657 2658 2656
f 2667 2699 2668
f 2668 2698 2669
f 2666 2700 2667
f 2670 2696 2671
f 2672 2694 2673
f 2673 2693 2674
f 2672 2696 2695
f 2669 2697 2670
f 2692 2674 2693
f 2675 2691 2676
f 2677 2689 2678
f 2678 2688 2679
f 2676 2690 2677
f 2681 2687 2686
f 2682 2684 2683
f 2681 2685 2682
f 2679 2687 2680
f 2710 2742 2741
f 2711 2741 2740
f 2708 2742 2709
f 2712 2738 2713
f 2715 2737 2736
f 2715 2735 2716
f 2713 2737 2714
f 2711 2739 2712
f 2734 2716 2735
f 2718 2734 2733
f 2719 2731 2720
f 2720 2730 2721
f 2719 2733 2732
f 2723 2729 2728
f 2724 2726 2725
f 2724 2728 2727
f 2722 2730 2729
f 2745 2746 2744
f 2749 2750 2748
f 2753 2754 2752
f 2839 2871 2840
f 2840 2870 2841
f 2838 2872 2839
f 2842 2868 2843
f 2844 2866 2845
f 2845 2865 2846
f 2843 2867 2844
f 2841 2869 2842
f 2846 2864 2847
f 2847 2863 2848
f 2849 2861 2850
f 2850 2860 2851
f 2848 2862 2849
f 2852 2858 2853
f 2854 2856 2855
f 2853 2857 2854
f 2851 2859 2852
f 2881 2917 2918
f 2882 2916 2917
f 2884 2914 2915
f 2885 2913 2914
f 2886 2911 2912
f 2887 2910 2911
f 2886 2912 2913
f 2888 2909 2910
f 2891 2907 2908
f 2893 2905 2906
f 2893 2904 2905
f 2892 2906 2907
f 2895 2902 2903
f 2897 2900 2901
f 2898 2899 2900
f 2894 2903 2904
f 3115 3144 3145
f 3116 3143 3144
f 3114 3145 3146
f 3118 3141 3142
f 3120 3139 3140
f 3121 3138 3139
f 3119 3140 3141
f 3117 3142 3143
f 3122 3137 3138
f 3123 3136 3137
f 3125 3134 3135
f 3126 3133 3134
f 3124 3135 3136
f 3128 3131 3132
f 3127 3132 3133
f 3159 3178 3179
f 3209 3216 3190
f 3202 3201 3216
f 3216 3217 3210
f 3217 3218 3211
f 3217 3199 3218
f 3216 3200 3217
f 3212 3219 3213
f 3248 3240 3247
f 3235 3234 3247
f 3248 3247 3233
f 3231 3248 3232
f 3242 3241 3248
f 3243 3242 3249
f 3244 3251 3245
f 3229 3228 3251
f 3253 3254 3255
f 3256 3257 3259
f 3270 3301 3302
f 3272 3299 3300
f 3274 3297 3298
f 3276 3296 3297
f 3273 3298 3299
f 3262 3295 3296
f 3278 3293 3294
f 3279 3292 3293
f 3282 3290 3291
f 3283 3289 3290
f 3285 3287 3288
f 3281 3291 3292
f 3507 3504 3502
f 3503 3509 3506
f 3506 3508 3507
f 3510 3517 3514
f 3516 3514 3517
f 3515 3513 3512
f 3523 3520 3518
f 3519 3525 3522
f 3522 3524 3523
f 3526 3531 3532
f 3532 3530 3533
f 3533 3529 3528
f 3547 3563 3562
f 3563 3536 3557
f 3548 3564 3563
f 3564 3549 3550
f 3563 3556 3536
f 3564 3555 3556
f 3579 3596 3595
f 3590 3595 3596
f 3597 3580 3581
f 3582 3598 3597
f 3597 3587 3588
f 3596 3588 3589
f 3586 3598 3599
f 3613 3629 3628
f 3629 3602 3623
f 3614 3630 3629
f 3630 3615 3616
f 3629 3622 3602
f 3630 3621 3622
f 3620 3631 3632
f 3646 3662 3661
f 3662 3635 3656
f 3647 3663 3662
f 3663 3648 3649
f 3662 3655 3635
f 3663 3654 3655
f 3673 3705 3674
f 3674 3704 3675
f 3672 3706 3673
f 3677 3703 3702
f 3678 3700 3679
f 3680 3700 3699
f 3677 3701 3678
f 3675 3703 3676
f 3699 3681 3680
f 3682 3698 3697
f 3683 3695 3684
f 3684 3694 3685
f 3682 3696 3683
f 3686 3692 3687
f 3688 3690 3689
f 3687 3691 3688
f 3685 3693 3686
f 3715 3747 3716
f 3716 3746 3717
f 3714 3748 3715
f 3718 3744 3719
f 3720 3742 3721
f 3721 3741 3722
f 3719 3743 3720
f 3717 3745 3718
f 3740 3722 3741
f 3723 3739 3724
f 3725 3737 3726
f 3726 3736 3727
f 3724 3738 3725
f 3728 3734 3729
f 3730 3732 3731
f 3729 3733 3730
f 3727 3735 3728
f 3764 3759 3757
f 3758 3762 3763
f 3763 3761 3764
f 3772 3777 3774
f 3824 3807 3823
f 3824 3823 3818
f 3826 3825 3810
f 3824 3816 3826
f 3809 3808 3824
f 3815 3826 3816
f 3814 3813 3827
f 3839 3856 3840
f 3850 3849 3856
f 3856 3857 3841
f 3857 3858 3842
f 3857 3847 3858
f 3856 3848 3857
f 3843 3859 3844
f 3872 3869 3867
f 3868 3874 3871
f 3871 3873 3872
f 3887 3888 3884
f 3886 3885 3893
f 3887 3883 3882
f 3917 3934 3918
f 3928 3927 3934
f 3934 3935 3919
f 3935 3936 3920
f 3935 3925 3936
f 3934 3926 3935
f 3921 3937 3922
f 3937 3936 3924
f 3966 3949 3965
f 3966 3965 3960
f 3968 3967 3952
f 3966 3958 3968
f 3951 3950 3966
f 3957 3968 3958
f 3956 3955 3969
f 3996 3991 3992
f 3997 3990 3991
f 3994 3992 3993
f 3998 3988 3989
f 4001 3986 3987
f 3985 3986 4001
f 3999 3987 3988
f 3998 3989 3990
f 3985 4003 3984
f 4004 3984 4003
f 4006 3981 3982
f 4007 3981 4006
f 4004 3982 3983
f 3978 3979 4008
f 4011 3976 3977
f 4009 3977 3978
f 3979 3980 4007
f 4058 4040 4041
f 4057 4036 4037
f 4042 4059 4058
f 4060 4043 4044
f 4045 4061 4060
f 4046 4062 4061
f 4047 4063 4062
f 4058 4034 4035
f 4060 4031 4032
f 4063 4014 4029
f 4061 4030 4031
f 4049 4065 4064
f 4065 4026 4027
f 4066 4050 4051
f 4052 4067 4066
f 4066 4025 4026
f 4063 4028 4014
f 4053 4068 4067
f 4069 4054 4055
f 4068 4022 4023
f 4055 4070 4069
f 4066 4024 4025
f 4021 4068 4069
f 4069 4020 4021
f 4078 4110 4079
f 4079 4109 4080
f 4077 4111 4078
f 4081 4107 4082
f 4084 4106 4105
f 4084 4104 4085
f 4082 4106 4083
f 4080 4108 4081
f 4085 4103 4086
f 4087 4103 4102
f 4089 4101 4100
f 4090 4100 4099
f 4088 4102 4101
f 4092 4098 4097
f 4094 4096 4095
f 4093 4097 4096
f 4091 4099 4098
f 4196 4228 4197
f 4197 4227 4198
f 4196 4230 4229
f 4200 4226 4225
f 4201 4223 4202
f 4202 4222 4203
f 4200 4224 4201
f 4199 4227 4226
f 4203 4221 4204
f 4205 4221 4220
f 4206 4218 4207
f 4207 4217 4208
f 4205 4219 4206
f 4209 4215 4210
f 4212 4214 4213
f 4211 4215 4214
f 4208 4216 4209
f 4390 4422 4391
f 4392 4422 4421
f 4389 4423 4390
f 4393 4419 4394
f 4395 4417 4396
f 4397 4417 4416
f 4394 4418 4395
f 4392 4420 4393
f 4397 4415 4398
f 4398 4414 4399
f 4401 4413 4412
f 4402 4412 4411
f 4400 4414 4413
f 4404 4410 4409
f 4406 4408 4407
f 4405 4409 4408
f 4403 4411 4410
f 4508 4540 4509
f 4509 4539 4510
f 4507 4541 4508
f 4511 4537 4512
f 4513 4535 4514
f 4515 4535 4534
f 4512 4536 4513
f 4511 4539 4538
f 4515 4533 4516
f 4516 4532 4517
f 4518 4530 4519
f 4520 4530 4529
f 4517 4531 4518
f 4522 4528 4527
f 4524 4526 4525
f 4523 4527 4526
f 4521 4529 4528
f 4545 4544 4546
f 4549 4548 4547
f 4553 4552 4554
f 4556 4557 4555
f 4559 4560 4561
f 4563 4564 4566
f 4568 4569 4570
f 4573 4572 4571
f 4578 4576 4575
f 4582 4581 4580
f 4586 4585 4583
f 4587 4589 4588
f 4591 4593 4594
f 4597 4596 4598
f 4602 4600 4601
f 4604 4605 4606
f 4609 4608 4607
f 4614 4612 4613
f 4617 4616 4618
f 4621 4620 4622
f 4664 4642 4663
f 4657 4663 4658
f 4666 4665 4645
f 4656 4655 4666
f 4644 4643 4664
f 4646 4667 4647
f 4666 4654 4665
f 4697 4675 4696
f 4695 4690 4696
f 4688 4696 4689
f 4677 4676 4697
f 4678 4677 4698
f 4687 4686 4698
f 4679 4700 4680
f 4698 4685 4699
f 4717 4712 4714
f 4711 4715 4713
f 4716 4714 4715
f 4756 4732 4755
f 4758 4757 4735
f 4745 4744 4758
f 4734 4733 4756
f 4736 4759 4737
f 4758 4743 4757
f 4767 4766 4787
f 4789 4768 4788
f 4791 4790 4770
f 4781 4780 4791
f 4769 4762 4789
f 4791 4779 4790
f 4805 4806 4808
f 4810 4811 4809
f 4816 4814 4813
f 4819 4818 4817
f 4823 4822 4821
f 4828 4827 4826
f 4831 4830 4829
f 4834 4835 4833
f 4840 4837 4839
f 4844 4842 4841
f 4847 4845 4846
f 4852 4850 4851
f 4856 4855 4853
f 4858 4859 4857
f 4862 4863 4864
f 4866 4867 4865
f 4870 4871 4869
f 4875 4874 4873
f 4879 4877 4880
f 4884 4883 4881
f 4926 4902 4925
f 4924 4918 4925
f 4916 4925 4917
f 4904 4903 4926
f 4905 4904 4927
f 4915 4914 4927
f 4906 4929 4907
f 4927 4913 4928
f 4959 4937 4958
f 4961 4960 4940
f 4951 4950 4961
f 4939 4938 4959
f 4961 4949 4960
f 4970 4965 4967
f 4964 4968 4966
f 4969 4967 4968
f 5009 4987 5008
f 5000 5008 5001
f 5011 5010 4990
f 4999 4998 5011
f 4989 4988 5009
f 5011 4997 5010
f 5057 5034 5056
f 5050 5056 5051
f 5059 5058 5037
f 5049 5048 5059
f 5036 5035 5057
f 5059 5047 5058
f 5067 5094 5068
f 5096 5092 5093
f 5097 5091 5092
f 5095 5093 5094
f 5099 5088 5089
f 5100 5087 5088
f 5102 5085 5086
f 5070 5071 5085
f 5101 5086 5087
f 5098 5090 5091
f 5084 5070 5103
f 5104 5082 5083
f 5103 5083 5084
f 5105 5081 5082
f 5106 5080 5081
f 5107 5078 5079
f 5109 5076 5077
f 5110 5075 5076
f 5108 5077 5078
f 5073 5074 5075
f 5112 5113 5111
f 5116 5117 5118
f 5146 5138 5139
f 5141 5147 5148
f 5148 5125 5126
f 5146 5139 5140
f 5148 5124 5125
f 5155 5152 5154
f 5151 5154 5153
f 5159 5160 5161
f 5158 5161 5157
f 5189 5181 5182
f 5170 5188 5189
f 5190 5168 5169
f 5189 5182 5183
f 5192 5185 5186
f 5190 5167 5168
f 5220 5212 5213
f 5202 5219 5220
f 5221 5200 5201
f 5220 5213 5214
f 5223 5216 5217
f 5217 5195 5223
f 5221 5199 5200
f 5195 5196 5197
f 5229 5226 5227
f 5228 5227 5225
f 5233 5234 5235
f 5231 5235 5232
f 5263 5255 5256
f 5264 5241 5242
f 5263 5256 5257
f 5266 5259 5260
f 5264 5240 5241
f 5312 5267 5271
f 5271 5272 5310
f 5312 5271 5311
f 5272 5273 5309
f 5273 5274 5308
f 5274 5275 5307
f 5276 5277 5305
f 5277 5278 5304
f 5275 5276 5306
f 5278 5279 5303
f 5312 5311 5268
f 5301 5302 5280
f 5306 5307 5275
f 5280 5281 5300
f 5282 5283 5298
f 5283 5284 5297
f 5281 5282 5299
f 5285 5286 5295
f 5286 5287 5294
f 5288 5289 5292
f 5290 5289 5269
f 5287 5288 5293
f 5284 5285 5296
f 5295 5296 5285
f 5290 5270 5291
f 5290 5291 5289
f 5317 5703 5705
f 5702 5705 5316
f 5318 5707 5706
f 5706 5708 5317
f 5319 5710 5709
f 5709 5711 5318
f 5320 5713 5714
f 5712 5714 5710
f 5321 5716 5715
f 5715 5717 5713
f 5718 5719 5716
f 5722 5316 5315
f 5322 5323 5722
f 5315 5322 5722
f 5324 5721 5723
f 5721 5317 5723
f 5723 5702 5722
f 5720 5723 5323
f 5325 5725 5726
f 5725 5318 5706
f 5726 5706 5317
f 5724 5726 5324
f 5326 5728 5729
f 5728 5319 5709
f 5729 5709 5725
f 5727 5729 5725
f 5327 5731 5730
f 5731 5320 5712
f 5732 5712 5728
f 5730 5732 5728
f 5328 5734 5733
f 5734 5321 5735
f 5735 5715 5320
f 5733 5735 5731
f 5737 5718 5321
f 5736 5737 5328
f 5330 5323 5322
f 5720 5323 5330
f 5331 5324 5720
f 5330 5331 5720
f 5724 5324 5331
f 5332 5325 5724
f 5331 5332 5724
f 5727 5325 5332
f 5333 5326 5727
f 5332 5333 5727
f 5730 5326 5333
f 5334 5327 5730
f 5333 5334 5730
f 5733 5327 5334
f 5335 5328 5733
f 5334 5335 5733
f 5337 5330 5329
f 5338 5331 5337
f 5339 5332 5331
f 5340 5333 5339
f 5341 5334 5333
f 5342 5335 5334
f 5344 5337 5336
f 5345 5338 5337
f 5346 5339 5345
f 5347 5340 5339
f 5348 5341 5340
f 5349 5342 5341
f 5351 5344 5350
f 5352 5345 5344
f 5353 5346 5352
f 5354 5347 5353
f 5355 5348 5347
f 5356 5349 5348
f 5358 5351 5350
f 5359 5352 5351
f 5360 5353 5359
f 5361 5354 5360
f 5362 5355 5354
f 5363 5356 5355
f 5365 5358 5364
f 5366 5359 5358
f 5367 5360 5366
f 5368 5361 5360
f 5369 5362 5361
f 5370 5363 5369
f 5372 5365 5371
f 5373 5366 5365
f 5374 5367 5373
f 5375 5368 5367
f 5376 5369 5375
f 5377 5370 5376
f 5379 5372 5378
f 5380 5373 5372
f 5381 5374 5380
f 5382 5375 5374
f 5383 5376 5382
f 5384 5377 5383
f 5386 5379 5385
f 5387 5380 5386
f 5388 5381 5380
f 5389 5382 5381
f 5390 5383 5389
f 5391 5384 5390
f 5393 5386 5392
f 5394 5387 5386
f 5395 5388 5394
f 5396 5389 5388
f 5397 5390 5389
f 5398 5391 5397
f 5400 5393 5399
f 5401 5394 5393
f 5402 5395 5394
f 5403 5396 5402
f 5404 5397 5396
f 5405 5398 5404
f 5407 5400 5406
f 5408 5401 5407
f 5409 5402 5401
f 5410 5403 5402
f 5411 5404 5410
f 5412 5405 5411
f 5414 5407 5406
f 5415 5408 5414
f 5416 5409 5408
f 5417 5410 5409
f 5418 5411 5417
f 5419 5412 5418
f 5421 5414 5420
f 5422 5415 5414
f 5423 5416 5415
f 5424 5417 5416
f 5425 5418 5424
f 5426 5419 5425
f 5428 5421 5427
f 5429 5422 5421
f 5430 5423 5422
f 5431 5424 5423
f 5432 5425 5431
f 5433 5426 5425
f 5435 5428 5434
f 5436 5429 5435
f 5437 5430 5429
f 5438 5431 5430
f 5439 5432 5431
f 5440 5433 5439
f 5442 5435 5441
f 5443 5436 5442
f 5444 5437 5443
f 5445 5438 5437
f 5446 5439 5438
f 5447 5440 5446
f 5449 5442 5441
f 5450 5443 5449
f 5451 5444 5450
f 5452 5445 5444
f 5453 5446 5452
f 5454 5447 5453
f 5456 5449 5448
f 5457 5450 5456
f 5458 5451 5450
f 5459 5452 5451
f 5460 5453 5459
f 5461 5454 5453
f 5463 5456 5455
f 5464 5457 5463
f 5465 5458 5457
f 5466 5459 5458
f 5467 5460 5466
f 5468 5461 5460
f 5470 5463 5462
f 5471 5464 5463
f 5472 5465 5471
f 5473 5466 5465
f 5474 5467 5473
f 5475 5468 5467
f 5477 5470 5469
f 5478 5471 5470
f 5479 5472 5478
f 5480 5473 5472
f 5481 5474 5480
f 5482 5475 5474
f 5484 5477 5483
f 5485 5478 5477
f 5486 5479 5485
f 5487 5480 5479
f 5488 5481 5487
f 5489 5482 5488
f 5491 5484 5490
f 5740 5492 5485
f 5484 5491 5740
f 5485 5484 5740
f 5745 5493 5486
f 5485 5492 5745
f 5486 5485 5745
f 5749 5494 5487
f 5486 5493 5749
f 5487 5486 5749
f 5753 5495 5488
f 5487 5494 5753
f 5488 5487 5753
f 5757 5496 5489
f 5488 5495 5757
f 5489 5488 5757
f 5741 5491 5490
f 5497 5498 5741
f 5490 5497 5741
f 5499 5739 5738
f 5739 5492 5742
f 5742 5740 5491
f 5738 5742 5498
f 5500 5744 5746
f 5744 5493 5746
f 5746 5745 5492
f 5743 5746 5499
f 5501 5748 5747
f 5748 5494 5749
f 5750 5749 5493
f 5747 5750 5500
f 5502 5752 5754
f 5752 5495 5753
f 5754 5753 5748
f 5751 5754 5501
f 5503 5756 5758
f 5756 5496 5758
f 5758 5757 5495
f 5755 5758 5502
f 5761 5760 5496
f 5759 5761 5503
f 5764 5498 5497
f 5504 5505 5764
f 5497 5504 5764
f 5506 5763 5762
f 5763 5499 5738
f 5765 5738 5764
f 5762 5765 5764
f 5507 5767 5766
f 5767 5500 5743
f 5768 5743 5499
f 5766 5768 5763
f 5508 5770 5769
f 5770 5501 5771
f 5771 5747 5500
f 5769 5771 5767
f 5509 5773 5774
f 5773 5502 5751
f 5774 5751 5770
f 5772 5774 5770
f 5510 5776 5775
f 5776 5503 5755
f 5777 5755 5773
f 5775 5777 5509
f 5779 5759 5776
f 5778 5779 5776
f 5782 5505 5504
f 5511 5512 5782
f 5504 5511 5782
f 5513 5781 5783
f 5781 5506 5783
f 5783 5762 5505
f 5780 5783 5782
f 5514 5785 5786
f 5785 5507 5766
f 5786 5766 5506
f 5784 5786 5513
f 5515 5788 5789
f 5788 5508 5769
f 5789 5769 5785
f 5787 5789 5514
f 5516 5791 5792
f 5791 5509 5772
f 5792 5772 5508
f 5790 5792 5515
f 5517 5794 5795
f 5794 5510 5775
f 5795 5775 5791
f 5793 5795 5516
f 5797 5778 5510
f 5796 5797 5517
f 5800 5512 5511
f 5518 5519 5800
f 5511 5518 5800
f 5520 5799 5798
f 5799 5513 5801
f 5801 5780 5512
f 5798 5801 5519
f 5521 5803 5804
f 5803 5514 5784
f 5804 5784 5799
f 5802 5804 5799
f 5522 5806 5807
f 5806 5515 5787
f 5807 5787 5803
f 5805 5807 5521
f 5523 5809 5810
f 5809 5516 5790
f 5810 5790 5806
f 5808 5810 5522
f 5524 5812 5813
f 5812 5517 5793
f 5813 5793 5809
f 5811 5813 5523
f 5815 5796 5812
f 5814 5815 5524
f 5526 5519 5525
f 5798 5519 5526
f 5527 5520 5798
f 5526 5527 5798
f 5802 5520 5527
f 5528 5521 5802
f 5527 5528 5802
f 5805 5521 5528
f 5529 5522 5805
f 5528 5529 5805
f 5808 5522 5529
f 5530 5523 5808
f 5529 5530 5808
f 5811 5523 5530
f 5531 5524 5811
f 5530 5531 5811
f 5533 5526 5525
f 5534 5527 5533
f 5535 5528 5527
f 5536 5529 5535
f 5537 5530 5536
f 5538 5531 5530
f 5540 5533 5539
f 5541 5534 5540
f 5542 5535 5534
f 5543 5536 5542
f 5544 5537 5536
f 5545 5538 5544
f 5547 5540 5539
f 5548 5541 5540
f 5549 5542 5541
f 5550 5543 5542
f 5551 5544 5550
f 5552 5545 5544
f 5554 5547 5546
f 5555 5548 5547
f 5556 5549 5555
f 5557 5550 5556
f 5558 5551 5557
f 5559 5552 5551
f 5561 5554 5560
f 5562 5555 5561
f 5563 5556 5555
f 5564 5557 5563
f 5565 5558 5564
f 5566 5559 5558
f 5568 5561 5567
f 5569 5562 5568
f 5570 5563 5562
f 5571 5564 5570
f 5572 5565 5564
f 5573 5566 5565
f 5575 5568 5574
f 5576 5569 5568
f 5577 5570 5569
f 5578 5571 5570
f 5579 5572 5578
f 5580 5573 5572
f 5582 5575 5581
f 5583 5576 5575
f 5584 5577 5576
f 5585 5578 5577
f 5586 5579 5585
f 5587 5580 5586
f 5589 5582 5581
f 5590 5583 5582
f 5591 5584 5590
f 5592 5585 5591
f 5593 5586 5585
f 5594 5587 5593
f 5596 5589 5595
f 5597 5590 5596
f 5598 5591 5590
f 5599 5592 5591
f 5600 5593 5592
f 5601 5594 5600
f 5603 5596 5595
f 5604 5597 5596
f 5605 5598 5604
f 5606 5599 5605
f 5607 5600 5606
f 5608 5601 5607
f 5610 5603 5609
f 5611 5604 5610
f 5612 5605 5604
f 5613 5606 5605
f 5614 5607 5606
f 5615 5608 5607
f 5617 5610 5609
f 5618 5611 5610
f 5619 5612 5611
f 5620 5613 5619
f 5621 5614 5620
f 5622 5615 5614
f 5624 5617 5623
f 5625 5618 5624
f 5626 5619 5625
f 5627 5620 5619
f 5628 5621 5620
f 5629 5622 5628
f 5631 5624 5623
f 5632 5625 5624
f 5633 5626 5625
f 5634 5627 5633
f 5635 5628 5627
f 5636 5629 5628
f 5638 5631 5630
f 5639 5632 5631
f 5640 5633 5639
f 5641 5634 5640
f 5642 5635 5641
f 5643 5636 5642
f 5645 5638 5644
f 5646 5639 5638
f 5647 5640 5639
f 5648 5641 5640
f 5649 5642 5641
f 5650 5643 5642
f 5652 5645 5644
f 5653 5646 5652
f 5654 5647 5653
f 5655 5648 5654
f 5656 5649 5655
f 5657 5650 5649
f 5659 5652 5651
f 5660 5653 5659
f 5661 5654 5653
f 5662 5655 5661
f 5663 5656 5655
f 5664 5657 5656
f 5666 5659 5665
f 5667 5660 5666
f 5668 5661 5660
f 5669 5662 5668
f 5670 5663 5662
f 5671 5664 5670
f 5673 5666 5665
f 5674 5667 5666
f 5675 5668 5667
f 5676 5669 5675
f 5677 5670 5669
f 5678 5671 5677
f 5680 5673 5679
f 5681 5674 5680
f 5682 5675 5674
f 5683 5676 5682
f 5684 5677 5676
f 5685 5678 5684
f 5687 5680 5679
f 5818 5688 5681
f 5680 5687 5818
f 5681 5680 5818
f 5823 5689 5682
f 5681 5688 5823
f 5682 5681 5823
f 5827 5690 5683
f 5682 5689 5827
f 5683 5682 5827
f 5831 5691 5684
f 5683 5690 5831
f 5684 5683 5831
f 5835 5692 5685
f 5684 5691 5835
f 5685 5684 5835
f 5819 5687 5686
f 5693 5694 5819
f 5686 5693 5819
f 5695 5817 5820
f 5817 5688 5820
f 5820 5818 5687
f 5816 5820 5819
f 5696 5822 5824
f 5822 5689 5824
f 5824 5823 5688
f 5821 5824 5817
f 5697 5826 5828
f 5826 5690 5828
f 5828 5827 5689
f 5825 5828 5822
f 5698 5830 5832
f 5830 5691 5831
f 5832 5831 5826
f 5829 5832 5826
f 5699 5834 5836
f 5834 5692 5835
f 5836 5835 5830
f 5833 5836 5698
f 5839 5838 5834
f 5837 5839 5699
f 5840 5695 5842
f 5842 5816 5694
f 5843 5696 5844
f 5844 5821 5695
f 5845 5697 5825
f 5846 5825 5696
f 5847 5698 5848
f 5848 5829 5697
f 5849 5699 5850
f 5850 5833 5847
f 5851 5837 5699
f 6009 5313 5926
f 5315 5927 5928
f 5315 5926 5927
f 5704 6009 5315
f 5315 6009 5926
f 5929 5930 5322
f 5322 5315 5928
f 5931 5932 5336
f 5350 5343 5933
f 5933 5934 5350
f 5336 5329 5931
f 5935 5936 5364
f 5937 5371 5936
f 5934 5935 5357
f 6007 6008 5704
f 6008 6009 5704
f 5705 5703 6007
f 6005 6006 5708
f 6004 6005 5711
f 5703 5708 6006
f 5936 5371 5364
f 5378 5371 5937
f 6003 6004 5710
f 6004 5711 5710
f 5316 5704 5315
f 5938 5939 5385
f 5940 5941 5399
f 5939 5940 5392
f 5942 5943 5413
f 5944 5945 5427
f 5945 5946 5434
f 5943 5944 5420
f 5941 5942 5406
f 5947 5948 5441
f 5949 5950 5455
f 5950 5951 5462
f 5948 5949 5448
f 5952 5953 5476
f 5490 5954 5955
f 5497 5955 5956
f 5953 5954 5483
f 5951 5952 5469
f 5946 5947 5441
f 5958 5504 5957
f 5497 5490 5955
f 5957 5504 5497
f 5504 5958 5959
f 5497 5956 5957
f 6002 6003 5713
f 5717 5716 6002
f 5719 6001 5716
f 5719 5718 5924
f 5314 6001 5719
f 5713 6003 5714
f 5335 5736 5328
f 5342 5349 5918
f 5349 5356 5917
f 5335 5342 5920
f 5363 5370 5915
f 5377 5384 5913
f 5384 5391 5911
f 5370 5377 5914
f 5356 5363 5916
f 5391 5398 5910
f 5925 5314 5719
f 5718 5737 5923
f 5737 5736 5922
f 5335 5921 5736
f 5922 5923 5737
f 5335 5920 5921
f 5916 5363 5915
f 5910 5398 5909
f 5908 5909 5405
f 5412 5419 5907
f 5405 5412 5908
f 5426 5433 5904
f 5419 5426 5905
f 5433 5440 5903
f 5440 5447 5902
f 5447 5454 5901
f 5398 5405 5909
f 5461 5468 5898
f 5475 5482 5896
f 5482 5489 5895
f 5468 5475 5897
f 5489 5496 5760
f 5760 5761 5893
f 5761 5759 5891
f 5894 5489 5760
f 5454 5461 5900
f 5759 5779 5890
f 5440 5902 5903
f 5482 5895 5896
f 5889 5890 5779
f 5893 5894 5760
f 5511 5504 5960
f 5511 5961 5962
f 5511 5960 5961
f 5963 5964 5525
f 5965 5966 5539
f 5966 5967 5546
f 5964 5965 5532
f 5518 5962 5963
f 5968 5969 5560
f 5970 5971 5567
f 5971 5972 5574
f 5969 5970 5567
f 5973 5974 5588
f 5975 5976 5602
f 5976 5977 5609
f 5974 5975 5595
f 5972 5973 5581
f 5967 5968 5553
f 5518 5511 5962
f 5978 5979 5623
f 5623 5616 5978
f 5637 5980 5981
f 5982 5983 5651
f 5644 5981 5982
f 5637 5630 5980
f 5658 5651 5983
f 5644 5637 5981
f 5984 5985 5665
f 5986 5987 5679
f 5987 5988 5686
f 5985 5986 5672
f 5990 5693 5989
f 5992 5991 5700
f 5693 5990 5991
f 5686 5988 5989
f 5992 5693 5991
f 5989 5693 5686
f 5693 5841 5694
f 5840 5842 5994
f 5995 5844 5840
f 5842 5841 5994
f 5693 5992 5841
f 5993 5994 5841
f 5995 5996 5844
f 5846 5843 5996
f 5997 5845 5846
f 5848 5845 5998
f 5847 5848 5998
f 5997 5846 5996
f 5841 5992 5993
f 5531 5814 5524
f 5531 5883 5814
f 5797 5887 5888
f 5778 5797 5888
f 5797 5796 5887
f 5796 5815 5886
f 5815 5814 5884
f 5531 5538 5882
f 5889 5778 5888
f 5538 5545 5881
f 5552 5559 5879
f 5559 5566 5877
f 5545 5552 5880
f 5573 5580 5875
f 5587 5594 5873
f 5594 5601 5872
f 5580 5587 5874
f 5566 5573 5876
f 5601 5608 5870
f 5881 5882 5538
f 5883 5884 5814
f 5580 5874 5875
f 5869 5870 5608
f 5615 5622 5868
f 5629 5636 5866
f 5622 5629 5867
f 5643 5650 5863
f 5657 5664 5861
f 5664 5671 5860
f 5650 5657 5862
f 5636 5643 5864
f 5678 5685 5857
f 5850 5847 5999
f 5998 5999 5847
f 5849 5850 5999
f 5685 5692 5838
f 6000 5851 5849
f 5838 5839 5855
f 5671 5678 5859
f 5838 5856 5685
f 5862 5657 5861
f 5685 5856 5857
f 5837 5851 5853
f 5854 5855 5839
f 5851 5701 5852
f 5853 5854 5837
f 5701 5851 6000
f 5839 5837 5854
f 5869 5615 5868
f 6057 6010 6016
f 6016 6017 6055
f 6018 6019 6053
f 6019 6020 6052
f 6017 6018 6054
f 6021 6022 6050
f 6022 6023 6049
f 6024 6025 6047
f 6025 6012 6013
f 6023 6024 6048
f 6020 6021 6051
f 6011 6057 6056
f 6056 6057 6016
f 6026 6027 6045
f 6027 6028 6044
f 6029 6030 6042
f 6030 6031 6041
f 6028 6029 6043
f 6032 6033 6039
f 6033 6034 6038
f 6036 6035 6014
f 6034 6035 6037
f 6031 6032 6040
f 6037 6035 6036
f 6046 6013 6012
f 6036 6015 6037
f 6109 6058 6064
f 6064 6065 6107
f 6066 6067 6105
f 6067 6068 6104
f 6066 6106 6107
f 6069 6070 6102
f 6070 6071 6101
f 6072 6073 6099
f 6074 6060 6061
f 6073 6074 6098
f 6071 6072 6100
f 6068 6069 6103
f 6059 6109 6108
f 6108 6109 6064
f 6076 6096 6097
f 6077 6095 6096
f 6078 6079 6093
f 6079 6080 6092
f 6078 6094 6095
f 6081 6082 6090
f 6083 6089 6090
f 6084 6085 6087
f 6085 6062 6086
f 6083 6084 6088
f 6080 6081 6091
f 6086 6087 6085
f 6075 6097 6061
f 6086 6063 6087
f 6187 6221 6110
f 6187 6111 6221
f 6186 6187 6188
f 6189 6190 6182
f 6188 6189 6185
f 6110 6188 6187
f 6188 6185 6186
f 6190 6180 6181
f 6181 6182 6190
f 6183 6184 6189
f 6180 6190 6191
f 6178 6179 6191
f 6191 6192 6178
f 6193 6194 6173
f 6195 6196 6169
f 6194 6195 6171
f 6192 6193 6175
f 6197 6198 6164
f 6196 6197 6166
f 6198 6199 6162
f 6199 6200 6160
f 6201 6202 6155
f 6200 6201 6157
f 6202 6203 6153
f 6180 6191 6179
f 6192 6176 6177
f 6193 6174 6175
f 6194 6172 6173
f 6195 6169 6170
f 6196 6167 6168
f 6197 6165 6166
f 6171 6172 6194
f 6198 6163 6164
f 6198 6162 6163
f 6199 6160 6161
f 6200 6158 6159
f 6201 6156 6157
f 6202 6153 6154
f 6203 6151 6152
f 6154 6155 6202
f 6203 6204 6150
f 6149 6150 6204
f 6148 6149 6204
f 6147 6148 6205
f 6206 6207 6144
f 6205 6206 6146
f 6204 6205 6148
f 6205 6146 6147
f 6207 6141 6142
f 6142 6143 6207
f 6144 6145 6206
f 6141 6207 6208
f 6208 6209 6139
f 6209 6210 6137
f 6211 6212 6132
f 6213 6214 6128
f 6212 6213 6130
f 6210 6211 6135
f 6215 6216 6123
f 6216 6217 6121
f 6218 6219 6116
f 6219 6112 6114
f 6217 6218 6119
f 6214 6215 6126
f 6141 6208 6140
f 6114 6112 6220
f 6209 6138 6139
f 6135 6136 6210
f 6137 6138 6209
f 6212 6131 6132
f 6213 6129 6130
f 6128 6129 6213
f 6133 6134 6211
f 6215 6124 6125
f 6216 6122 6123
f 6121 6122 6216
f 6218 6117 6118
f 6219 6115 6116
f 6220 6113 6114
f 6119 6120 6217
f 6126 6127 6214
f 6246 6238 6245
f 6244 6241 6243
f 6244 6245 6240
f 6247 6237 6246
f 6233 6250 6251
f 6249 6236 6248
f 6250 6235 6249
f 6237 6247 6248
f 6252 6233 6251
f 6241 6242 6243
f 6244 6240 6241
f 6240 6245 6239
f 6245 6238 6239
f 6238 6246 6237
f 6236 6237 6248
f 6249 6235 6236
f 6250 6234 6235
f 6234 6250 6233
f 6233 6252 6232
f 6253 6254 6230
f 6255 6256 6228
f 6255 6229 6254
f 6257 6228 6256
f 6259 6225 6258
f 6261 6224 6260
f 6225 6259 6260
f 6226 6257 6258
f 6261 6222 6223
f 6255 6228 6229
f 6231 6253 6230
f 6229 6230 6254
f 6253 6231 6232
f 6260 6224 6225
f 6257 6226 6227
f 6226 6258 6225
f 6257 6227 6228
f 6261 6223 6224
f 6252 6253 6232
f 6263 6264 6262
f 6267 6266 6265
f 6270 6269 6268
f 6273 6272 6271
f 6275 6274 6276
f 6278 6279 6277
f 6282 6283 6280
f 6285 6284 6286
f 6289 6288 6290
f 6293 6292 6294
f 6297 6296 6299
f 6301 6300 6302
f 6388 6387 6374
f 6386 6374 6387
f 6388 6374 6389
f 6374 6392 6391
f 6391 6390 6374
f 6389 6374 6390
f 6374 6386 6385
f 6380 6379 6375
f 6378 6375 6379
f 6380 6375 6381
f 6374 6385 6384
f 6374 6384 6383
f 6375 6383 6382
f 6381 6375 6382
f 6378 6304 6375
f 6392 6374 6393
f 6404 6403 6374
f 6402 6374 6403
f 6404 6374 6405
f 6409 6408 6413
f 6408 6407 6413
f 6415 6407 6406
f 6374 6373 6405
f 6405 6415 6406
f 6374 6396 6395
f 6395 6394 6374
f 6397 6396 6374
f 6374 6401 6400
f 6374 6399 6398
f 6400 6399 6374
f 6397 6374 6398
f 6374 6402 6401
f 6393 6374 6394
f 6375 6374 6383
f 6375 6368 6367
f 6375 6367 6366
f 6368 6375 6369
f 6364 6376 6365
f 6363 6376 6364
f 6365 6376 6366
f 6370 6369 6375
f 6360 6376 6361
f 6359 6376 6360
f 6362 6361 6376
f 6358 6357 6376
f 6355 6376 6356
f 6356 6376 6357
f 6359 6358 6376
f 6363 6362 6376
f 6375 6371 6370
f 6376 6354 6353
f 6375 6366 6376
f 6353 6352 6376
f 6376 6355 6354
f 6350 6376 6351
f 6352 6351 6376
f 6350 6349 6376
f 6348 6376 6349
f 6348 6347 6376
f 6376 6346 6345
f 6376 6345 6344
f 6346 6376 6347
f 6342 6341 6336
f 6339 6338 6340
f 6340 6336 6341
f 6344 6343 6334
f 6335 6343 6342
f 6376 6344 6333
f 6375 6304 6371
f 6410 6409 6412
f 6413 6407 6414
f 6407 6415 6414
f 6373 6416 6405
f 6373 6417 6416
f 6405 6416 6415
f 6418 6417 6373
f 6373 6420 6419
f 6422 6421 6373
f 6420 6373 6421
f 6418 6373 6419
f 6373 6424 6423
f 6438 6373 6372
f 6425 6424 6373
f 6425 6373 6426
f 6423 6422 6373
f 6373 6428 6427
f 6428 6373 6429
f 6373 6430 6429
f 6431 6373 6432
f 6434 6433 6373
f 6373 6433 6432
f 6430 6373 6431
f 6373 6435 6434
f 6436 6373 6437
f 6438 6437 6373
f 6438 6372 6439
f 6441 6440 6372
f 6372 6443 6442
f 6441 6372 6442
f 6440 6439 6372
f 6436 6435 6373
f 6426 6373 6427
f 6305 6443 6372
f 6328 6327 6377
f 6326 6377 6327
f 6377 6329 6328
f 6330 6329 6377
f 6324 6377 6325
f 6325 6377 6326
f 6323 6377 6324
f 6323 6322 6377
f 6336 6340 6337
f 6337 6340 6338
f 6336 6335 6342
f 6333 6332 6377
f 6334 6343 6335
f 6332 6331 6377
f 6331 6330 6377
f 6377 6312 6311
f 6312 6377 6313
f 6311 6372 6377
f 6309 6308 6372
f 6372 6311 6310
f 6372 6310 6309
f 6308 6307 6372
f 6313 6377 6314
f 6320 6377 6321
f 6321 6377 6322
f 6320 6319 6377
f 6317 6316 6377
f 6377 6319 6318
f 6377 6318 6317
f 6316 6315 6377
f 6377 6315 6314
f 6307 6306 6372
f 6306 6305 6372
f 6410 6412 6411
f 6555 6448 6444
f 6555 6445 6448
f 6554 6555 6450
f 6451 6452 6550
f 6450 6451 6553
f 6444 6450 6555
f 6450 6553 6554
f 6452 6548 6549
f 6549 6550 6452
f 6551 6552 6451
f 6548 6452 6453
f 6546 6547 6453
f 6453 6454 6546
f 6455 6456 6541
f 6457 6458 6537
f 6456 6457 6539
f 6454 6455 6543
f 6459 6460 6532
f 6458 6459 6534
f 6460 6461 6530
f 6461 6462 6528
f 6463 6464 6523
f 6462 6463 6525
f 6464 6465 6521
f 6548 6453 6547
f 6454 6544 6545
f 6455 6542 6543
f 6456 6540 6541
f 6457 6537 6538
f 6458 6535 6536
f 6459 6533 6534
f 6539 6540 6456
f 6460 6531 6532
f 6460 6530 6531
f 6461 6528 6529
f 6462 6526 6527
f 6463 6524 6525
f 6464 6521 6522
f 6465 6519 6520
f 6522 6523 6464
f 6519 6465 6518
f 6517 6518 6466
f 6465 6466 6518
f 6516 6517 6466
f 6515 6516 6467
f 6468 6469 6512
f 6467 6468 6514
f 6466 6467 6516
f 6467 6514 6515
f 6469 6509 6510
f 6510 6511 6469
f 6512 6513 6468
f 6509 6469 6470
f 6470 6471 6507
f 6471 6472 6505
f 6473 6474 6500
f 6475 6476 6496
f 6474 6475 6498
f 6472 6473 6503
f 6477 6478 6491
f 6478 6479 6489
f 6480 6481 6484
f 6481 6446 6482
f 6479 6480 6487
f 6476 6477 6494
f 6509 6470 6508
f 6482 6446 6449
f 6471 6506 6507
f 6503 6504 6472
f 6505 6506 6471
f 6474 6499 6500
f 6475 6497 6498
f 6496 6497 6475
f 6501 6502 6473
f 6477 6492 6493
f 6478 6490 6491
f 6489 6490 6478
f 6480 6485 6486
f 6481 6483 6484
f 6449 6447 6482
f 6487 6488 6479
f 6494 6495 6476
f 6665 6618 6619
f 6663 6619 6620
f 6623 6661 6622
f 6621 6622 6661
f 6662 6620 6621
f 6660 6623 6624
f 6616 6668 6615
f 6617 6667 6616
f 6616 6667 6668
f 6617 6618 6666
f 6668 6669 6615
f 6666 6667 6617
f 6556 6615 6669
f 6659 6624 6625
f 6627 6658 6626
f 6628 6658 6627
f 6658 6629 6630
f 6658 6659 6626
f 6658 6630 6631
f 6629 6658 6628
f 6624 6659 6660
f 6665 6666 6618
f 6664 6665 6619
f 6660 6661 6623
f 6662 6663 6620
f 6661 6662 6621
f 6664 6619 6663
f 6626 6659 6625
f 6560 6613 6614
f 6556 6559 6614
f 6612 6613 6561
f 6612 6562 6611
f 6610 6611 6563
f 6558 6559 6556
f 6558 6556 6669
f 6608 6609 6566
f 6610 6565 6609
f 6567 6606 6607
f 6606 6568 6605
f 6567 6607 6608
f 6605 6569 6604
f 6560 6614 6559
f 6562 6563 6611
f 6561 6562 6612
f 6564 6565 6610
f 6566 6567 6608
f 6565 6566 6609
f 6563 6564 6610
f 6603 6570 6602
f 6568 6606 6567
f 6601 6602 6570
f 6569 6605 6568
f 6600 6601 6570
f 6600 6570 6599
f 6569 6570 6603
f 6569 6603 6604
f 6560 6561 6613
f 6637 6656 6657
f 6633 6658 6632
f 6634 6635 6658
f 6635 6657 6658
f 6658 6633 6634
f 6638 6655 6656
f 6655 6640 6654
f 6654 6641 6653
f 6652 6642 6651
f 6650 6644 6649
f 6643 6650 6651
f 6642 6652 6653
f 6635 6636 6657
f 6656 6637 6638
f 6639 6655 6638
f 6654 6640 6641
f 6641 6642 6653
f 6640 6655 6639
f 6651 6642 6643
f 6646 6647 6648
f 6647 6557 6582
f 6649 6645 6648
f 6645 6646 6648
f 6649 6644 6645
f 6650 6643 6644
f 6646 6557 6647
f 6636 6637 6657
f 6573 6591 6572
f 6572 6592 6571
f 6577 6587 6576
f 6575 6588 6574
f 6587 6575 6576
f 6574 6589 6573
f 6597 6598 6570
f 6571 6594 6570
f 6599 6570 6598
f 6595 6596 6570
f 6596 6597 6570
f 6594 6595 6570
f 6593 6594 6571
f 6586 6577 6578
f 6583 6580 6581
f 6584 6579 6580
f 6583 6584 6580
f 6584 6585 6579
f 6557 6583 6581
f 6557 6581 6582
f 6578 6585 6586
f 6592 6572 6591
f 6593 6571 6592
f 6573 6590 6591
f 6574 6588 6589
f 6573 6589 6590
f 6575 6587 6588
f 6577 6586 6587
f 6585 6578 6579
f 6632 6658 6631
f 6676 6670 6678
f 6678 6679 6720
f 6680 6681 6718
f 6681 6682 6717
f 6679 6680 6719
f 6683 6684 6715
f 6684 6685 6714
f 6686 6687 6712
f 6711 6688 6672
f 6687 6688 6711
f 6685 6686 6713
f 6683 6716 6717
f 6671 6676 6721
f 6721 6676 6678
f 6689 6690 6709
f 6690 6691 6708
f 6692 6693 6706
f 6693 6694 6705
f 6691 6692 6707
f 6695 6696 6703
f 6696 6697 6702
f 6698 6699 6700
f 6699 6674 6677
f 6697 6698 6701
f 6694 6695 6704
f 6677 6700 6699
f 6689 6710 6673
f 6677 6675 6700
f 6773 6811 6772
f 6809 6810 6774
f 6775 6809 6774
f 6773 6774 6810
f 6810 6811 6773
f 6722 6770 6724
f 6771 6813 6770
f 6771 6812 6813
f 6772 6812 6771
f 6812 6772 6811
f 6813 6724 6770
f 6777 6778 6806
f 6778 6779 6805
f 6804 6780 6803
f 6781 6803 6780
f 6779 6780 6804
f 6779 6804 6805
f 6809 6775 6808
f 6776 6808 6775
f 6807 6808 6776
f 6777 6807 6776
f 6806 6807 6777
f 6806 6778 6805
f 6725 6768 6769
f 6768 6725 6726
f 6769 6724 6725
f 6724 6769 6722
f 6767 6768 6726
f 6765 6766 6728
f 6767 6727 6766
f 6764 6765 6729
f 6728 6729 6765
f 6727 6728 6766
f 6727 6767 6726
f 6764 6730 6763
f 6731 6763 6730
f 6729 6730 6764
f 6732 6762 6731
f 6762 6763 6731
f 6733 6761 6732
f 6761 6733 6760
f 6732 6761 6762
f 6735 6758 6759
f 6760 6734 6759
f 6759 6734 6735
f 6733 6734 6760
f 6802 6803 6782
f 6784 6801 6783
f 6802 6782 6783
f 6785 6800 6784
f 6801 6802 6783
f 6800 6801 6784
f 6798 6799 6786
f 6785 6799 6800
f 6787 6798 6786
f 6786 6799 6785
f 6788 6796 6797
f 6798 6787 6797
f 6787 6788 6797
f 6795 6796 6789
f 6788 6789 6796
f 6790 6795 6789
f 6794 6795 6790
f 6791 6793 6794
f 6746 6793 6792
f 6791 6792 6793
f 6723 6746 6792
f 6794 6790 6791
f 6738 6755 6737
f 6753 6739 6740
f 6752 6753 6740
f 6754 6738 6739
f 6739 6753 6754
f 6757 6735 6736
f 6756 6757 6736
f 6758 6735 6757
f 6736 6737 6756
f 6756 6737 6755
f 6755 6738 6754
f 6748 6744 6745
f 6744 6749 6743
f 6748 6745 6747
f 6747 6745 6746
f 6747 6746 6723
f 6748 6749 6744
f 6751 6752 6741
f 6742 6751 6741
f 6740 6741 6752
f 6751 6742 6750
f 6750 6742 6743
f 6750 6743 6749
f 6782 6803 6781
f 6820 6814 6822
f 6822 6823 6860
f 6824 6825 6858
f 6825 6826 6857
f 6823 6824 6859
f 6827 6828 6855
f 6828 6829 6854
f 6830 6831 6852
f 6817 6852 6831
f 6829 6830 6853
f 6826 6827 6856
f 6815 6820 6861
f 6861 6820 6822
f 6832 6833 6850
f 6833 6834 6849
f 6835 6836 6847
f 6836 6837 6846
f 6834 6835 6848
f 6838 6839 6844
f 6839 6840 6843
f 6821 6841 6818
f 6840 6841 6842
f 6837 6838 6845
f 6842 6841 6821
f 6851 6817 6816
f 6821 6819 6842
f 6865 7251 7253
f 7250 7253 6864
f 6866 7255 7254
f 7254 7256 7251
f 6867 7258 7257
f 7257 7259 7255
f 6868 7261 7262
f 7260 7262 7258
f 6869 7264 7265
f 7263 7265 6868
f 7266 7267 7264
f 7270 6864 6863
f 6870 6871 7270
f 6863 6870 7270
f 6872 7269 7268
f 7269 6865 7250
f 7271 7250 7270
f 7268 7271 6871
f 6873 7273 7274
f 7273 6866 7274
f 7274 7254 6865
f 7272 7274 7269
f 6874 7276 7277
f 7276 6867 7257
f 7277 7257 6866
f 7275 7277 6873
f 6875 7279 7278
f 7279 6868 7260
f 7280 7260 7276
f 7278 7280 6874
f 6876 7282 7283
f 7282 6869 7263
f 7283 7263 6868
f 7281 7283 6875
f 7285 7266 6869
f 7284 7285 6876
f 6878 6871 6870
f 7268 6871 6878
f 6879 6872 7268
f 6878 6879 7268
f 7272 6872 6879
f 6880 6873 7272
f 6879 6880 7272
f 7275 6873 6880
f 6881 6874 7275
f 6880 6881 7275
f 7278 6874 6881
f 6882 6875 7278
f 6881 6882 7278
f 7281 6875 6882
f 6883 6876 7281
f 6882 6883 7281
f 6885 6878 6884
f 6886 6879 6878
f 6887 6880 6879
f 6888 6881 6887
f 6889 6882 6881
f 6890 6883 6889
f 6892 6885 6891
f 6893 6886 6892
f 6894 6887 6886
f 6895 6888 6887
f 6896 6889 6888
f 6897 6890 6896
f 6899 6892 6898
f 6900 6893 6899
f 6901 6894 6893
f 6902 6895 6901
f 6903 6896 6895
f 6904 6897 6903
f 6906 6899 6905
f 6907 6900 6899
f 6908 6901 6900
f 6909 6902 6908
f 6910 6903 6902
f 6911 6904 6903
f 6913 6906 6912
f 6914 6907 6906
f 6915 6908 6914
f 6916 6909 6915
f 6917 6910 6916
f 6918 6911 6910
f 6920 6913 6919
f 6921 6914 6913
f 6922 6915 6921
f 6923 6916 6922
f 6924 6917 6916
f 6925 6918 6917
f 6927 6920 6926
f 6928 6921 6920
f 6929 6922 6928
f 6930 6923 6929
f 6931 6924 6923
f 6932 6925 6931
f 6934 6927 6926
f 6935 6928 6934
f 6936 6929 6928
f 6937 6930 6936
f 6938 6931 6930
f 6939 6932 6938
f 6941 6934 6933
f 6942 6935 6941
f 6943 6936 6935
f 6944 6937 6943
f 6945 6938 6937
f 6946 6939 6945
f 6948 6941 6940
f 6949 6942 6948
f 6950 6943 6942
f 6951 6944 6943
f 6952 6945 6951
f 6953 6946 6945
f 6955 6948 6947
f 6956 6949 6955
f 6957 6950 6956
f 6958 6951 6950
f 6959 6952 6958
f 6960 6953 6952
f 6962 6955 6954
f 6963 6956 6962
f 6964 6957 6956
f 6965 6958 6964
f 6966 6959 6958
f 6967 6960 6966
f 6969 6962 6968
f 6970 6963 6962
f 6971 6964 6963
f 6972 6965 6971
f 6973 6966 6965
f 6974 6967 6973
f 6976 6969 6975
f 6977 6970 6969
f 6978 6971 6970
f 6979 6972 6978
f 6980 6973 6972
f 6981 6974 6980
f 6983 6976 6975
f 6984 6977 6983
f 6985 6978 6977
f 6986 6979 6978
f 6987 6980 6986
f 6988 6981 6987
f 6990 6983 6989
f 6991 6984 6983
f 6992 6985 6991
f 6993 6986 6992
f 6994 6987 6986
f 6995 6988 6987
f 6997 6990 6996
f 6998 6991 6990
f 6999 6992 6991
f 7000 6993 6999
f 7001 6994 6993
f 7002 6995 7001
f 7004 6997 7003
f 7005 6998 7004
f 7006 6999 6998
f 7007 7000 7006
f 7008 7001 7007
f 7009 7002 7008
f 7011 7004 7003
f 7012 7005 7011
f 7013 7006 7005
f 7014 7007 7013
f 7015 7008 7007
f 7016 7009 7015
f 7018 7011 7010
f 7019 7012 7018
f 7020 7013 7012
f 7021 7014 7013
f 7022 7015 7021
f 7023 7016 7022
f 7025 7018 7017
f 7026 7019 7025
f 7027 7020 7019
f 7028 7021 7027
f 7029 7022 7028
f 7030 7023 7022
f 7032 7025 7031
f 7033 7026 7032
f 7034 7027 7026
f 7035 7028 7034
f 7036 7029 7028
f 7037 7030 7029
f 7039 7032 7038
f 7288 7040 7033
f 7032 7039 7288
f 7033 7032 7288
f 7293 7041 7034
f 7033 7040 7293
f 7034 7033 7293
f 7297 7042 7035
f 7034 7041 7297
f 7035 7034 7297
f 7301 7043 7036
f 7035 7042 7301
f 7036 7035 7301
f 7305 7044 7037
f 7036 7043 7305
f 7037 7036 7305
f 7289 7039 7038
f 7045 7046 7289
f 7038 7045 7289
f 7047 7287 7290
f 7287 7040 7288
f 7290 7288 7289
f 7286 7290 7046
f 7048 7292 7291
f 7292 7041 7293
f 7294 7293 7287
f 7291 7294 7047
f 7049 7296 7295
f 7296 7042 7298
f 7298 7297 7292
f 7295 7298 7048
f 7050 7300 7302
f 7300 7043 7301
f 7302 7301 7042
f 7299 7302 7296
f 7051 7304 7303
f 7304 7044 7306
f 7306 7305 7043
f 7303 7306 7300
f 7309 7308 7044
f 7307 7309 7304
f 7312 7046 7045
f 7052 7053 7312
f 7045 7052 7312
f 7054 7311 7310
f 7311 7047 7286
f 7313 7286 7312
f 7310 7313 7312
f 7055 7315 7314
f 7315 7048 7316
f 7316 7291 7047
f 7314 7316 7311
f 7056 7318 7319
f 7318 7049 7295
f 7319 7295 7315
f 7317 7319 7315
f 7057 7321 7320
f 7321 7050 7299
f 7322 7299 7318
f 7320 7322 7318
f 7058 7324 7323
f 7324 7051 7325
f 7325 7303 7050
f 7323 7325 7057
f 7327 7307 7051
f 7326 7327 7324
f 7330 7053 7052
f 7059 7060 7330
f 7052 7059 7330
f 7061 7329 7328
f 7329 7054 7331
f 7331 7310 7053
f 7328 7331 7060
f 7062 7333 7332
f 7333 7055 7314
f 7334 7314 7054
f 7332 7334 7329
f 7063 7336 7335
f 7336 7056 7337
f 7337 7317 7055
f 7335 7337 7333
f 7064 7339 7340
f 7339 7057 7320
f 7340 7320 7336
f 7338 7340 7063
f 7065 7342 7341
f 7342 7058 7343
f 7343 7323 7339
f 7341 7343 7064
f 7345 7326 7058
f 7344 7345 7342
f 7348 7060 7059
f 7066 7067 7348
f 7059 7066 7348
f 7068 7347 7346
f 7347 7061 7328
f 7349 7328 7060
f 7346 7349 7348
f 7069 7351 7350
f 7351 7062 7352
f 7352 7332 7347
f 7350 7352 7068
f 7070 7354 7353
f 7354 7063 7355
f 7355 7335 7062
f 7353 7355 7351
f 7071 7357 7358
f 7357 7064 7338
f 7358 7338 7063
f 7356 7358 7354
f 7072 7360 7359
f 7360 7065 7341
f 7361 7341 7357
f 7359 7361 7357
f 7363 7344 7360
f 7362 7363 7072
f 7074 7067 7066
f 7346 7067 7074
f 7075 7068 7346
f 7074 7075 7346
f 7350 7068 7075
f 7076 7069 7350
f 7075 7076 7350
f 7353 7069 7076
f 7077 7070 7353
f 7076 7077 7353
f 7356 7070 7077
f 7078 7071 7356
f 7077 7078 7356
f 7359 7071 7078
f 7079 7072 7359
f 7078 7079 7359
f 7081 7074 7080
f 7082 7075 7081
f 7083 7076 7082
f 7084 7077 7083
f 7085 7078 7084
f 7086 7079 7078
f 7088 7081 7087
f 7089 7082 7088
f 7090 7083 7089
f 7091 7084 7090
f 7092 7085 7084
f 7093 7086 7092
f 7095 7088 7087
f 7096 7089 7095
f 7097 7090 7096
f 7098 7091 7097
f 7099 7092 7091
f 7100 7093 7092
f 7102 7095 7101
f 7103 7096 7095
f 7104 7097 7096
f 7105 7098 7097
f 7106 7099 7098
f 7107 7100 7106
f 7109 7102 7101
f 7110 7103 7102
f 7111 7104 7103
f 7112 7105 7111
f 7113 7106 7112
f 7114 7107 7113
f 7116 7109 7108
f 7117 7110 7109
f 7118 7111 7117
f 7119 7112 7118
f 7120 7113 7112
f 7121 7114 7113
f 7123 7116 7122
f 7124 7117 7116
f 7125 7118 7117
f 7126 7119 7118
f 7127 7120 7119
f 7128 7121 7127
f 7130 7123 7129
f 7131 7124 7123
f 7132 7125 7131
f 7133 7126 7125
f 7134 7127 7133
f 7135 7128 7134
f 7137 7130 7136
f 7138 7131 7137
f 7139 7132 7138
f 7140 7133 7132
f 7141 7134 7140
f 7142 7135 7141
f 7144 7137 7143
f 7145 7138 7137
f 7146 7139 7145
f 7147 7140 7139
f 7148 7141 7140
f 7149 7142 7148
f 7151 7144 7150
f 7152 7145 7151
f 7153 7146 7145
f 7154 7147 7146
f 7155 7148 7154
f 7156 7149 7155
f 7158 7151 7150
f 7159 7152 7151
f 7160 7153 7159
f 7161 7154 7160
f 7162 7155 7161
f 7163 7156 7162
f 7165 7158 7157
f 7166 7159 7158
f 7167 7160 7159
f 7168 7161 7160
f 7169 7162 7161
f 7170 7163 7162
f 7172 7165 7171
f 7173 7166 7165
f 7174 7167 7173
f 7175 7168 7167
f 7176 7169 7168
f 7177 7170 7176
f 7179 7172 7171
f 7180 7173 7172
f 7181 7174 7180
f 7182 7175 7174
f 7183 7176 7182
f 7184 7177 7183
f 7186 7179 7185
f 7187 7180 7186
f 7188 7181 7187
f 7189 7182 7181
f 7190 7183 7182
f 7191 7184 7183
f 7193 7186 7185
f 7194 7187 7186
f 7195 7188 7194
f 7196 7189 7195
f 7197 7190 7196
f 7198 7191 7190
f 7200 7193 7199
f 7201 7194 7200
f 7202 7195 7201
f 7203 7196 7195
f 7204 7197 7203
f 7205 7198 7204
f 7207 7200 7206
f 7208 7201 7200
f 7209 7202 7208
f 7210 7203 7209
f 7211 7204 7210
f 7212 7205 7211
f 7214 7207 7213
f 7215 7208 7207
f 7216 7209 7208
f 7217 7210 7216
f 7218 7211 7217
f 7219 7212 7211
f 7221 7214 7213
f 7222 7215 7221
f 7223 7216 7215
f 7224 7217 7216
f 7225 7218 7224
f 7226 7219 7218
f 7228 7221 7220
f 7229 7222 7228
f 7230 7223 7222
f 7231 7224 7223
f 7232 7225 7231
f 7233 7226 7225
f 7235 7228 7227
f 7366 7236 7229
f 7228 7235 7366
f 7229 7228 7366
f 7371 7237 7230
f 7229 7236 7371
f 7230 7229 7371
f 7375 7238 7231
f 7230 7237 7375
f 7231 7230 7375
f 7379 7239 7232
f 7231 7238 7379
f 7232 7231 7379
f 7383 7240 7233
f 7232 7239 7383
f 7233 7232 7383
f 7367 7235 7234
f 7241 7242 7367
f 7234 7241 7367
f 7243 7365 7364
f 7365 7236 7368
f 7368 7366 7235
f 7364 7368 7242
f 7244 7370 7372
f 7370 7237 7371
f 7372 7371 7236
f 7369 7372 7243
f 7245 7374 7373
f 7374 7238 7376
f 7376 7375 7370
f 7373 7376 7370
f 7246 7378 7380
f 7378 7239 7379
f 7380 7379 7374
f 7377 7380 7374
f 7247 7382 7381
f 7382 7240 7383
f 7384 7383 7378
f 7381 7384 7246
f 7387 7386 7240
f 7385 7387 7382
f 7388 7243 7390
f 7390 7364 7389
f 7391 7244 7369
f 7392 7369 7388
f 7393 7245 7394
f 7394 7373 7391
f 7395 7246 7396
f 7396 7377 7245
f 7397 7247 7398
f 7398 7381 7246
f 7399 7385 7247
f 7408 7492 7493
f 6863 7494 7495
f 6863 7493 7494
f 7252 7408 6863
f 6863 7408 7493
f 7496 7497 6870
f 6870 6863 7495
f 7498 7499 6884
f 6898 6891 7500
f 7500 7501 6898
f 6884 6877 7498
f 7502 7503 6912
f 7504 6919 7503
f 7501 7502 6905
f 7406 7407 7252
f 7407 7408 7252
f 7253 7251 7406
f 7404 7405 7256
f 7403 7404 7259
f 7251 7256 7405
f 7503 6919 6912
f 6926 6919 7504
f 7402 7403 7258
f 7403 7259 7258
f 6864 7252 6863
f 7505 7506 6933
f 7507 7508 6947
f 7506 7507 6940
f 7509 7510 6961
f 7511 7512 6975
f 7512 7513 6982
f 7510 7511 6968
f 7508 7509 6954
f 7514 7515 6989
f 7516 7517 7003
f 7517 7518 7010
f 7515 7516 6996
f 7519 7520 7024
f 7038 7521 7522
f 7045 7522 7523
f 7520 7521 7031
f 7518 7519 7017
f 7513 7514 6989
f 7525 7052 7524
f 7045 7038 7522
f 7524 7052 7045
f 7052 7525 7526
f 7045 7523 7524
f 7401 7402 7261
f 7401 7261 7265
f 7265 7264 7401
f 7267 7400 7264
f 7267 7266 7490
f 6862 7400 7267
f 6883 7284 6876
f 6890 6897 7484
f 6897 6904 7483
f 6883 6890 7486
f 6911 6918 7481
f 6925 6932 7479
f 6932 6939 7477
f 6918 6925 7480
f 6904 6911 7482
f 6939 6946 7476
f 7491 6862 7267
f 7266 7285 7489
f 7285 7284 7488
f 6883 7487 7284
f 7488 7489 7285
f 6883 7486 7487
f 7482 6911 7481
f 7476 6946 7475
f 7474 7475 6953
f 6960 6967 7473
f 6953 6960 7474
f 6974 6981 7470
f 6967 6974 7471
f 6981 6988 7469
f 6988 6995 7468
f 6995 7002 7467
f 6946 6953 7475
f 7009 7016 7464
f 7023 7030 7462
f 7030 7037 7461
f 7016 7023 7463
f 7037 7044 7308
f 7308 7309 7459
f 7309 7307 7457
f 7460 7037 7308
f 7002 7009 7466
f 7307 7327 7456
f 6988 7468 7469
f 7030 7461 7462
f 7327 7455 7456
f 7459 7460 7308
f 7326 7455 7327
f 7059 7052 7527
f 7059 7528 7529
f 7059 7527 7528
f 7530 7531 7073
f 7532 7533 7087
f 7533 7534 7094
f 7531 7532 7080
f 7066 7529 7530
f 7535 7536 7108
f 7537 7538 7115
f 7538 7539 7122
f 7536 7537 7115
f 7540 7541 7136
f 7542 7543 7150
f 7543 7544 7157
f 7541 7542 7143
f 7539 7540 7129
f 7534 7535 7101
f 7066 7059 7529
f 7545 7546 7171
f 7171 7164 7545
f 7185 7547 7548
f 7549 7550 7199
f 7192 7548 7549
f 7185 7178 7547
f 7206 7199 7550
f 7192 7185 7548
f 7551 7552 7213
f 7553 7554 7227
f 7554 7555 7234
f 7552 7553 7220
f 7557 7241 7556
f 7409 7558 7248
f 7241 7557 7558
f 7234 7555 7556
f 7409 7241 7558
f 7556 7241 7234
f 7241 7389 7242
f 7388 7390 7411
f 7412 7392 7388
f 7390 7389 7411
f 7241 7409 7389
f 7410 7411 7389
f 7412 7413 7392
f 7394 7391 7413
f 7414 7393 7394
f 7396 7393 7415
f 7395 7396 7415
f 7414 7394 7413
f 7389 7409 7410
f 7079 7362 7072
f 7079 7449 7362
f 7345 7453 7454
f 7326 7345 7454
f 7345 7344 7453
f 7344 7363 7452
f 7363 7362 7450
f 7079 7086 7448
f 7455 7326 7454
f 7086 7093 7447
f 7100 7107 7445
f 7107 7114 7443
f 7093 7100 7446
f 7121 7128 7441
f 7135 7142 7439
f 7142 7149 7438
f 7128 7135 7440
f 7114 7121 7442
f 7149 7156 7436
f 7447 7448 7086
f 7449 7450 7362
f 7128 7440 7441
f 7435 7436 7156
f 7163 7170 7434
f 7177 7184 7432
f 7170 7177 7433
f 7191 7198 7429
f 7205 7212 7427
f 7212 7219 7426
f 7198 7205 7428
f 7184 7191 7430
f 7226 7233 7423
f 7398 7395 7416
f 7415 7416 7395
f 7397 7398 7416
f 7233 7240 7386
f 7417 7399 7397
f 7386 7387 7421
f 7219 7226 7425
f 7386 7422 7233
f 7428 7205 7427
f 7233 7422 7423
f 7385 7399 7419
f 7420 7421 7387
f 7399 7249 7418
f 7419 7420 7385
f 7249 7399 7417
f 7387 7385 7420
f 7435 7163 7434
f 7563 7559 7586
f 7587 7588 7583
f 7588 7589 7582
f 7586 7587 7584
f 7590 7591 7580
f 7591 7592 7579
f 7593 7594 7577
f 7594 7595 7576
f 7592 7593 7578
f 7589 7590 7581
f 7560 7563 7585
f 7585 7563 7586
f 7580 7581 7590
f 7596 7597 7573
f 7598 7599 7571
f 7599 7600 7570
f 7597 7598 7572
f 7601 7602 7568
f 7602 7603 7567
f 7564 7604 7561
f 7603 7604 7566
f 7600 7601 7569
f 7604 7564 7565
f 7574 7575 7595
f 7564 7562 7565
f 7569 7570 7600
f 5271 5310 5311
f 5272 5309 5310
f 5273 5308 5309
f 5274 5307 5308
f 5277 5304 5305
f 5278 5303 5304
f 5276 5305 5306
f 5279 5302 5303
f 5302 5279 5280
f 5280 5300 5301
f 5282 5298 5299
f 5283 5297 5298
f 5281 5299 5300
f 5286 5294 5295
f 5287 5293 5294
f 5289 5291 5292
f 5288 5292 5293
f 5284 5296 5297
f 5317 5705 5702
f 5705 5704 5316
f 5707 5708 5706
f 5708 5703 5317
f 5710 5711 5709
f 5711 5707 5318
f 5320 5714 5712
f 5712 5710 5319
f 5716 5717 5715
f 5715 5713 5320
f 5718 5716 5321
f 5324 5723 5720
f 5317 5702 5723
f 5702 5316 5722
f 5723 5722 5323
f 5325 5726 5724
f 5725 5706 5726
f 5726 5317 5721
f 5726 5721 5324
f 5326 5729 5727
f 5728 5709 5729
f 5709 5318 5725
f 5727 5725 5325
f 5731 5732 5730
f 5731 5712 5732
f 5712 5319 5728
f 5730 5728 5326
f 5734 5735 5733
f 5321 5715 5735
f 5735 5320 5731
f 5733 5731 5327
f 5737 5321 5734
f 5737 5734 5328
f 5330 5322 5329
f 5337 5329 5336
f 5331 5330 5337
f 5339 5331 5338
f 5333 5332 5339
f 5341 5333 5340
f 5342 5334 5341
f 5344 5336 5343
f 5345 5337 5344
f 5339 5338 5345
f 5347 5339 5346
f 5348 5340 5347
f 5349 5341 5348
f 5344 5343 5350
f 5352 5344 5351
f 5346 5345 5352
f 5347 5346 5353
f 5355 5347 5354
f 5356 5348 5355
f 5358 5350 5357
f 5359 5351 5358
f 5353 5352 5359
f 5354 5353 5360
f 5362 5354 5361
f 5363 5355 5362
f 5358 5357 5364
f 5366 5358 5365
f 5360 5359 5366
f 5368 5360 5367
f 5369 5361 5368
f 5363 5362 5369
f 5365 5364 5371
f 5373 5365 5372
f 5367 5366 5373
f 5375 5367 5374
f 5369 5368 5375
f 5370 5369 5376
f 5372 5371 5378
f 5380 5372 5379
f 5374 5373 5380
f 5382 5374 5381
f 5376 5375 5382
f 5377 5376 5383
f 5379 5378 5385
f 5380 5379 5386
f 5388 5380 5387
f 5389 5381 5388
f 5383 5382 5389
f 5384 5383 5390
f 5386 5385 5392
f 5394 5386 5393
f 5388 5387 5394
f 5396 5388 5395
f 5397 5389 5396
f 5391 5390 5397
f 5393 5392 5399
f 5401 5393 5400
f 5402 5394 5401
f 5396 5395 5402
f 5404 5396 5403
f 5398 5397 5404
f 5400 5399 5406
f 5401 5400 5407
f 5409 5401 5408
f 5410 5402 5409
f 5404 5403 5410
f 5405 5404 5411
f 5414 5406 5413
f 5408 5407 5414
f 5416 5408 5415
f 5417 5409 5416
f 5411 5410 5417
f 5412 5411 5418
f 5414 5413 5420
f 5422 5414 5421
f 5423 5415 5422
f 5424 5416 5423
f 5418 5417 5424
f 5419 5418 5425
f 5421 5420 5427
f 5429 5421 5428
f 5430 5422 5429
f 5431 5423 5430
f 5425 5424 5431
f 5433 5425 5432
f 5428 5427 5434
f 5429 5428 5435
f 5437 5429 5436
f 5438 5430 5437
f 5439 5431 5438
f 5433 5432 5439
f 5435 5434 5441
f 5436 5435 5442
f 5437 5436 5443
f 5445 5437 5444
f 5446 5438 5445
f 5440 5439 5446
f 5449 5441 5448
f 5443 5442 5449
f 5444 5443 5450
f 5452 5444 5451
f 5446 5445 5452
f 5447 5446 5453
f 5456 5448 5455
f 5450 5449 5456
f 5458 5450 5457
f 5459 5451 5458
f 5453 5452 5459
f 5461 5453 5460
f 5463 5455 5462
f 5457 5456 5463
f 5465 5457 5464
f 5466 5458 5465
f 5460 5459 5466
f 5468 5460 5467
f 5470 5462 5469
f 5471 5463 5470
f 5465 5464 5471
f 5473 5465 5472
f 5467 5466 5473
f 5475 5467 5474
f 5477 5469 5476
f 5478 5470 5477
f 5472 5471 5478
f 5480 5472 5479
f 5474 5473 5480
f 5482 5474 5481
f 5477 5476 5483
f 5485 5477 5484
f 5479 5478 5485
f 5487 5479 5486
f 5481 5480 5487
f 5482 5481 5488
f 5484 5483 5490
f 5739 5742 5738
f 5492 5740 5742
f 5742 5491 5741
f 5742 5741 5498
f 5500 5746 5743
f 5493 5745 5746
f 5746 5492 5739
f 5746 5739 5499
f 5748 5750 5747
f 5748 5749 5750
f 5750 5493 5744
f 5750 5744 5500
f 5502 5754 5751
f 5752 5753 5754
f 5753 5494 5748
f 5754 5748 5501
f 5503 5758 5755
f 5496 5757 5758
f 5758 5495 5752
f 5758 5752 5502
f 5761 5496 5756
f 5761 5756 5503
f 5763 5765 5762
f 5763 5738 5765
f 5738 5498 5764
f 5762 5764 5505
f 5767 5768 5766
f 5767 5743 5768
f 5768 5499 5763
f 5766 5763 5506
f 5770 5771 5769
f 5501 5747 5771
f 5771 5500 5767
f 5769 5767 5507
f 5509 5774 5772
f 5773 5751 5774
f 5751 5501 5770
f 5772 5770 5508
f 5776 5777 5775
f 5776 5755 5777
f 5755 5502 5773
f 5777 5773 5509
f 5759 5503 5776
f 5778 5776 5510
f 5513 5783 5780
f 5506 5762 5783
f 5783 5505 5782
f 5780 5782 5512
f 5514 5786 5784
f 5785 5766 5786
f 5786 5506 5781
f 5786 5781 5513
f 5515 5789 5787
f 5788 5769 5789
f 5769 5507 5785
f 5789 5785 5514
f 5516 5792 5790
f 5791 5772 5792
f 5792 5508 5788
f 5792 5788 5515
f 5517 5795 5793
f 5794 5775 5795
f 5775 5509 5791
f 5795 5791 5516
f 5797 5510 5794
f 5797 5794 5517
f 5799 5801 5798
f 5513 5780 5801
f 5801 5512 5800
f 5801 5800 5519
f 5521 5804 5802
f 5803 5784 5804
f 5784 5513 5799
f 5802 5799 5520
f 5522 5807 5805
f 5806 5787 5807
f 5787 5514 5803
f 5807 5803 5521
f 5523 5810 5808
f 5809 5790 5810
f 5790 5515 5806
f 5810 5806 5522
f 5524 5813 5811
f 5812 5793 5813
f 5793 5516 5809
f 5813 5809 5523
f 5796 5517 5812
f 5815 5812 5524
f 5519 5518 5525
f 5533 5525 5532
f 5527 5526 5533
f 5535 5527 5534
f 5529 5528 5535
f 5530 5529 5536
f 5538 5530 5537
f 5533 5532 5539
f 5534 5533 5540
f 5542 5534 5541
f 5536 5535 5542
f 5544 5536 5543
f 5538 5537 5544
f 5547 5539 5546
f 5548 5540 5547
f 5549 5541 5548
f 5550 5542 5549
f 5544 5543 5550
f 5552 5544 5551
f 5554 5546 5553
f 5555 5547 5554
f 5549 5548 5555
f 5550 5549 5556
f 5551 5550 5557
f 5559 5551 5558
f 5554 5553 5560
f 5555 5554 5561
f 5563 5555 5562
f 5557 5556 5563
f 5558 5557 5564
f 5566 5558 5565
f 5561 5560 5567
f 5562 5561 5568
f 5570 5562 5569
f 5564 5563 5570
f 5572 5564 5571
f 5573 5565 5572
f 5568 5567 5574
f 5576 5568 5575
f 5577 5569 5576
f 5578 5570 5577
f 5572 5571 5578
f 5580 5572 5579
f 5575 5574 5581
f 5583 5575 5582
f 5584 5576 5583
f 5585 5577 5584
f 5579 5578 5585
f 5580 5579 5586
f 5589 5581 5588
f 5590 5582 5589
f 5584 5583 5590
f 5585 5584 5591
f 5593 5585 5592
f 5587 5586 5593
f 5589 5588 5595
f 5590 5589 5596
f 5598 5590 5597
f 5599 5591 5598
f 5600 5592 5599
f 5594 5593 5600
f 5603 5595 5602
f 5604 5596 5603
f 5598 5597 5604
f 5599 5598 5605
f 5600 5599 5606
f 5601 5600 5607
f 5603 5602 5609
f 5604 5603 5610
f 5612 5604 5611
f 5613 5605 5612
f 5614 5606 5613
f 5615 5607 5614
f 5617 5609 5616
f 5618 5610 5617
f 5619 5611 5618
f 5613 5612 5619
f 5614 5613 5620
f 5622 5614 5621
f 5617 5616 5623
f 5618 5617 5624
f 5619 5618 5625
f 5627 5619 5626
f 5628 5620 5627
f 5622 5621 5628
f 5631 5623 5630
f 5632 5624 5631
f 5633 5625 5632
f 5627 5626 5633
f 5635 5627 5634
f 5636 5628 5635
f 5638 5630 5637
f 5639 5631 5638
f 5633 5632 5639
f 5634 5633 5640
f 5635 5634 5641
f 5636 5635 5642
f 5638 5637 5644
f 5646 5638 5645
f 5647 5639 5646
f 5648 5640 5647
f 5649 5641 5648
f 5650 5642 5649
f 5652 5644 5651
f 5646 5645 5652
f 5647 5646 5653
f 5648 5647 5654
f 5649 5648 5655
f 5657 5649 5656
f 5659 5651 5658
f 5653 5652 5659
f 5661 5653 5660
f 5655 5654 5661
f 5663 5655 5662
f 5664 5656 5663
f 5659 5658 5665
f 5660 5659 5666
f 5668 5660 5667
f 5662 5661 5668
f 5670 5662 5669
f 5664 5663 5670
f 5673 5665 5672
f 5674 5666 5673
f 5675 5667 5674
f 5669 5668 5675
f 5677 5669 5676
f 5671 5670 5677
f 5673 5672 5679
f 5674 5673 5680
f 5682 5674 5681
f 5676 5675 5682
f 5684 5676 5683
f 5678 5677 5684
f 5687 5679 5686
f 5695 5820 5816
f 5688 5818 5820
f 5820 5687 5819
f 5816 5819 5694
f 5696 5824 5821
f 5689 5823 5824
f 5824 5688 5817
f 5821 5817 5695
f 5697 5828 5825
f 5690 5827 5828
f 5828 5689 5822
f 5825 5822 5696
f 5698 5832 5829
f 5830 5831 5832
f 5831 5690 5826
f 5829 5826 5697
f 5699 5836 5833
f 5834 5835 5836
f 5835 5691 5830
f 5836 5830 5698
f 5838 5692 5834
f 5839 5834 5699
f 5695 5816 5842
f 5842 5694 5841
f 5696 5821 5844
f 5844 5695 5840
f 5845 5825 5846
f 5846 5696 5843
f 5698 5829 5848
f 5848 5697 5845
f 5699 5833 5850
f 5833 5698 5847
f 5851 5699 5849
f 5930 5329 5322
f 5322 5928 5929
f 5932 5343 5336
f 5343 5932 5933
f 5934 5357 5350
f 5329 5930 5931
f 5935 5364 5357
f 6007 5704 5705
f 5703 6006 6007
f 6005 5708 5707
f 6005 5707 5711
f 5378 5937 5938
f 6003 5710 5714
f 5938 5385 5378
f 5940 5399 5392
f 5939 5392 5385
f 5942 5413 5406
f 5944 5427 5420
f 5945 5434 5427
f 5943 5420 5413
f 5941 5406 5399
f 5948 5448 5441
f 5950 5462 5455
f 5951 5469 5462
f 5949 5455 5448
f 5953 5483 5476
f 5954 5490 5483
f 5952 5476 5469
f 5946 5441 5434
f 6002 5713 5717
f 5716 6001 6002
f 5719 5924 5925
f 5342 5918 5919
f 5349 5917 5918
f 5342 5919 5920
f 5370 5914 5915
f 5384 5912 5913
f 5384 5911 5912
f 5377 5913 5914
f 5356 5916 5917
f 5391 5910 5911
f 5718 5923 5924
f 5736 5921 5922
f 5419 5906 5907
f 5412 5907 5908
f 5426 5904 5905
f 5419 5905 5906
f 5433 5903 5904
f 5447 5901 5902
f 5454 5900 5901
f 5461 5898 5899
f 5475 5896 5897
f 5489 5894 5895
f 5468 5897 5898
f 5761 5892 5893
f 5761 5891 5892
f 5461 5899 5900
f 5759 5890 5891
f 5889 5779 5778
f 5504 5959 5960
f 5963 5525 5518
f 5965 5539 5532
f 5966 5546 5539
f 5964 5532 5525
f 5968 5560 5553
f 5971 5574 5567
f 5972 5581 5574
f 5969 5567 5560
f 5974 5595 5588
f 5976 5609 5602
f 5977 5616 5609
f 5975 5602 5595
f 5973 5588 5581
f 5967 5553 5546
f 5979 5630 5623
f 5616 5977 5978
f 5982 5651 5644
f 5630 5979 5980
f 5658 5983 5984
f 5984 5665 5658
f 5986 5679 5672
f 5987 5686 5679
f 5985 5672 5665
f 5840 5994 5995
f 5996 5843 5844
f 5845 5997 5998
f 5796 5886 5887
f 5815 5885 5886
f 5815 5884 5885
f 5531 5882 5883
f 5545 5880 5881
f 5559 5878 5879
f 5559 5877 5878
f 5552 5879 5880
f 5573 5875 5876
f 5594 5872 5873
f 5601 5871 5872
f 5587 5873 5874
f 5566 5876 5877
f 5601 5870 5871
f 5869 5608 5615
f 5622 5867 5868
f 5636 5865 5866
f 5629 5866 5867
f 5643 5863 5864
f 5664 5860 5861
f 5671 5859 5860
f 5650 5862 5863
f 5636 5864 5865
f 5678 5857 5858
f 5849 5999 6000
f 5838 5855 5856
f 5678 5858 5859
f 5851 5852 5853
f 6016 6055 6056
f 6018 6053 6054
f 6019 6052 6053
f 6017 6054 6055
f 6021 6050 6051
f 6022 6049 6050
f 6024 6047 6048
f 6025 6013 6047
f 6023 6048 6049
f 6020 6051 6052
f 6026 6045 6046
f 6027 6044 6045
f 6029 6042 6043
f 6030 6041 6042
f 6028 6043 6044
f 6032 6039 6040
f 6033 6038 6039
f 6034 6037 6038
f 6031 6040 6041
f 6046 6012 6026
f 6064 6107 6108
f 6066 6105 6106
f 6067 6104 6105
f 6066 6107 6065
f 6069 6102 6103
f 6070 6101 6102
f 6072 6099 6100
f 6074 6061 6098
f 6073 6098 6099
f 6071 6100 6101
f 6068 6103 6104
f 6076 6097 6075
f 6077 6096 6076
f 6078 6093 6094
f 6079 6092 6093
f 6078 6095 6077
f 6081 6090 6091
f 6083 6090 6082
f 6084 6087 6088
f 6083 6088 6089
f 6080 6091 6092
f 6075 6061 6060
f 6189 6182 6183
f 6189 6184 6185
f 6192 6177 6178
f 6193 6173 6174
f 6196 6168 6169
f 6195 6170 6171
f 6192 6175 6176
f 6197 6164 6165
f 6196 6166 6167
f 6199 6161 6162
f 6200 6159 6160
f 6201 6155 6156
f 6200 6157 6158
f 6203 6152 6153
f 6203 6150 6151
f 6207 6143 6144
f 6206 6145 6146
f 6208 6139 6140
f 6210 6136 6137
f 6211 6132 6133
f 6214 6127 6128
f 6212 6130 6131
f 6211 6134 6135
f 6215 6123 6124
f 6217 6120 6121
f 6218 6116 6117
f 6219 6114 6115
f 6218 6118 6119
f 6215 6125 6126
f 6282 6280 6281
f 6285 6286 6287
f 6289 6290 6291
f 6293 6294 6295
f 6297 6299 6298
f 6301 6302 6303
f 6409 6413 6412
f 6344 6334 6333
f 6376 6333 6377
f 6451 6550 6551
f 6451 6552 6553
f 6454 6545 6546
f 6455 6541 6542
f 6458 6536 6537
f 6457 6538 6539
f 6454 6543 6544
f 6459 6532 6533
f 6458 6534 6535
f 6461 6529 6530
f 6462 6527 6528
f 6463 6523 6524
f 6462 6525 6526
f 6465 6520 6521
f 6469 6511 6512
f 6468 6513 6514
f 6470 6507 6508
f 6472 6504 6505
f 6473 6500 6501
f 6476 6495 6496
f 6474 6498 6499
f 6473 6502 6503
f 6477 6491 6492
f 6479 6488 6489
f 6480 6484 6485
f 6481 6482 6483
f 6480 6486 6487
f 6477 6493 6494
f 6678 6720 6721
f 6680 6718 6719
f 6681 6717 6718
f 6679 6719 6720
f 6683 6715 6716
f 6684 6714 6715
f 6686 6712 6713
f 6711 6672 6673
f 6687 6711 6712
f 6685 6713 6714
f 6683 6717 6682
f 6689 6709 6710
f 6690 6708 6709
f 6692 6706 6707
f 6693 6705 6706
f 6691 6707 6708
f 6695 6703 6704
f 6696 6702 6703
f 6698 6700 6701
f 6697 6701 6702
f 6694 6704 6705
f 6689 6673 6672
f 6822 6860 6861
f 6824 6858 6859
f 6825 6857 6858
f 6823 6859 6860
f 6827 6855 6856
f 6828 6854 6855
f 6830 6852 6853
f 6817 6831 6816
f 6829 6853 6854
f 6826 6856 6857
f 6832 6850 6851
f 6833 6849 6850
f 6835 6847 6848
f 6836 6846 6847
f 6834 6848 6849
f 6838 6844 6845
f 6839 6843 6844
f 6840 6842 6843
f 6837 6845 6846
f 6851 6816 6832
f 6865 7253 7250
f 7253 7252 6864
f 7255 7256 7254
f 7254 7251 6865
f 7258 7259 7257
f 7257 7255 6866
f 6868 7262 7260
f 7260 7258 6867
f 6869 7265 7263
f 7265 7261 6868
f 7266 7264 6869
f 7269 7271 7268
f 7269 7250 7271
f 7250 6864 7270
f 7271 7270 6871
f 6873 7274 7272
f 6866 7254 7274
f 7274 6865 7269
f 7272 7269 6872
f 6874 7277 7275
f 7276 7257 7277
f 7277 6866 7273
f 7277 7273 6873
f 7279 7280 7278
f 7279 7260 7280
f 7260 6867 7276
f 7280 7276 6874
f 6876 7283 7281
f 7282 7263 7283
f 7283 6868 7279
f 7283 7279 6875
f 7285 6869 7282
f 7285 7282 6876
f 6878 6870 6877
f 6878 6877 6884
f 6886 6878 6885
f 6887 6879 6886
f 6881 6880 6887
f 6889 6881 6888
f 6883 6882 6889
f 6885 6884 6891
f 6886 6885 6892
f 6894 6886 6893
f 6895 6887 6894
f 6896 6888 6895
f 6890 6889 6896
f 6892 6891 6898
f 6893 6892 6899
f 6901 6893 6900
f 6895 6894 6901
f 6903 6895 6902
f 6897 6896 6903
f 6899 6898 6905
f 6907 6899 6906
f 6908 6900 6907
f 6902 6901 6908
f 6910 6902 6909
f 6911 6903 6910
f 6906 6905 6912
f 6914 6906 6913
f 6908 6907 6914
f 6909 6908 6915
f 6910 6909 6916
f 6918 6910 6917
f 6913 6912 6919
f 6921 6913 6920
f 6915 6914 6921
f 6916 6915 6922
f 6924 6916 6923
f 6925 6917 6924
f 6920 6919 6926
f 6928 6920 6927
f 6922 6921 6928
f 6923 6922 6929
f 6931 6923 6930
f 6925 6924 6931
f 6934 6926 6933
f 6928 6927 6934
f 6936 6928 6935
f 6930 6929 6936
f 6938 6930 6937
f 6932 6931 6938
f 6941 6933 6940
f 6935 6934 6941
f 6943 6935 6942
f 6937 6936 6943
f 6945 6937 6944
f 6939 6938 6945
f 6948 6940 6947
f 6942 6941 6948
f 6950 6942 6949
f 6951 6943 6950
f 6945 6944 6951
f 6953 6945 6952
f 6955 6947 6954
f 6949 6948 6955
f 6950 6949 6956
f 6958 6950 6957
f 6952 6951 6958
f 6960 6952 6959
f 6962 6954 6961
f 6956 6955 6962
f 6964 6956 6963
f 6958 6957 6964
f 6966 6958 6965
f 6960 6959 6966
f 6962 6961 6968
f 6970 6962 6969
f 6971 6963 6970
f 6965 6964 6971
f 6973 6965 6972
f 6967 6966 6973
f 6969 6968 6975
f 6977 6969 6976
f 6978 6970 6977
f 6972 6971 6978
f 6980 6972 6979
f 6974 6973 6980
f 6983 6975 6982
f 6977 6976 6983
f 6985 6977 6984
f 6986 6978 6985
f 6980 6979 6986
f 6981 6980 6987
f 6983 6982 6989
f 6991 6983 6990
f 6985 6984 6991
f 6986 6985 6992
f 6994 6986 6993
f 6995 6987 6994
f 6990 6989 6996
f 6998 6990 6997
f 6999 6991 6998
f 6993 6992 6999
f 7001 6993 7000
f 6995 6994 7001
f 6997 6996 7003
f 6998 6997 7004
f 7006 6998 7005
f 7000 6999 7006
f 7001 7000 7007
f 7002 7001 7008
f 7011 7003 7010
f 7005 7004 7011
f 7013 7005 7012
f 7007 7006 7013
f 7015 7007 7014
f 7009 7008 7015
f 7018 7010 7017
f 7012 7011 7018
f 7020 7012 7019
f 7021 7013 7020
f 7015 7014 7021
f 7016 7015 7022
f 7025 7017 7024
f 7019 7018 7025
f 7027 7019 7026
f 7021 7020 7027
f 7022 7021 7028
f 7030 7022 7029
f 7025 7024 7031
f 7026 7025 7032
f 7034 7026 7033
f 7028 7027 7034
f 7036 7028 7035
f 7037 7029 7036
f 7032 7031 7038
f 7047 7290 7286
f 7287 7288 7290
f 7288 7039 7289
f 7290 7289 7046
f 7292 7294 7291
f 7292 7293 7294
f 7293 7040 7287
f 7294 7287 7047
f 7296 7298 7295
f 7042 7297 7298
f 7297 7041 7292
f 7298 7292 7048
f 7050 7302 7299
f 7300 7301 7302
f 7302 7042 7296
f 7299 7296 7049
f 7304 7306 7303
f 7044 7305 7306
f 7306 7043 7300
f 7303 7300 7050
f 7309 7044 7304
f 7307 7304 7051
f 7311 7313 7310
f 7311 7286 7313
f 7286 7046 7312
f 7310 7312 7053
f 7315 7316 7314
f 7048 7291 7316
f 7316 7047 7311
f 7314 7311 7054
f 7056 7319 7317
f 7318 7295 7319
f 7295 7048 7315
f 7317 7315 7055
f 7321 7322 7320
f 7321 7299 7322
f 7299 7049 7318
f 7320 7318 7056
f 7324 7325 7323
f 7051 7303 7325
f 7325 7050 7321
f 7325 7321 7057
f 7327 7051 7324
f 7326 7324 7058
f 7329 7331 7328
f 7054 7310 7331
f 7331 7053 7330
f 7331 7330 7060
f 7333 7334 7332
f 7333 7314 7334
f 7334 7054 7329
f 7332 7329 7061
f 7336 7337 7335
f 7056 7317 7337
f 7337 7055 7333
f 7335 7333 7062
f 7064 7340 7338
f 7339 7320 7340
f 7320 7056 7336
f 7340 7336 7063
f 7342 7343 7341
f 7058 7323 7343
f 7323 7057 7339
f 7343 7339 7064
f 7345 7058 7342
f 7344 7342 7065
f 7347 7349 7346
f 7347 7328 7349
f 7349 7060 7348
f 7346 7348 7067
f 7351 7352 7350
f 7062 7332 7352
f 7332 7061 7347
f 7352 7347 7068
f 7354 7355 7353
f 7063 7335 7355
f 7355 7062 7351
f 7353 7351 7069
f 7071 7358 7356
f 7357 7338 7358
f 7358 7063 7354
f 7356 7354 7070
f 7360 7361 7359
f 7360 7341 7361
f 7341 7064 7357
f 7359 7357 7071
f 7344 7065 7360
f 7363 7360 7072
f 7074 7066 7073
f 7074 7073 7080
f 7075 7074 7081
f 7076 7075 7082
f 7077 7076 7083
f 7078 7077 7084
f 7086 7078 7085
f 7081 7080 7087
f 7082 7081 7088
f 7083 7082 7089
f 7084 7083 7090
f 7092 7084 7091
f 7086 7085 7092
f 7095 7087 7094
f 7089 7088 7095
f 7090 7089 7096
f 7091 7090 7097
f 7099 7091 7098
f 7100 7092 7099
f 7095 7094 7101
f 7103 7095 7102
f 7104 7096 7103
f 7105 7097 7104
f 7106 7098 7105
f 7100 7099 7106
f 7109 7101 7108
f 7110 7102 7109
f 7111 7103 7110
f 7105 7104 7111
f 7106 7105 7112
f 7107 7106 7113
f 7116 7108 7115
f 7117 7109 7116
f 7111 7110 7117
f 7112 7111 7118
f 7120 7112 7119
f 7121 7113 7120
f 7116 7115 7122
f 7124 7116 7123
f 7125 7117 7124
f 7126 7118 7125
f 7127 7119 7126
f 7121 7120 7127
f 7123 7122 7129
f 7131 7123 7130
f 7125 7124 7131
f 7133 7125 7132
f 7127 7126 7133
f 7128 7127 7134
f 7130 7129 7136
f 7131 7130 7137
f 7132 7131 7138
f 7140 7132 7139
f 7134 7133 7140
f 7135 7134 7141
f 7137 7136 7143
f 7145 7137 7144
f 7139 7138 7145
f 7147 7139 7146
f 7148 7140 7147
f 7142 7141 7148
f 7144 7143 7150
f 7145 7144 7151
f 7153 7145 7152
f 7154 7146 7153
f 7148 7147 7154
f 7149 7148 7155
f 7158 7150 7157
f 7159 7151 7158
f 7153 7152 7159
f 7154 7153 7160
f 7155 7154 7161
f 7156 7155 7162
f 7165 7157 7164
f 7166 7158 7165
f 7167 7159 7166
f 7168 7160 7167
f 7169 7161 7168
f 7170 7162 7169
f 7165 7164 7171
f 7173 7165 7172
f 7167 7166 7173
f 7175 7167 7174
f 7176 7168 7175
f 7170 7169 7176
f 7179 7171 7178
f 7180 7172 7179
f 7174 7173 7180
f 7182 7174 7181
f 7176 7175 7182
f 7177 7176 7183
f 7179 7178 7185
f 7180 7179 7186
f 7181 7180 7187
f 7189 7181 7188
f 7190 7182 7189
f 7191 7183 7190
f 7193 7185 7192
f 7194 7186 7193
f 7188 7187 7194
f 7189 7188 7195
f 7190 7189 7196
f 7198 7190 7197
f 7193 7192 7199
f 7194 7193 7200
f 7195 7194 7201
f 7203 7195 7202
f 7197 7196 7203
f 7198 7197 7204
f 7200 7199 7206
f 7208 7200 7207
f 7202 7201 7208
f 7203 7202 7209
f 7204 7203 7210
f 7205 7204 7211
f 7207 7206 7213
f 7215 7207 7214
f 7216 7208 7215
f 7210 7209 7216
f 7211 7210 7217
f 7219 7211 7218
f 7221 7213 7220
f 7215 7214 7221
f 7223 7215 7222
f 7224 7216 7223
f 7218 7217 7224
f 7226 7218 7225
f 7228 7220 7227
f 7222 7221 7228
f 7230 7222 7229
f 7231 7223 7230
f 7225 7224 7231
f 7233 7225 7232
f 7235 7227 7234
f 7365 7368 7364
f 7236 7366 7368
f 7368 7235 7367
f 7368 7367 7242
f 7244 7372 7369
f 7370 7371 7372
f 7372 7236 7365
f 7372 7365 7243
f 7374 7376 7373
f 7238 7375 7376
f 7375 7237 7370
f 7373 7370 7244
f 7246 7380 7377
f 7378 7379 7380
f 7379 7238 7374
f 7377 7374 7245
f 7382 7384 7381
f 7382 7383 7384
f 7383 7239 7378
f 7384 7378 7246
f 7387 7240 7382
f 7385 7382 7247
f 7243 7364 7390
f 7364 7242 7389
f 7391 7369 7392
f 7369 7243 7388
f 7245 7373 7394
f 7373 7244 7391
f 7246 7377 7396
f 7396 7245 7393
f 7247 7381 7398
f 7398 7246 7395
f 7399 7247 7397
f 7497 6877 6870
f 6870 7495 7496
f 7499 6891 6884
f 6891 7499 7500
f 7501 6905 6898
f 6877 7497 7498
f 7502 6912 6905
f 7406 7252 7253
f 7251 7405 7406
f 7404 7256 7255
f 7404 7255 7259
f 6926 7504 7505
f 7402 7258 7262
f 7505 6933 6926
f 7507 6947 6940
f 7506 6940 6933
f 7509 6961 6954
f 7511 6975 6968
f 7512 6982 6975
f 7510 6968 6961
f 7508 6954 6947
f 7515 6996 6989
f 7517 7010 7003
f 7518 7017 7010
f 7516 7003 6996
f 7520 7031 7024
f 7521 7038 7031
f 7519 7024 7017
f 7513 6989 6982
f 7402 7262 7261
f 7264 7400 7401
f 7267 7490 7491
f 6890 7484 7485
f 6897 7483 7484
f 6890 7485 7486
f 6918 7480 7481
f 6932 7478 7479
f 6932 7477 7478
f 6925 7479 7480
f 6904 7482 7483
f 6939 7476 7477
f 7266 7489 7490
f 7284 7487 7488
f 6967 7472 7473
f 6960 7473 7474
f 6974 7470 7471
f 6967 7471 7472
f 6981 7469 7470
f 6995 7467 7468
f 7002 7466 7467
f 7009 7464 7465
f 7023 7462 7463
f 7037 7460 7461
f 7016 7463 7464
f 7309 7458 7459
f 7309 7457 7458
f 7009 7465 7466
f 7307 7456 7457
f 7052 7526 7527
f 7530 7073 7066
f 7532 7087 7080
f 7533 7094 7087
f 7531 7080 7073
f 7535 7108 7101
f 7538 7122 7115
f 7539 7129 7122
f 7536 7115 7108
f 7541 7143 7136
f 7543 7157 7150
f 7544 7164 7157
f 7542 7150 7143
f 7540 7136 7129
f 7534 7101 7094
f 7546 7178 7171
f 7164 7544 7545
f 7549 7199 7192
f 7178 7546 7547
f 7206 7550 7551
f 7551 7213 7206
f 7553 7227 7220
f 7554 7234 7227
f 7552 7220 7213
f 7388 7411 7412
f 7413 7391 7392
f 7393 7414 7415
f 7344 7452 7453
f 7363 7451 7452
f 7363 7450 7451
f 7079 7448 7449
f 7093 7446 7447
f 7107 7444 7445
f 7107 7443 7444
f 7100 7445 7446
f 7121 7441 7442
f 7142 7438 7439
f 7149 7437 7438
f 7135 7439 7440
f 7114 7442 7443
f 7149 7436 7437
f 7435 7156 7163
f 7170 7433 7434
f 7184 7431 7432
f 7177 7432 7433
f 7191 7429 7430
f 7212 7426 7427
f 7219 7425 7426
f 7198 7428 7429
f 7184 7430 7431
f 7226 7423 7424
f 7397 7416 7417
f 7386 7421 7422
f 7226 7424 7425
f 7399 7418 7419
f 7587 7583 7584
f 7588 7582 7583
f 7586 7584 7585
f 7591 7579 7580
f 7592 7578 7579
f 7594 7576 7577
f 7595 7575 7576
f 7593 7577 7578
f 7589 7581 7582
f 7596 7573 7574
f 7598 7571 7572
f 7599 7570 7571
f 7597 7572 7573
f 7602 7567 7568
f 7603 7566 7567
f 7604 7565 7566
f 7601 7568 7569
f 7574 7595 7596
f 7661 7608 7607
f 7662 7609 7608
f 7663 7610 7609
f 7664 7611 7610
f 7665 7612 7611
f 7666 7613 7665
f 7667 7614 7666
f 7668 7615 7667
f 7669 7616 7668
f 7670 7617 7669
f 7671 7618 7670
f 7672 7619 7671
f 7673 7620 7619
f 7674 7621 7620
f 7675 7622 7621
f 7676 7623 7675
f 7677 7624 7676
f 7678 7625 7624
f 7679 7626 7678
f 7680 7627 7679
f 7681 7628 7680
f 7682 7629 7628
f 7683 7630 7682
f 7684 7631 7683
f 7685 7632 7684
f 7686 7633 7632
f 7687 7634 7633
f 7688 7635 7634
f 7689 7636 7688
f 7690 7637 7689
f 7691 7638 7637
f 7692 7639 7638
f 7693 7640 7692
f 7694 7641 7693
f 7695 7642 7641
f 7696 7643 7642
f 7697 7644 7696
f 7698 7645 7697
f 7699 7646 7645
f 7700 7647 7646
f 7701 7648 7647
f 7702 7649 7701
f 7703 7650 7649
f 7704 7651 7650
f 7705 7652 7651
f 7706 7653 7652
f 7707 7654 7653
f 7708 7655 7654
f 7709 7656 7655
f 7710 7657 7656
f 7711 7658 7710
f 7712 7659 7711
f 7714 7661 7713
f 7715 7662 7714
f 7716 7663 7715
f 7717 7664 7716
f 7718 7665 7664
f 7719 7666 7665
f 7720 7667 7666
f 7721 7668 7667
f 7722 7669 7668
f 7723 7670 7722
f 7724 7671 7670
f 7725 7672 7671
f 7726 7673 7725
f 7727 7674 7726
f 7728 7675 7727
f 7729 7676 7728
f 7730 7677 7729
f 7731 7678 7677
f 7732 7679 7731
f 7733 7680 7679
f 7734 7681 7680
f 7735 7682 7681
f 7736 7683 7682
f 7737 7684 7736
f 7738 7685 7684
f 7739 7686 7738
f 7740 7687 7739
f 7741 7688 7740
f 7742 7689 7688
f 7743 7690 7742
f 7744 7691 7690
f 7745 7692 7691
f 7746 7693 7745
f 7747 7694 7693
f 7748 7695 7694
f 7749 7696 7695
f 7750 7697 7749
f 7751 7698 7697
f 7752 7699 7698
f 7753 7700 7752
f 7754 7701 7753
f 7755 7702 7754
f 7756 7703 7755
f 7757 7704 7756
f 7758 7705 7757
f 7759 7706 7705
f 7760 7707 7759
f 7761 7708 7760
f 7762 7709 7761
f 7763 7710 7762
f 7764 7711 7710
f 7765 7712 7711
f 7768 7714 7713
f 7769 7715 7768
f 7770 7716 7715
f 7771 7717 7716
f 7772 7718 7771
f 7773 7719 7772
f 7774 7720 7773
f 7775 7721 7720
f 7776 7722 7721
f 7777 7723 7722
f 7778 7724 7777
f 7779 7725 7778
f 7780 7726 7725
f 7781 7727 7726
f 7782 7728 7727
f 7783 7729 7728
f 7784 7730 7783
f 7785 7731 7730
f 7786 7732 7731
f 7787 7733 7786
f 7788 7734 7787
f 7789 7735 7788
f 7790 7736 7735
f 7791 7737 7790
f 7792 7738 7737
f 7793 7739 7792
f 7794 7740 7739
f 7795 7741 7794
f 7796 7742 7741
f 7797 7743 7796
f 7798 7744 7743
f 7799 7745 7744
f 7800 7746 7799
f 7801 7747 7746
f 7802 7748 7801
f 7803 7749 7802
f 7804 7750 7803
f 7805 7751 7804
f 7806 7752 7805
f 7807 7753 7752
f 7808 7754 7753
f 7809 7755 7754
f 7810 7756 7809
f 7811 7757 7810
f 7812 7758 7757
f 7813 7759 7758
f 7814 7760 7813
f 7815 7761 7760
f 7816 7762 7761
f 7817 7763 7762
f 7818 7764 7763
f 7819 7765 7764
f 7821 7768 7820
f 7822 7769 7821
f 7823 7770 7769
f 7824 7771 7770
f 7825 7772 7771
f 7826 7773 7772
f 7827 7774 7773
f 7828 7775 7774
f 7829 7776 7828
f 7830 7777 7776
f 7831 7778 7777
f 7832 7779 7778
f 7833 7780 7779
f 7834 7781 7780
f 7835 7782 7781
f 7836 7783 7782
f 7837 7784 7783
f 7838 7785 7837
f 7839 7786 7785
f 7840 7787 7839
f 7841 7788 7840
f 7842 7789 7788
f 7843 7790 7842
f 7844 7791 7790
f 7845 7792 7791
f 7846 7793 7845
f 7847 7794 7793
f 7848 7795 7847
f 7849 7796 7795
f 7850 7797 7796
f 7851 7798 7850
f 7852 7799 7798
f 7853 7800 7852
f 7854 7801 7800
f 7855 7802 7801
f 7856 7803 7802
f 7857 7804 7856
f 7858 7805 7804
f 7859 7806 7805
f 7860 7807 7806
f 7861 7808 7807
f 7862 7809 7808
f 7863 7810 7809
f 7864 7811 7810
f 7865 7812 7811
f 7866 7813 7865
f 7867 7814 7866
f 7868 7815 7814
f 7869 7816 7815
f 7870 7817 7816
f 7871 7818 7817
f 7872 7819 7871
f 7874 7821 7873
f 7875 7822 7821
f 7876 7823 7875
f 7877 7824 7876
f 7878 7825 7877
f 7879 7826 7878
f 7880 7827 7879
f 7881 7828 7880
f 7882 7829 7828
f 7883 7830 7829
f 7884 7831 7883
f 7885 7832 7884
f 7886 7833 7885
f 7887 7834 7886
f 7888 7835 7887
f 7889 7836 7888
f 7890 7837 7836
f 7891 7838 7837
f 7892 7839 7891
f 7893 7840 7892
f 7894 7841 7893
f 7895 7842 7841
f 7896 7843 7895
f 7897 7844 7843
f 7898 7845 7897
f 7899 7846 7898
f 7900 7847 7846
f 7901 7848 7900
f 7902 7849 7848
f 7903 7850 7902
f 7904 7851 7850
f 7905 7852 7851
f 7906 7853 7905
f 7907 7854 7853
f 7908 7855 7907
f 7909 7856 7855
f 7910 7857 7909
f 7911 7858 7857
f 7912 7859 7911
f 7913 7860 7912
f 7914 7861 7860
f 7915 7862 7914
f 7916 7863 7915
f 7917 7864 7863
f 7918 7865 7864
f 7919 7866 7918
f 7920 7867 7919
f 7921 7868 7920
f 7922 7869 7921
f 7923 7870 7922
f 7924 7871 7923
f 7925 7872 7871
f 7927 7874 7873
f 7928 7875 7874
f 7929 7876 7875
f 7930 7877 7876
f 7931 7878 7877
f 7932 7879 7931
f 7933 7880 7932
f 7934 7881 7880
f 7935 7882 7934
f 7936 7883 7935
f 7937 7884 7883
f 7938 7885 7937
f 7939 7886 7938
f 7940 7887 7886
f 7941 7888 7887
f 7942 7889 7888
f 7943 7890 7942
f 7944 7891 7890
f 7945 7892 7891
f 7946 7893 7892
f 7947 7894 7946
f 7948 7895 7894
f 7949 7896 7948
f 7950 7897 7949
f 7951 7898 7897
f 7952 7899 7951
f 7953 7900 7952
f 7954 7901 7900
f 7955 7902 7954
f 7956 7903 7955
f 7957 7904 7903
f 7958 7905 7957
f 7959 7906 7958
f 7960 7907 7959
f 7961 7908 7907
f 7962 7909 7908
f 7963 7910 7962
f 7964 7911 7910
f 7965 7912 7964
f 7966 7913 7965
f 7967 7914 7966
f 7968 7915 7967
f 7969 7916 7968
f 7970 7917 7969
f 7971 7918 7970
f 7972 7919 7971
f 7973 7920 7919
f 7974 7921 7920
f 7975 7922 7921
f 7976 7923 7922
f 7977 7924 7923
f 7978 7925 7977
f 8034 8122 7605
f 7608 8120 8121
f 8121 8122 7607
f 7609 8118 8119
f 7610 8116 8117
f 8117 8118 7609
f 8119 8120 7608
f 7611 8114 8115
f 8112 8113 7613
f 8113 8114 7612
f 8110 8111 7615
f 8108 8109 7617
f 8109 8110 7616
f 8111 8112 7614
f 8115 8116 7610
f 8106 8107 7618
f 7620 8104 8105
f 8105 8106 7619
f 8102 8103 7622
f 7623 8100 8101
f 8101 8102 7622
f 8103 8104 7621
f 8098 8099 7625
f 7626 8096 8097
f 8097 8098 7625
f 8094 8095 7627
f 7629 8092 8093
f 8093 8094 7628
f 8095 8096 7627
f 8099 8100 7624
f 8107 8108 7617
f 8121 7607 7608
f 8034 8035 7607
f 7608 7609 8119
f 8117 7609 7610
f 8114 7611 7612
f 8105 7619 7620
f 7623 7624 8100
f 7630 8090 8091
f 8090 7631 8089
f 8087 8088 7632
f 8088 8089 7632
f 7626 7627 8096
f 7629 7630 8092
f 8090 7630 7631
f 7628 7629 8093
f 8034 7607 8122
f 8085 8086 7634
f 7635 8083 8084
f 8084 8085 7634
f 8081 8082 7636
f 7638 8079 8080
f 8080 8081 7637
f 8082 8083 7636
f 7639 8077 8078
f 8075 8076 7641
f 8076 8077 7640
f 7642 8073 8074
f 8071 8072 7644
f 8072 8073 7643
f 8074 8075 7641
f 8078 8079 7639
f 8069 8070 7645
f 7647 8067 8068
f 8068 8069 7646
f 8065 8066 7649
f 8063 8064 7650
f 8064 8065 7649
f 8066 8067 7648
f 8061 8062 7652
f 7654 8059 8060
f 8060 8061 7653
f 8057 8058 7656
f 7657 8055 8056
f 7657 8054 8055
f 8056 8057 7656
f 8058 8059 7655
f 8062 8063 7651
f 8070 8071 7644
f 7635 7636 8083
f 7639 7640 8077
f 7637 7638 8080
f 7642 7643 8073
f 7646 7647 8068
f 8053 7658 8052
f 7659 8050 8051
f 8051 8050 7606
f 8052 7659 8051
f 7654 7655 8059
f 7657 7658 8054
f 7659 7712 8049
f 8052 7658 7659
f 7656 7657 8056
f 7633 8086 8087
f 7713 8036 8037
f 7766 8038 7767
f 8037 7766 7767
f 8036 7713 7660
f 7820 8038 8039
f 8035 8036 7660
f 8040 7873 8039
f 7926 7873 8040
f 7928 7927 7981
f 7930 7929 7984
f 7929 7928 7982
f 7927 7926 7981
f 8039 7873 7820
f 7932 7931 7986
f 7934 7933 7987
f 7933 7932 7987
f 7936 7935 7989
f 7938 7937 7992
f 7937 7936 7990
f 7935 7934 7988
f 7940 7939 7993
f 7942 7941 7996
f 7941 7940 7995
f 7944 7943 7997
f 7946 7945 8000
f 7947 7946 8000
f 7945 7944 7998
f 7943 7942 7997
f 7939 7938 7992
f 7931 7930 7985
f 8041 7979 7980
f 7949 7948 8003
f 7950 7949 8003
f 7952 7951 8006
f 7951 7950 8005
f 8001 8002 7948
f 7954 7953 8008
f 7956 7955 8010
f 7955 7954 8009
f 7958 7957 8011
f 7960 7959 8014
f 7959 7958 8012
f 7957 7956 8010
f 7962 7961 8015
f 7964 7963 8018
f 7963 7962 8016
f 7966 7965 8020
f 7968 7967 8022
f 7967 7966 8020
f 7965 7964 8018
f 7961 7960 8015
f 7712 7765 8048
f 7819 7872 8045
f 7765 7819 8047
f 8045 7872 8044
f 8049 7712 8048
f 7970 7969 8024
f 7972 7971 8025
f 7971 7970 8024
f 8043 8044 7925
f 8044 7872 7925
f 7925 7978 8043
f 7974 7973 8028
f 7973 7972 8027
f 7969 7968 8023
f 7976 7975 8029
f 7977 7976 8030
f 7978 8032 8042
f 7978 7977 8032
f 7975 7974 8028
f 8006 8007 7953
f 8196 8123 8127
f 8128 8129 8194
f 8195 8127 8128
f 8193 8130 8131
f 8192 8132 8133
f 8191 8133 8134
f 8131 8132 8193
f 8194 8129 8130
f 8190 8135 8136
f 8189 8137 8138
f 8136 8137 8189
f 8139 8140 8188
f 8186 8141 8142
f 8186 8142 8143
f 8187 8140 8141
f 8188 8138 8139
f 8191 8134 8135
f 8195 8124 8196
f 8127 8195 8196
f 8193 8194 8130
f 8135 8190 8191
f 8191 8192 8133
f 8138 8188 8189
f 8144 8145 8184
f 8146 8184 8145
f 8147 8183 8146
f 8186 8187 8141
f 8146 8183 8184
f 8186 8143 8185
f 8182 8183 8148
f 8185 8143 8144
f 8182 8148 8149
f 8150 8151 8181
f 8181 8149 8150
f 8179 8152 8153
f 8178 8154 8155
f 8155 8156 8177
f 8179 8153 8154
f 8180 8151 8152
f 8176 8157 8158
f 8175 8159 8160
f 8158 8159 8176
f 8174 8161 8162
f 8163 8164 8172
f 8172 8164 8165
f 8173 8162 8163
f 8174 8160 8161
f 8177 8156 8157
f 8181 8182 8149
f 8179 8180 8152
f 8174 8175 8160
f 8177 8157 8176
f 8179 8154 8178
f 8166 8167 8171
f 8169 8168 8125
f 8170 8167 8168
f 8168 8169 8170
f 8169 8126 8170
f 8171 8172 8165
f 8162 8173 8174
f 8198 8197 8247
f 8284 8247 8248
f 8249 8250 8285
f 8251 8252 8287
f 8250 8251 8287
f 8284 8248 8249
f 8198 8284 8246
f 8284 8198 8247
f 8284 8285 8244
f 8286 8288 8240
f 8288 8286 8253
f 8288 8253 8254
f 8287 8286 8241
f 8285 8287 8242
f 8254 8255 8289
f 8255 8200 8290
f 8291 8290 8256
f 8258 8292 8257
f 8257 8291 8256
f 8259 8260 8293
f 8289 8290 8237
f 8260 8261 8293
f 8258 8259 8294
f 8262 8295 8261
f 8264 8296 8263
f 8263 8297 8262
f 8298 8296 8264
f 8288 8289 8238
f 8246 8199 8198
f 8284 8244 8245
f 8287 8241 8242
f 8290 8291 8236
f 8237 8238 8289
f 8234 8235 8291
f 8292 8233 8234
f 8292 8294 8233
f 8294 8293 8232
f 8295 8297 8229
f 8263 8296 8297
f 8297 8295 8262
f 8293 8295 8230
f 8297 8296 8228
f 8296 8226 8227
f 8229 8230 8295
f 8298 8226 8296
f 8292 8291 8257
f 8299 8265 8266
f 8300 8266 8267
f 8268 8269 8301
f 8303 8270 8271
f 8269 8270 8301
f 8267 8268 8302
f 8298 8299 8225
f 8299 8298 8265
f 8266 8300 8299
f 8299 8300 8223
f 8302 8301 8221
f 8303 8304 8218
f 8271 8304 8303
f 8301 8303 8219
f 8300 8302 8222
f 8304 8271 8272
f 8272 8273 8305
f 8273 8274 8306
f 8307 8306 8275
f 8277 8308 8276
f 8276 8307 8275
f 8278 8279 8309
f 8305 8306 8215
f 8279 8280 8309
f 8277 8278 8310
f 8281 8311 8280
f 8282 8283 8312
f 8282 8313 8281
f 8283 8202 8203
f 8304 8305 8217
f 8276 8308 8307
f 8221 8222 8302
f 8307 8308 8213
f 8306 8307 8214
f 8217 8218 8304
f 8307 8213 8214
f 8211 8212 8308
f 8310 8309 8210
f 8309 8311 8209
f 8281 8313 8311
f 8313 8312 8206
f 8311 8313 8207
f 8312 8203 8205
f 8209 8210 8309
f 8205 8206 8312
f 8226 8298 8225
f 8425 8426 8314
f 8425 8315 8426
f 8424 8425 8321
f 8322 8323 8421
f 8321 8322 8423
f 8314 8321 8425
f 8321 8423 8424
f 8419 8324 8418
f 8419 8420 8323
f 8421 8422 8322
f 8324 8419 8323
f 8417 8418 8324
f 8324 8325 8417
f 8326 8327 8413
f 8328 8316 8409
f 8327 8328 8411
f 8325 8326 8415
f 8329 8330 8405
f 8330 8331 8403
f 8332 8333 8399
f 8334 8335 8395
f 8333 8334 8397
f 8331 8332 8401
f 8316 8329 8407
f 8335 8336 8393
f 8325 8415 8416
f 8326 8413 8414
f 8327 8411 8412
f 8328 8409 8410
f 8405 8406 8329
f 8407 8408 8316
f 8331 8401 8402
f 8332 8399 8400
f 8333 8397 8398
f 8334 8395 8396
f 8391 8317 8390
f 8391 8392 8336
f 8393 8394 8335
f 8403 8404 8330
f 8317 8391 8336
f 8388 8389 8317
f 8317 8337 8388
f 8390 8317 8389
f 8337 8338 8386
f 8339 8340 8382
f 8338 8339 8384
f 8340 8381 8382
f 8337 8387 8388
f 8383 8384 8339
f 8385 8386 8338
f 8340 8341 8380
f 8342 8343 8376
f 8343 8344 8374
f 8318 8345 8370
f 8346 8347 8366
f 8345 8346 8368
f 8344 8318 8372
f 8348 8349 8362
f 8349 8350 8360
f 8351 8352 8356
f 8352 8319 8354
f 8350 8351 8358
f 8347 8348 8364
f 8341 8342 8378
f 8353 8354 8319
f 8341 8379 8380
f 8342 8377 8378
f 8343 8375 8376
f 8344 8373 8374
f 8369 8370 8345
f 8371 8372 8318
f 8347 8365 8366
f 8348 8363 8364
f 8349 8361 8362
f 8350 8359 8360
f 8351 8357 8358
f 8352 8355 8356
f 8353 8320 8354
f 8367 8368 8346
f 8431 8428 8429
f 8433 8430 8431
f 8435 8432 8433
f 8437 8434 8435
f 8439 8436 8437
f 8441 8438 8439
f 8443 8440 8441
f 8445 8442 8443
f 8447 8444 8445
f 8449 8446 8447
f 8451 8448 8449
f 8453 8450 8451
f 8455 8452 8453
f 8457 8454 8455
f 8459 8456 8457
f 8461 8458 8459
f 8463 8460 8461
f 8465 8462 8463
f 8467 8464 8465
f 8469 8466 8467
f 8471 8468 8469
f 8473 8470 8471
f 8475 8472 8473
f 8477 8474 8475
f 8479 8476 8477
f 8481 8478 8479
f 8483 8480 8481
f 8485 8482 8483
f 8487 8484 8485
f 8489 8486 8487
f 8495 8429 8428
f 8494 8429 8495
f 8431 8499 8433
f 8435 8497 8437
f 8433 8498 8435
f 8429 8500 8431
f 8509 8441 8439
f 8443 8508 8507
f 8441 8509 8508
f 8447 8506 8449
f 8504 8453 8451
f 8503 8455 8453
f 8449 8505 8451
f 8445 8507 8506
f 8496 8439 8437
f 8500 8494 8493
f 8429 8494 8500
f 8439 8496 8509
f 8501 8459 8457
f 8503 8453 8504
f 8502 8457 8455
f 8461 8518 8463
f 8516 8467 8465
f 8517 8465 8463
f 8469 8515 8514
f 8473 8513 8475
f 8471 8514 8473
f 8467 8516 8515
f 8490 8489 8491
f 8510 8481 8479
f 8483 8523 8522
f 8485 8522 8521
f 8481 8510 8523
f 8511 8479 8477
f 8475 8512 8477
f 8518 8461 8501
f 8516 8465 8517
f 8510 8479 8511
f 8491 8489 8492
f 8492 8489 8520
f 8520 8489 8487
f 8492 8520 8519
f 8528 8524 8530
f 8531 8532 8596
f 8597 8530 8531
f 8595 8533 8534
f 8594 8535 8536
f 8593 8536 8537
f 8534 8535 8595
f 8596 8532 8533
f 8592 8538 8539
f 8591 8540 8541
f 8539 8540 8591
f 8542 8543 8590
f 8588 8544 8545
f 8588 8545 8546
f 8589 8543 8544
f 8590 8541 8542
f 8593 8537 8538
f 8597 8525 8528
f 8530 8597 8528
f 8595 8596 8533
f 8538 8592 8593
f 8593 8594 8536
f 8541 8590 8591
f 8547 8548 8586
f 8549 8586 8548
f 8550 8585 8549
f 8588 8589 8544
f 8549 8585 8586
f 8588 8546 8587
f 8550 8551 8585
f 8587 8546 8547
f 8584 8551 8552
f 8553 8554 8583
f 8583 8552 8553
f 8581 8555 8556
f 8580 8557 8558
f 8558 8559 8579
f 8581 8556 8557
f 8582 8554 8555
f 8578 8560 8561
f 8577 8562 8563
f 8561 8562 8578
f 8576 8564 8565
f 8566 8567 8574
f 8574 8567 8568
f 8575 8565 8566
f 8576 8563 8564
f 8579 8559 8560
f 8583 8584 8552
f 8581 8582 8555
f 8576 8577 8563
f 8579 8560 8578
f 8581 8557 8580
f 8569 8570 8573
f 8529 8571 8526
f 8572 8570 8571
f 8571 8529 8572
f 8529 8527 8572
f 8573 8574 8568
f 8565 8575 8576
f 8693 8694 8685
f 8684 8694 8695
f 8697 8698 8682
f 8696 8697 8683
f 8683 8695 8696
f 8699 8681 8698
f 8691 8687 8690
f 8690 8688 8689
f 8686 8691 8692
f 8691 8686 8687
f 8693 8685 8686
f 8687 8688 8690
f 8686 8692 8693
f 8598 8689 8688
f 8680 8699 8700
f 8703 8678 8702
f 8701 8702 8679
f 8704 8677 8703
f 8676 8705 8706
f 8705 8676 8677
f 8704 8705 8677
f 8703 8677 8678
f 8682 8683 8697
f 8684 8685 8694
f 8683 8684 8695
f 8702 8678 8679
f 8680 8681 8699
f 8701 8679 8680
f 8682 8698 8681
f 8680 8700 8701
f 8661 8599 8660
f 8660 8600 8659
f 8598 8661 8662
f 8661 8598 8599
f 8659 8600 8601
f 8660 8599 8600
f 8598 8662 8689
f 8658 8659 8601
f 8602 8656 8657
f 8656 8603 8655
f 8601 8657 8658
f 8604 8654 8655
f 8653 8605 8652
f 8604 8653 8654
f 8651 8652 8606
f 8657 8601 8602
f 8603 8604 8655
f 8605 8606 8652
f 8604 8605 8653
f 8651 8607 8650
f 8648 8608 8609
f 8649 8607 8608
f 8606 8607 8651
f 8648 8649 8608
f 8609 8647 8648
f 8607 8649 8650
f 8645 8610 8611
f 8610 8645 8646
f 8645 8611 8644
f 8647 8610 8646
f 8610 8647 8609
f 8602 8603 8656
f 8675 8676 8706
f 8674 8675 8707
f 8706 8707 8675
f 8708 8674 8707
f 8673 8674 8709
f 8673 8709 8710
f 8709 8674 8708
f 8711 8672 8710
f 8710 8672 8673
f 8671 8713 8670
f 8671 8672 8711
f 8669 8715 8668
f 8667 8718 8666
f 8717 8667 8668
f 8714 8669 8670
f 8711 8712 8671
f 8714 8670 8713
f 8714 8715 8669
f 8715 8716 8668
f 8717 8718 8667
f 8718 8719 8666
f 8717 8668 8716
f 8719 8665 8666
f 8721 8664 8665
f 8723 8625 8663
f 8663 8664 8722
f 8721 8722 8664
f 8722 8723 8663
f 8720 8721 8665
f 8720 8665 8719
f 8626 8625 8723
f 8712 8713 8671
f 8638 8639 8616
f 8640 8614 8615
f 8615 8616 8639
f 8620 8633 8619
f 8618 8636 8617
f 8635 8618 8619
f 8617 8637 8616
f 8643 8612 8613
f 8612 8643 8644
f 8643 8613 8642
f 8612 8644 8611
f 8614 8641 8613
f 8641 8642 8613
f 8614 8640 8641
f 8640 8615 8639
f 8632 8620 8621
f 8623 8629 8622
f 8631 8622 8630
f 8622 8629 8630
f 8628 8623 8624
f 8627 8628 8624
f 8628 8629 8623
f 8627 8624 8625
f 8627 8625 8626
f 8636 8637 8617
f 8638 8616 8637
f 8635 8636 8618
f 8632 8633 8620
f 8635 8619 8634
f 8633 8634 8619
f 8631 8632 8621
f 8622 8631 8621
f 8729 8724 8773
f 8773 8774 8771
f 8774 8775 8770
f 8772 8729 8773
f 8776 8777 8768
f 8775 8776 8769
f 8777 8778 8767
f 8778 8779 8766
f 8779 8780 8765
f 8780 8781 8764
f 8782 8783 8762
f 8783 8784 8761
f 8781 8782 8763
f 8785 8786 8758
f 8786 8787 8757
f 8788 8789 8755
f 8789 8790 8754
f 8787 8788 8756
f 8784 8785 8760
f 8790 8791 8753
f 8729 8772 8725
f 8765 8766 8779
f 8752 8753 8791
f 8726 8792 8751
f 8793 8794 8749
f 8794 8795 8748
f 8792 8793 8750
f 8796 8797 8746
f 8797 8798 8745
f 8799 8800 8742
f 8800 8801 8741
f 8798 8799 8743
f 8795 8796 8747
f 8802 8803 8739
f 8804 8805 8737
f 8805 8806 8736
f 8803 8804 8738
f 8807 8808 8734
f 8808 8809 8733
f 8730 8810 8727
f 8809 8810 8732
f 8806 8807 8735
f 8801 8802 8740
f 8730 8731 8810
f 8804 8737 8738
f 8730 8728 8731
f 8752 8726 8751
f 8887 8888 8811
f 8887 8812 8888
f 8886 8887 8890
f 8891 8892 8883
f 8890 8891 8885
f 8811 8890 8887
f 8890 8885 8886
f 8881 8893 8880
f 8881 8882 8892
f 8883 8884 8891
f 8893 8881 8892
f 8879 8880 8893
f 8893 8894 8879
f 8895 8896 8875
f 8897 8898 8871
f 8896 8897 8873
f 8894 8895 8877
f 8899 8900 8867
f 8900 8901 8865
f 8902 8903 8861
f 8904 8905 8857
f 8903 8904 8859
f 8901 8902 8863
f 8898 8899 8869
f 8905 8906 8855
f 8894 8877 8878
f 8895 8875 8876
f 8896 8873 8874
f 8897 8871 8872
f 8867 8868 8899
f 8869 8870 8898
f 8901 8863 8864
f 8902 8861 8862
f 8903 8859 8860
f 8904 8857 8858
f 8853 8813 8852
f 8853 8854 8906
f 8855 8856 8905
f 8865 8866 8900
f 8813 8853 8906
f 8850 8851 8813
f 8813 8907 8850
f 8852 8813 8851
f 8907 8908 8848
f 8909 8910 8844
f 8908 8909 8846
f 8910 8843 8844
f 8907 8849 8850
f 8845 8846 8909
f 8847 8848 8908
f 8910 8911 8842
f 8912 8913 8838
f 8913 8914 8836
f 8915 8916 8832
f 8917 8918 8828
f 8916 8917 8830
f 8914 8915 8834
f 8919 8920 8824
f 8920 8921 8822
f 8922 8923 8818
f 8923 8814 8816
f 8921 8922 8820
f 8918 8919 8826
f 8911 8912 8840
f 8889 8816 8814
f 8911 8841 8842
f 8912 8839 8840
f 8913 8837 8838
f 8914 8835 8836
f 8831 8832 8916
f 8833 8834 8915
f 8918 8827 8828
f 8919 8825 8826
f 8920 8823 8824
f 8921 8821 8822
f 8922 8819 8820
f 8923 8817 8818
f 8889 8815 8816
f 8829 8830 8917
f 8968 8969 8959
f 8970 8971 8958
f 8970 8959 8969
f 8971 8972 8957
f 8965 8963 8964
f 8967 8961 8966
f 8963 8965 8966
f 8967 8968 8961
f 8973 8956 8972
f 8979 8949 8978
f 8981 8948 8980
f 8948 8979 8980
f 8982 8946 8981
f 8975 8953 8974
f 8951 8976 8977
f 8975 8976 8952
f 8978 8951 8977
f 8974 8954 8973
f 8983 8946 8982
f 8962 8963 8966
f 8966 8961 8962
f 8961 8968 8960
f 8968 8959 8960
f 8959 8970 8958
f 8957 8958 8971
f 8972 8956 8957
f 8973 8955 8956
f 8973 8954 8955
f 8954 8974 8953
f 8952 8953 8975
f 8976 8951 8952
f 8950 8951 8978
f 8978 8949 8950
f 8949 8979 8948
f 8947 8948 8981
f 8946 8947 8981
f 8983 8945 8946
f 8945 8983 8944
f 8944 8983 8984
f 8943 8984 8985
f 8941 8986 8987
f 8985 8986 8943
f 8987 8988 8941
f 8989 8990 8938
f 8991 8992 8936
f 8991 8937 8990
f 8989 8940 8988
f 8935 8992 8993
f 8994 8995 8933
f 8996 8997 8932
f 8996 8933 8995
f 8998 8931 8997
f 9000 8928 8999
f 9002 8926 9001
f 8928 9000 9001
f 8929 8998 8999
f 8934 8993 8994
f 8926 9002 9003
f 8991 8936 8937
f 8935 8993 8934
f 8936 8992 8935
f 8941 8942 8986
f 8940 8989 8939
f 8988 8940 8941
f 8938 8939 8989
f 8986 8942 8943
f 8927 8928 9001
f 8926 9003 8925
f 9001 8926 8927
f 8928 8929 8999
f 8933 8996 8932
f 8998 8930 8931
f 8931 8932 8997
f 8930 8998 8929
f 8994 8933 8934
f 8924 8925 9003
f 8944 8984 8943
f 9060 9007 9059
f 9061 9008 9007
f 9062 9009 9008
f 9063 9010 9062
f 9064 9011 9063
f 9065 9012 9011
f 9066 9013 9012
f 9067 9014 9013
f 9068 9015 9014
f 9069 9016 9015
f 9070 9017 9016
f 9071 9018 9017
f 9072 9019 9018
f 9073 9020 9072
f 9074 9021 9073
f 9075 9022 9074
f 9076 9023 9075
f 9077 9024 9023
f 9078 9025 9024
f 9079 9026 9025
f 9080 9027 9079
f 9081 9028 9080
f 9082 9029 9081
f 9083 9030 9082
f 9084 9031 9083
f 9085 9032 9084
f 9086 9033 9085
f 9087 9034 9033
f 9088 9035 9034
f 9089 9036 9035
f 9090 9037 9089
f 9091 9038 9090
f 9092 9039 9091
f 9093 9040 9039
f 9094 9041 9040
f 9095 9042 9094
f 9096 9043 9042
f 9097 9044 9043
f 9098 9045 9097
f 9099 9046 9098
f 9100 9047 9099
f 9101 9048 9100
f 9102 9049 9101
f 9103 9050 9102
f 9104 9051 9050
f 9105 9052 9051
f 9106 9053 9052
f 9107 9054 9053
f 9108 9055 9107
f 9109 9056 9108
f 9110 9057 9109
f 9111 9058 9110
f 9113 9060 9059
f 9114 9061 9060
f 9115 9062 9061
f 9116 9063 9062
f 9117 9064 9063
f 9118 9065 9117
f 9119 9066 9118
f 9120 9067 9119
f 9121 9068 9120
f 9122 9069 9121
f 9123 9070 9122
f 9124 9071 9123
f 9125 9072 9124
f 9126 9073 9072
f 9127 9074 9073
f 9128 9075 9127
f 9129 9076 9128
f 9130 9077 9076
f 9131 9078 9077
f 9132 9079 9078
f 9133 9080 9079
f 9134 9081 9080
f 9135 9082 9081
f 9136 9083 9135
f 9137 9084 9083
f 9138 9085 9137
f 9139 9086 9138
f 9140 9087 9139
f 9141 9088 9140
f 9142 9089 9141
f 9143 9090 9142
f 9144 9091 9090
f 9145 9092 9144
f 9146 9093 9145
f 9147 9094 9093
f 9148 9095 9147
f 9149 9096 9095
f 9150 9097 9149
f 9151 9098 9097
f 9152 9099 9098
f 9153 9100 9099
f 9154 9101 9153
f 9155 9102 9101
f 9156 9103 9102
f 9157 9104 9103
f 9158 9105 9104
f 9159 9106 9158
f 9160 9107 9159
f 9161 9108 9107
f 9162 9109 9108
f 9163 9110 9109
f 9164 9111 9110
f 9166 9113 9165
f 9167 9114 9166
f 9168 9115 9167
f 9169 9116 9168
f 9170 9117 9116
f 9171 9118 9117
f 9172 9119 9171
f 9173 9120 9119
f 9174 9121 9173
f 9175 9122 9174
f 9176 9123 9175
f 9177 9124 9176
f 9178 9125 9177
f 9179 9126 9178
f 9180 9127 9126
f 9181 9128 9127
f 9182 9129 9128
f 9183 9130 9182
f 9184 9131 9183
f 9185 9132 9131
f 9186 9133 9132
f 9187 9134 9186
f 9188 9135 9134
f 9189 9136 9188
f 9190 9137 9136
f 9191 9138 9137
f 9192 9139 9191
f 9193 9140 9139
f 9194 9141 9193
f 9195 9142 9194
f 9196 9143 9142
f 9197 9144 9196
f 9198 9145 9144
f 9199 9146 9145
f 9200 9147 9199
f 9201 9148 9200
f 9202 9149 9148
f 9203 9150 9202
f 9204 9151 9150
f 9205 9152 9151
f 9206 9153 9152
f 9207 9154 9153
f 9208 9155 9207
f 9209 9156 9208
f 9210 9157 9156
f 9211 9158 9210
f 9212 9159 9211
f 9213 9160 9159
f 9214 9161 9160
f 9215 9162 9214
f 9216 9163 9215
f 9217 9164 9216
f 9219 9166 9165
f 9220 9167 9166
f 9221 9168 9167
f 9222 9169 9168
f 9223 9170 9222
f 9224 9171 9170
f 9225 9172 9171
f 9226 9173 9172
f 9227 9174 9226
f 9228 9175 9174
f 9229 9176 9175
f 9230 9177 9176
f 9231 9178 9177
f 9232 9179 9231
f 9233 9180 9232
f 9234 9181 9233
f 9235 9182 9181
f 9236 9183 9182
f 9237 9184 9236
f 9238 9185 9237
f 9239 9186 9185
f 9240 9187 9186
f 9241 9188 9187
f 9242 9189 9188
f 9243 9190 9189
f 9244 9191 9190
f 9245 9192 9244
f 9246 9193 9192
f 9247 9194 9246
f 9248 9195 9247
f 9249 9196 9195
f 9250 9197 9249
f 9251 9198 9197
f 9252 9199 9198
f 9253 9200 9252
f 9254 9201 9200
f 9255 9202 9254
f 9256 9203 9255
f 9257 9204 9256
f 9258 9205 9257
f 9259 9206 9258
f 9260 9207 9259
f 9261 9208 9260
f 9262 9209 9208
f 9263 9210 9262
f 9264 9211 9210
f 9265 9212 9211
f 9266 9213 9265
f 9267 9214 9266
f 9268 9215 9267
f 9269 9216 9268
f 9270 9217 9269
f 9272 9219 9271
f 9273 9220 9272
f 9274 9221 9273
f 9275 9222 9221
f 9276 9223 9222
f 9277 9224 9276
f 9278 9225 9277
f 9279 9226 9225
f 9280 9227 9226
f 9281 9228 9227
f 9282 9229 9228
f 9283 9230 9229
f 9284 9231 9230
f 9285 9232 9284
f 9286 9233 9285
f 9287 9234 9286
f 9288 9235 9287
f 9289 9236 9235
f 9290 9237 9289
f 9291 9238 9290
f 9292 9239 9238
f 9293 9240 9292
f 9294 9241 9240
f 9295 9242 9294
f 9296 9243 9295
f 9297 9244 9243
f 9298 9245 9244
f 9299 9246 9245
f 9300 9247 9299
f 9301 9248 9300
f 9302 9249 9301
f 9303 9250 9302
f 9304 9251 9250
f 9305 9252 9251
f 9306 9253 9305
f 9307 9254 9253
f 9308 9255 9307
f 9309 9256 9308
f 9310 9257 9256
f 9311 9258 9257
f 9312 9259 9311
f 9313 9260 9259
f 9314 9261 9313
f 9315 9262 9261
f 9316 9263 9315
f 9317 9264 9316
f 9318 9265 9317
f 9319 9266 9265
f 9320 9267 9266
f 9321 9268 9267
f 9322 9269 9268
f 9323 9270 9322
f 9325 9272 9271
f 9326 9273 9272
f 9327 9274 9273
f 9328 9275 9327
f 9329 9276 9328
f 9330 9277 9276
f 9331 9278 9277
f 9332 9279 9278
f 9333 9280 9332
f 9334 9281 9333
f 9335 9282 9334
f 9336 9283 9335
f 9337 9284 9336
f 9338 9285 9284
f 9339 9286 9338
f 9340 9287 9286
f 9341 9288 9287
f 9342 9289 9341
f 9343 9290 9342
f 9344 9291 9343
f 9345 9292 9291
f 9346 9293 9345
f 9347 9294 9346
f 9348 9295 9347
f 9349 9296 9348
f 9350 9297 9349
f 9351 9298 9297
f 9352 9299 9298
f 9353 9300 9352
f 9354 9301 9353
f 9355 9302 9301
f 9356 9303 9302
f 9357 9304 9303
f 9358 9305 9357
f 9359 9306 9358
f 9360 9307 9359
f 9361 9308 9360
f 9362 9309 9308
f 9363 9310 9309
f 9364 9311 9363
f 9365 9312 9364
f 9366 9313 9312
f 9367 9314 9366
f 9368 9315 9314
f 9369 9316 9368
f 9370 9317 9316
f 9371 9318 9317
f 9372 9319 9318
f 9373 9320 9372
f 9374 9321 9373
f 9375 9322 9321
f 9376 9323 9322
f 9441 9521 9004
f 9007 9519 9520
f 9520 9521 9006
f 9008 9517 9518
f 9009 9515 9516
f 9516 9517 9008
f 9518 9519 9007
f 9010 9513 9514
f 9511 9512 9012
f 9512 9513 9011
f 9509 9510 9014
f 9507 9508 9016
f 9508 9509 9015
f 9510 9511 9013
f 9514 9515 9009
f 9505 9506 9017
f 9019 9503 9504
f 9504 9505 9018
f 9501 9502 9021
f 9022 9499 9500
f 9500 9501 9021
f 9502 9503 9020
f 9497 9498 9024
f 9025 9495 9496
f 9496 9497 9024
f 9493 9494 9026
f 9028 9491 9492
f 9492 9493 9027
f 9494 9495 9026
f 9498 9499 9023
f 9506 9507 9016
f 9520 9006 9007
f 9441 9442 9006
f 9007 9008 9518
f 9516 9008 9009
f 9513 9010 9011
f 9504 9018 9019
f 9022 9023 9499
f 9029 9489 9490
f 9489 9030 9488
f 9486 9487 9031
f 9487 9488 9031
f 9025 9026 9495
f 9028 9029 9491
f 9489 9029 9030
f 9027 9028 9492
f 9441 9006 9521
f 9484 9485 9033
f 9034 9482 9483
f 9483 9484 9033
f 9480 9481 9035
f 9037 9478 9479
f 9479 9480 9036
f 9481 9482 9035
f 9038 9476 9477
f 9474 9475 9040
f 9475 9476 9039
f 9041 9472 9473
f 9470 9471 9043
f 9471 9472 9042
f 9473 9474 9040
f 9477 9478 9038
f 9468 9469 9044
f 9046 9466 9467
f 9467 9468 9045
f 9464 9465 9048
f 9462 9463 9049
f 9463 9464 9048
f 9465 9466 9047
f 9460 9461 9051
f 9053 9458 9459
f 9459 9460 9052
f 9456 9457 9055
f 9056 9454 9455
f 9056 9453 9454
f 9455 9456 9055
f 9457 9458 9054
f 9461 9462 9050
f 9469 9470 9043
f 9034 9035 9482
f 9038 9039 9476
f 9036 9037 9479
f 9041 9042 9472
f 9045 9046 9467
f 9452 9057 9451
f 9058 9440 9450
f 9450 9440 9005
f 9451 9058 9450
f 9053 9054 9458
f 9056 9057 9453
f 9058 9111 9439
f 9451 9057 9058
f 9055 9056 9455
f 9032 9485 9486
f 9112 9443 9444
f 9445 9446 9165
f 9444 9445 9165
f 9443 9112 9059
f 9218 9446 9447
f 9442 9443 9059
f 9448 9271 9447
f 9324 9271 9448
f 9326 9325 9380
f 9328 9327 9381
f 9327 9326 9380
f 9325 9324 9378
f 9447 9271 9218
f 9330 9329 9383
f 9332 9331 9386
f 9331 9330 9384
f 9334 9333 9388
f 9336 9335 9389
f 9335 9334 9389
f 9333 9332 9387
f 9338 9337 9391
f 9340 9339 9393
f 9339 9338 9393
f 9342 9341 9395
f 9344 9343 9397
f 9345 9344 9398
f 9343 9342 9396
f 9341 9340 9395
f 9337 9336 9391
f 9329 9328 9383
f 9449 9377 9378
f 9347 9346 9400
f 9348 9347 9402
f 9350 9349 9403
f 9349 9348 9403
f 9399 9400 9345
f 9352 9351 9406
f 9354 9353 9407
f 9353 9352 9406
f 9356 9355 9409
f 9358 9357 9411
f 9357 9356 9410
f 9355 9354 9409
f 9360 9359 9414
f 9362 9361 9416
f 9361 9360 9415
f 9364 9363 9418
f 9366 9365 9420
f 9365 9364 9418
f 9363 9362 9416
f 9359 9358 9413
f 9111 9164 9438
f 9217 9270 9435
f 9164 9217 9437
f 9435 9270 9434
f 9439 9111 9438
f 9368 9367 9422
f 9370 9369 9423
f 9369 9368 9422
f 9433 9434 9323
f 9434 9270 9323
f 9323 9376 9433
f 9372 9371 9425
f 9371 9370 9424
f 9367 9366 9420
f 9374 9373 9428
f 9375 9374 9429
f 9376 9430 9432
f 9376 9375 9429
f 9373 9372 9426
f 9404 9405 9351
f 9529 9633 9530
f 9530 9633 9531
f 9633 9534 9533
f 9533 9532 9633
f 9531 9633 9532
f 9633 9529 9528
f 9523 9635 9524
f 9524 9635 9525
f 9633 9528 9527
f 9633 9527 9526
f 9525 9635 9526
f 9523 9522 9635
f 9534 9633 9535
f 9542 9633 9543
f 9543 9633 9544
f 9552 9546 9633
f 9546 9545 9633
f 9544 9633 9545
f 9551 9547 9546
f 9537 9536 9633
f 9538 9537 9633
f 9633 9541 9540
f 9538 9633 9539
f 9540 9539 9633
f 9633 9542 9541
f 9535 9633 9536
f 9633 9526 9635
f 9626 9625 9630
f 9635 9627 9626
f 9623 9630 9624
f 9622 9630 9623
f 9624 9630 9625
f 9628 9627 9635
f 9630 9620 9619
f 9620 9630 9621
f 9618 9617 9630
f 9617 9616 9630
f 9619 9618 9630
f 9622 9621 9630
f 9635 9629 9628
f 9630 9615 9614
f 9635 9626 9630
f 9630 9616 9615
f 9612 9630 9613
f 9614 9613 9630
f 9630 9612 9611
f 9611 9610 9630
f 9630 9609 9608
f 9630 9608 9607
f 9609 9630 9610
f 9600 9606 9605
f 9604 9603 9602
f 9606 9630 9607
f 9604 9602 9605
f 9630 9606 9631
f 9635 9522 9629
f 9548 9547 9551
f 9548 9551 9550
f 9546 9552 9551
f 9553 9552 9632
f 9632 9554 9553
f 9552 9633 9632
f 9555 9554 9632
f 9557 9556 9632
f 9555 9632 9556
f 9558 9557 9632
f 9632 9560 9559
f 9560 9632 9561
f 9559 9558 9632
f 9562 9561 9632
f 9632 9564 9563
f 9632 9565 9564
f 9566 9632 9567
f 9568 9567 9632
f 9632 9566 9565
f 9632 9569 9568
f 9570 9632 9571
f 9571 9632 9572
f 9572 9634 9573
f 9574 9573 9634
f 9632 9634 9572
f 9632 9570 9569
f 9632 9563 9562
f 9575 9574 9634
f 9595 9594 9631
f 9593 9631 9594
f 9596 9595 9631
f 9631 9592 9591
f 9634 9631 9580
f 9592 9631 9593
f 9590 9631 9591
f 9605 9602 9601
f 9605 9601 9600
f 9599 9598 9631
f 9600 9599 9631
f 9598 9597 9631
f 9597 9596 9631
f 9606 9600 9631
f 9582 9581 9631
f 9580 9631 9581
f 9578 9634 9579
f 9579 9634 9580
f 9577 9634 9578
f 9631 9583 9582
f 9588 9631 9589
f 9589 9631 9590
f 9588 9587 9631
f 9586 9585 9631
f 9587 9586 9631
f 9585 9584 9631
f 9631 9584 9583
f 9576 9634 9577
f 9576 9575 9634
f 9549 9548 9550
f 9638 9636 9639
f 9640 9638 9637
f 9639 9637 9638
f 9645 9642 9641
f 9643 9645 9644
f 9641 9644 9645
f 9649 9646 9648
f 9650 9649 9647
f 9648 9647 9649
f 9653 9654 9651
f 9655 9653 9652
f 9651 9652 9653
f 9659 9656 9660
f 9657 9659 9658
f 9660 9658 9659
f 9664 9661 9663
f 9665 9664 9662
f 9663 9662 9664
f 9673 9672 9671
f 9673 9671 9670
f 9673 9675 9674
f 9673 9674 9666
f 9668 9673 9669
f 9670 9669 9673
f 9667 9673 9668
f 9673 9667 9677
f 9673 9677 9676
f 9676 9675 9673
f 9687 9688 9686
f 9687 9685 9684
f 9687 9684 9683
f 9685 9687 9686
f 9681 9687 9682
f 9683 9682 9687
f 9680 9687 9681
f 9687 9680 9679
f 9687 9679 9678
f 9690 9695 9694
f 9690 9693 9692
f 9690 9692 9691
f 9693 9690 9694
f 9690 9689 9699
f 9690 9699 9698
f 9690 9697 9696
f 9698 9697 9690
f 9695 9690 9696
f 9702 9703 9700
f 9702 9705 9704
f 9706 9705 9702
f 9703 9702 9704
f 9702 9708 9707
f 9702 9707 9706
f 9702 9701 9710
f 9702 9710 9709
f 9702 9709 9708
f 9718 9716 9715
f 9718 9715 9714
f 9720 9719 9718
f 9716 9718 9719
f 9721 9720 9718
f 9713 9718 9714
f 9718 9713 9712
f 9718 9712 9711
f 9718 9717 9722
f 9718 9722 9721
f 9729 9733 9730
f 9731 9730 9733
f 9733 9723 9732
f 9733 9732 9731
f 9733 9726 9725
f 9733 9725 9724
f 9733 9729 9728
f 9733 9728 9727
f 9733 9727 9726
f 9738 9735 9736
f 9740 9737 9738
f 9742 9739 9740
f 9744 9741 9742
f 9746 9743 9744
f 9748 9745 9746
f 9750 9747 9748
f 9752 9749 9750
f 9754 9751 9752
f 9756 9753 9754
f 9758 9755 9756
f 9760 9757 9758
f 9762 9759 9760
f 9764 9761 9762
f 9766 9763 9764
f 9768 9765 9766
f 9770 9767 9768
f 9772 9769 9770
f 9774 9771 9772
f 9776 9773 9774
f 9778 9775 9776
f 9780 9777 9778
f 9782 9779 9780
f 9784 9781 9782
f 9786 9783 9784
f 9788 9785 9786
f 9790 9787 9788
f 9792 9789 9790
f 9794 9791 9792
f 9796 9793 9794
f 9800 9736 9735
f 9799 9736 9800
f 9738 9806 9740
f 9742 9804 9744
f 9740 9805 9742
f 9736 9807 9738
f 9816 9748 9746
f 9750 9815 9814
f 9748 9816 9815
f 9754 9813 9756
f 9811 9760 9758
f 9810 9762 9760
f 9756 9812 9758
f 9752 9814 9813
f 9803 9746 9744
f 9807 9799 9798
f 9736 9799 9807
f 9746 9803 9816
f 9808 9766 9764
f 9810 9760 9811
f 9809 9764 9762
f 9768 9825 9770
f 9823 9774 9772
f 9824 9772 9770
f 9776 9822 9821
f 9780 9820 9782
f 9778 9821 9780
f 9774 9823 9822
f 9797 9796 9801
f 9817 9788 9786
f 9790 9830 9829
f 9792 9829 9828
f 9788 9817 9830
f 9818 9786 9784
f 9782 9819 9784
f 9825 9768 9808
f 9823 9772 9824
f 9817 9786 9818
f 9801 9796 9802
f 9802 9796 9827
f 9827 9796 9794
f 9802 9827 9826
f 7661 7607 7660
f 7662 7608 7661
f 7663 7609 7662
f 7664 7610 7663
f 7665 7611 7664
f 7613 7612 7665
f 7614 7613 7666
f 7615 7614 7667
f 7616 7615 7668
f 7617 7616 7669
f 7618 7617 7670
f 7619 7618 7671
f 7673 7619 7672
f 7674 7620 7673
f 7675 7621 7674
f 7623 7622 7675
f 7624 7623 7676
f 7678 7624 7677
f 7626 7625 7678
f 7627 7626 7679
f 7628 7627 7680
f 7682 7628 7681
f 7630 7629 7682
f 7631 7630 7683
f 7632 7631 7684
f 7686 7632 7685
f 7687 7633 7686
f 7688 7634 7687
f 7636 7635 7688
f 7637 7636 7689
f 7691 7637 7690
f 7692 7638 7691
f 7640 7639 7692
f 7641 7640 7693
f 7695 7641 7694
f 7696 7642 7695
f 7644 7643 7696
f 7645 7644 7697
f 7699 7645 7698
f 7700 7646 7699
f 7701 7647 7700
f 7649 7648 7701
f 7703 7649 7702
f 7704 7650 7703
f 7705 7651 7704
f 7706 7652 7705
f 7707 7653 7706
f 7708 7654 7707
f 7709 7655 7708
f 7710 7656 7709
f 7658 7657 7710
f 7659 7658 7711
f 7661 7660 7713
f 7662 7661 7714
f 7663 7662 7715
f 7664 7663 7716
f 7718 7664 7717
f 7719 7665 7718
f 7720 7666 7719
f 7721 7667 7720
f 7722 7668 7721
f 7670 7669 7722
f 7724 7670 7723
f 7725 7671 7724
f 7673 7672 7725
f 7674 7673 7726
f 7675 7674 7727
f 7676 7675 7728
f 7677 7676 7729
f 7731 7677 7730
f 7679 7678 7731
f 7733 7679 7732
f 7734 7680 7733
f 7735 7681 7734
f 7736 7682 7735
f 7684 7683 7736
f 7738 7684 7737
f 7686 7685 7738
f 7687 7686 7739
f 7688 7687 7740
f 7742 7688 7741
f 7690 7689 7742
f 7744 7690 7743
f 7745 7691 7744
f 7693 7692 7745
f 7747 7693 7746
f 7748 7694 7747
f 7749 7695 7748
f 7697 7696 7749
f 7751 7697 7750
f 7752 7698 7751
f 7700 7699 7752
f 7701 7700 7753
f 7702 7701 7754
f 7703 7702 7755
f 7704 7703 7756
f 7705 7704 7757
f 7759 7705 7758
f 7707 7706 7759
f 7708 7707 7760
f 7709 7708 7761
f 7710 7709 7762
f 7764 7710 7763
f 7765 7711 7764
f 7768 7713 7767
f 7715 7714 7768
f 7770 7715 7769
f 7771 7716 7770
f 7718 7717 7771
f 7719 7718 7772
f 7720 7719 7773
f 7775 7720 7774
f 7776 7721 7775
f 7777 7722 7776
f 7724 7723 7777
f 7725 7724 7778
f 7780 7725 7779
f 7781 7726 7780
f 7782 7727 7781
f 7783 7728 7782
f 7730 7729 7783
f 7785 7730 7784
f 7786 7731 7785
f 7733 7732 7786
f 7734 7733 7787
f 7735 7734 7788
f 7790 7735 7789
f 7737 7736 7790
f 7792 7737 7791
f 7739 7738 7792
f 7794 7739 7793
f 7741 7740 7794
f 7796 7741 7795
f 7743 7742 7796
f 7798 7743 7797
f 7799 7744 7798
f 7746 7745 7799
f 7801 7746 7800
f 7748 7747 7801
f 7749 7748 7802
f 7750 7749 7803
f 7751 7750 7804
f 7752 7751 7805
f 7807 7752 7806
f 7808 7753 7807
f 7809 7754 7808
f 7756 7755 7809
f 7757 7756 7810
f 7812 7757 7811
f 7813 7758 7812
f 7760 7759 7813
f 7815 7760 7814
f 7816 7761 7815
f 7817 7762 7816
f 7818 7763 7817
f 7819 7764 7818
f 7768 7767 7820
f 7769 7768 7821
f 7823 7769 7822
f 7824 7770 7823
f 7825 7771 7824
f 7826 7772 7825
f 7827 7773 7826
f 7828 7774 7827
f 7776 7775 7828
f 7830 7776 7829
f 7831 7777 7830
f 7832 7778 7831
f 7833 7779 7832
f 7834 7780 7833
f 7835 7781 7834
f 7836 7782 7835
f 7837 7783 7836
f 7785 7784 7837
f 7839 7785 7838
f 7787 7786 7839
f 7788 7787 7840
f 7842 7788 7841
f 7790 7789 7842
f 7844 7790 7843
f 7845 7791 7844
f 7793 7792 7845
f 7847 7793 7846
f 7795 7794 7847
f 7849 7795 7848
f 7850 7796 7849
f 7798 7797 7850
f 7852 7798 7851
f 7800 7799 7852
f 7854 7800 7853
f 7855 7801 7854
f 7856 7802 7855
f 7804 7803 7856
f 7858 7804 7857
f 7859 7805 7858
f 7860 7806 7859
f 7861 7807 7860
f 7862 7808 7861
f 7863 7809 7862
f 7864 7810 7863
f 7865 7811 7864
f 7813 7812 7865
f 7814 7813 7866
f 7868 7814 7867
f 7869 7815 7868
f 7870 7816 7869
f 7871 7817 7870
f 7819 7818 7871
f 7821 7820 7873
f 7875 7821 7874
f 7823 7822 7875
f 7824 7823 7876
f 7825 7824 7877
f 7826 7825 7878
f 7827 7826 7879
f 7828 7827 7880
f 7882 7828 7881
f 7883 7829 7882
f 7831 7830 7883
f 7832 7831 7884
f 7833 7832 7885
f 7834 7833 7886
f 7835 7834 7887
f 7836 7835 7888
f 7890 7836 7889
f 7891 7837 7890
f 7839 7838 7891
f 7840 7839 7892
f 7841 7840 7893
f 7895 7841 7894
f 7843 7842 7895
f 7897 7843 7896
f 7845 7844 7897
f 7846 7845 7898
f 7900 7846 7899
f 7848 7847 7900
f 7902 7848 7901
f 7850 7849 7902
f 7904 7850 7903
f 7905 7851 7904
f 7853 7852 7905
f 7907 7853 7906
f 7855 7854 7907
f 7909 7855 7908
f 7857 7856 7909
f 7911 7857 7910
f 7859 7858 7911
f 7860 7859 7912
f 7914 7860 7913
f 7862 7861 7914
f 7863 7862 7915
f 7917 7863 7916
f 7918 7864 7917
f 7866 7865 7918
f 7867 7866 7919
f 7868 7867 7920
f 7869 7868 7921
f 7870 7869 7922
f 7871 7870 7923
f 7925 7871 7924
f 7927 7873 7926
f 7928 7874 7927
f 7929 7875 7928
f 7930 7876 7929
f 7931 7877 7930
f 7879 7878 7931
f 7880 7879 7932
f 7934 7880 7933
f 7882 7881 7934
f 7883 7882 7935
f 7937 7883 7936
f 7885 7884 7937
f 7886 7885 7938
f 7940 7886 7939
f 7941 7887 7940
f 7942 7888 7941
f 7890 7889 7942
f 7944 7890 7943
f 7945 7891 7944
f 7946 7892 7945
f 7894 7893 7946
f 7948 7894 7947
f 7896 7895 7948
f 7897 7896 7949
f 7951 7897 7950
f 7899 7898 7951
f 7900 7899 7952
f 7954 7900 7953
f 7902 7901 7954
f 7903 7902 7955
f 7957 7903 7956
f 7905 7904 7957
f 7906 7905 7958
f 7907 7906 7959
f 7961 7907 7960
f 7962 7908 7961
f 7910 7909 7962
f 7964 7910 7963
f 7912 7911 7964
f 7913 7912 7965
f 7914 7913 7966
f 7915 7914 7967
f 7916 7915 7968
f 7917 7916 7969
f 7918 7917 7970
f 7919 7918 7971
f 7973 7919 7972
f 7974 7920 7973
f 7975 7921 7974
f 7976 7922 7975
f 7977 7923 7976
f 7925 7924 7977
f 8113 7612 7613
f 8111 7614 7615
f 8109 7616 7617
f 8110 7615 7616
f 8112 7613 7614
f 8115 7610 7611
f 8106 7618 7619
f 8103 7621 7622
f 8101 7622 7623
f 8104 7620 7621
f 8099 7624 7625
f 8097 7625 7626
f 8094 7627 7628
f 8107 7617 7618
f 8035 7660 7607
f 8087 7632 7633
f 8089 7631 7632
f 7630 8091 8092
f 8086 7633 7634
f 8084 7634 7635
f 8081 7636 7637
f 8076 7640 7641
f 8072 7643 7644
f 8074 7641 7642
f 8079 7638 7639
f 8069 7645 7646
f 8066 7648 7649
f 8063 7650 7651
f 8064 7649 7650
f 8067 7647 7648
f 8061 7652 7653
f 8060 7653 7654
f 8058 7655 7656
f 8062 7651 7652
f 8070 7644 7645
f 7658 8053 8054
f 7659 8049 8050
f 8038 7820 7767
f 8037 7767 7713
f 7926 8040 8041
f 7928 7981 7982
f 7929 7983 7984
f 7929 7982 7983
f 7926 7980 7981
f 7931 7985 7986
f 7934 7987 7988
f 7932 7986 7987
f 7936 7989 7990
f 7937 7991 7992
f 7937 7990 7991
f 7935 7988 7989
f 7940 7993 7994
f 7941 7995 7996
f 7940 7994 7995
f 7944 7997 7998
f 7945 7999 8000
f 7947 8000 8001
f 7945 7998 7999
f 7942 7996 7997
f 7939 7992 7993
f 7930 7984 7985
f 8041 7980 7926
f 7948 8002 8003
f 7950 8003 8004
f 7951 8005 8006
f 7950 8004 8005
f 8001 7948 7947
f 7953 8007 8008
f 7955 8009 8010
f 7954 8008 8009
f 7958 8011 8012
f 7959 8013 8014
f 7959 8012 8013
f 7957 8010 8011
f 7962 8015 8016
f 7963 8017 8018
f 7963 8016 8017
f 7965 8019 8020
f 7967 8021 8022
f 7967 8020 8021
f 7965 8018 8019
f 7960 8014 8015
f 7765 8047 8048
f 7819 8045 8046
f 7819 8046 8047
f 7969 8023 8024
f 7972 8025 8026
f 7971 8024 8025
f 7978 8042 8043
f 7973 8027 8028
f 7972 8026 8027
f 7968 8022 8023
f 7976 8029 8030
f 7977 8030 8031
f 8032 8033 8042
f 7977 8031 8032
f 7975 8028 8029
f 8006 7953 7952
f 8128 8194 8195
f 8132 8192 8193
f 8136 8189 8190
f 8140 8187 8188
f 8144 8184 8185
f 8183 8147 8148
f 8151 8180 8181
f 8155 8177 8178
f 8159 8175 8176
f 8163 8172 8173
f 8167 8170 8171
f 8171 8165 8166
f 8249 8285 8284
f 8252 8286 8287
f 8250 8287 8285
f 8284 8245 8246
f 8285 8243 8244
f 8288 8239 8240
f 8286 8252 8253
f 8286 8240 8241
f 8285 8242 8243
f 8254 8289 8288
f 8255 8290 8289
f 8290 8200 8256
f 8259 8293 8294
f 8290 8236 8237
f 8261 8295 8293
f 8258 8294 8292
f 8298 8264 8201
f 8288 8238 8239
f 8291 8235 8236
f 8234 8291 8292
f 8294 8232 8233
f 8293 8231 8232
f 8297 8228 8229
f 8293 8230 8231
f 8296 8227 8228
f 8268 8301 8302
f 8270 8303 8301
f 8267 8302 8300
f 8299 8224 8225
f 8298 8201 8265
f 8299 8223 8224
f 8301 8220 8221
f 8303 8218 8219
f 8301 8219 8220
f 8300 8222 8223
f 8272 8305 8304
f 8273 8306 8305
f 8306 8274 8275
f 8278 8309 8310
f 8305 8215 8216
f 8280 8311 8309
f 8277 8310 8308
f 8282 8312 8313
f 8283 8203 8312
f 8305 8216 8217
f 8308 8212 8213
f 8306 8214 8215
f 8211 8308 8310
f 8310 8210 8211
f 8311 8208 8209
f 8313 8206 8207
f 8311 8207 8208
f 8203 8204 8205
f 8323 8420 8421
f 8322 8422 8423
f 8325 8416 8417
f 8327 8412 8413
f 8316 8408 8409
f 8328 8410 8411
f 8326 8414 8415
f 8330 8404 8405
f 8331 8402 8403
f 8333 8398 8399
f 8335 8394 8395
f 8334 8396 8397
f 8332 8400 8401
f 8329 8406 8407
f 8336 8392 8393
f 8337 8386 8387
f 8339 8382 8383
f 8338 8384 8385
f 8340 8380 8381
f 8342 8376 8377
f 8343 8374 8375
f 8318 8370 8371
f 8346 8366 8367
f 8345 8368 8369
f 8344 8372 8373
f 8348 8362 8363
f 8349 8360 8361
f 8351 8356 8357
f 8352 8354 8355
f 8350 8358 8359
f 8347 8364 8365
f 8341 8378 8379
f 8499 8498 8433
f 8497 8496 8437
f 8498 8497 8435
f 8500 8499 8431
f 8443 8507 8445
f 8441 8508 8443
f 8506 8505 8449
f 8505 8504 8451
f 8445 8506 8447
f 8501 8457 8502
f 8502 8455 8503
f 8518 8517 8463
f 8469 8514 8471
f 8513 8512 8475
f 8514 8513 8473
f 8467 8515 8469
f 8483 8522 8485
f 8485 8521 8487
f 8481 8523 8483
f 8512 8511 8477
f 8461 8459 8501
f 8520 8487 8521
f 8531 8596 8597
f 8535 8594 8595
f 8539 8591 8592
f 8543 8589 8590
f 8547 8586 8587
f 8551 8584 8585
f 8554 8582 8583
f 8558 8579 8580
f 8562 8577 8578
f 8566 8574 8575
f 8570 8572 8573
f 8573 8568 8569
f 8773 8771 8772
f 8774 8770 8771
f 8776 8768 8769
f 8775 8769 8770
f 8777 8767 8768
f 8778 8766 8767
f 8780 8764 8765
f 8781 8763 8764
f 8783 8761 8762
f 8784 8760 8761
f 8782 8762 8763
f 8785 8758 8759
f 8786 8757 8758
f 8788 8755 8756
f 8789 8754 8755
f 8787 8756 8757
f 8785 8759 8760
f 8790 8753 8754
f 8752 8791 8726
f 8792 8750 8751
f 8794 8748 8749
f 8795 8747 8748
f 8793 8749 8750
f 8797 8745 8746
f 8798 8744 8745
f 8799 8742 8743
f 8800 8741 8742
f 8798 8743 8744
f 8796 8746 8747
f 8802 8739 8740
f 8805 8736 8737
f 8806 8735 8736
f 8803 8738 8739
f 8808 8733 8734
f 8809 8732 8733
f 8810 8731 8732
f 8807 8734 8735
f 8801 8740 8741
f 8892 8882 8883
f 8891 8884 8885
f 8894 8878 8879
f 8896 8874 8875
f 8898 8870 8871
f 8897 8872 8873
f 8895 8876 8877
f 8900 8866 8867
f 8901 8864 8865
f 8903 8860 8861
f 8905 8856 8857
f 8904 8858 8859
f 8902 8862 8863
f 8899 8868 8869
f 8906 8854 8855
f 8907 8848 8849
f 8909 8844 8845
f 8908 8846 8847
f 8910 8842 8843
f 8912 8838 8839
f 8913 8836 8837
f 8915 8832 8833
f 8917 8828 8829
f 8916 8830 8831
f 8914 8834 8835
f 8919 8824 8825
f 8920 8822 8823
f 8922 8818 8819
f 8923 8816 8817
f 8921 8820 8821
f 8918 8826 8827
f 8911 8840 8841
f 8937 8938 8990
f 9007 9006 9059
f 9061 9007 9060
f 9062 9008 9061
f 9010 9009 9062
f 9011 9010 9063
f 9065 9011 9064
f 9066 9012 9065
f 9067 9013 9066
f 9068 9014 9067
f 9069 9015 9068
f 9070 9016 9069
f 9071 9017 9070
f 9072 9018 9071
f 9020 9019 9072
f 9021 9020 9073
f 9022 9021 9074
f 9023 9022 9075
f 9077 9023 9076
f 9078 9024 9077
f 9079 9025 9078
f 9027 9026 9079
f 9028 9027 9080
f 9029 9028 9081
f 9030 9029 9082
f 9031 9030 9083
f 9032 9031 9084
f 9033 9032 9085
f 9087 9033 9086
f 9088 9034 9087
f 9089 9035 9088
f 9037 9036 9089
f 9038 9037 9090
f 9039 9038 9091
f 9093 9039 9092
f 9094 9040 9093
f 9042 9041 9094
f 9096 9042 9095
f 9097 9043 9096
f 9045 9044 9097
f 9046 9045 9098
f 9047 9046 9099
f 9048 9047 9100
f 9049 9048 9101
f 9050 9049 9102
f 9104 9050 9103
f 9105 9051 9104
f 9106 9052 9105
f 9107 9053 9106
f 9055 9054 9107
f 9056 9055 9108
f 9057 9056 9109
f 9058 9057 9110
f 9113 9059 9112
f 9114 9060 9113
f 9115 9061 9114
f 9116 9062 9115
f 9117 9063 9116
f 9065 9064 9117
f 9066 9065 9118
f 9067 9066 9119
f 9068 9067 9120
f 9069 9068 9121
f 9070 9069 9122
f 9071 9070 9123
f 9072 9071 9124
f 9126 9072 9125
f 9127 9073 9126
f 9075 9074 9127
f 9076 9075 9128
f 9130 9076 9129
f 9131 9077 9130
f 9132 9078 9131
f 9133 9079 9132
f 9134 9080 9133
f 9135 9081 9134
f 9083 9082 9135
f 9137 9083 9136
f 9085 9084 9137
f 9086 9085 9138
f 9087 9086 9139
f 9088 9087 9140
f 9089 9088 9141
f 9090 9089 9142
f 9144 9090 9143
f 9092 9091 9144
f 9093 9092 9145
f 9147 9093 9146
f 9095 9094 9147
f 9149 9095 9148
f 9097 9096 9149
f 9151 9097 9150
f 9152 9098 9151
f 9153 9099 9152
f 9101 9100 9153
f 9155 9101 9154
f 9156 9102 9155
f 9157 9103 9156
f 9158 9104 9157
f 9106 9105 9158
f 9107 9106 9159
f 9161 9107 9160
f 9162 9108 9161
f 9163 9109 9162
f 9164 9110 9163
f 9113 9112 9165
f 9114 9113 9166
f 9115 9114 9167
f 9116 9115 9168
f 9170 9116 9169
f 9171 9117 9170
f 9119 9118 9171
f 9173 9119 9172
f 9121 9120 9173
f 9122 9121 9174
f 9123 9122 9175
f 9124 9123 9176
f 9125 9124 9177
f 9126 9125 9178
f 9180 9126 9179
f 9181 9127 9180
f 9182 9128 9181
f 9130 9129 9182
f 9131 9130 9183
f 9185 9131 9184
f 9186 9132 9185
f 9134 9133 9186
f 9188 9134 9187
f 9136 9135 9188
f 9190 9136 9189
f 9191 9137 9190
f 9139 9138 9191
f 9193 9139 9192
f 9141 9140 9193
f 9142 9141 9194
f 9196 9142 9195
f 9144 9143 9196
f 9198 9144 9197
f 9199 9145 9198
f 9147 9146 9199
f 9148 9147 9200
f 9202 9148 9201
f 9150 9149 9202
f 9204 9150 9203
f 9205 9151 9204
f 9206 9152 9205
f 9207 9153 9206
f 9155 9154 9207
f 9156 9155 9208
f 9210 9156 9209
f 9158 9157 9210
f 9159 9158 9211
f 9213 9159 9212
f 9214 9160 9213
f 9162 9161 9214
f 9163 9162 9215
f 9164 9163 9216
f 9219 9165 9218
f 9220 9166 9219
f 9221 9167 9220
f 9222 9168 9221
f 9170 9169 9222
f 9224 9170 9223
f 9225 9171 9224
f 9226 9172 9225
f 9174 9173 9226
f 9228 9174 9227
f 9229 9175 9228
f 9230 9176 9229
f 9231 9177 9230
f 9179 9178 9231
f 9180 9179 9232
f 9181 9180 9233
f 9235 9181 9234
f 9236 9182 9235
f 9184 9183 9236
f 9185 9184 9237
f 9239 9185 9238
f 9240 9186 9239
f 9241 9187 9240
f 9242 9188 9241
f 9243 9189 9242
f 9244 9190 9243
f 9192 9191 9244
f 9246 9192 9245
f 9194 9193 9246
f 9195 9194 9247
f 9249 9195 9248
f 9197 9196 9249
f 9251 9197 9250
f 9252 9198 9251
f 9200 9199 9252
f 9254 9200 9253
f 9202 9201 9254
f 9203 9202 9255
f 9204 9203 9256
f 9205 9204 9257
f 9206 9205 9258
f 9207 9206 9259
f 9208 9207 9260
f 9262 9208 9261
f 9210 9209 9262
f 9264 9210 9263
f 9265 9211 9264
f 9213 9212 9265
f 9214 9213 9266
f 9215 9214 9267
f 9216 9215 9268
f 9217 9216 9269
f 9219 9218 9271
f 9220 9219 9272
f 9221 9220 9273
f 9275 9221 9274
f 9276 9222 9275
f 9224 9223 9276
f 9225 9224 9277
f 9279 9225 9278
f 9280 9226 9279
f 9281 9227 9280
f 9282 9228 9281
f 9283 9229 9282
f 9284 9230 9283
f 9232 9231 9284
f 9233 9232 9285
f 9234 9233 9286
f 9235 9234 9287
f 9289 9235 9288
f 9237 9236 9289
f 9238 9237 9290
f 9292 9238 9291
f 9240 9239 9292
f 9294 9240 9293
f 9242 9241 9294
f 9243 9242 9295
f 9297 9243 9296
f 9298 9244 9297
f 9299 9245 9298
f 9247 9246 9299
f 9248 9247 9300
f 9249 9248 9301
f 9250 9249 9302
f 9304 9250 9303
f 9305 9251 9304
f 9253 9252 9305
f 9307 9253 9306
f 9255 9254 9307
f 9256 9255 9308
f 9310 9256 9309
f 9311 9257 9310
f 9259 9258 9311
f 9313 9259 9312
f 9261 9260 9313
f 9315 9261 9314
f 9263 9262 9315
f 9264 9263 9316
f 9265 9264 9317
f 9319 9265 9318
f 9320 9266 9319
f 9321 9267 9320
f 9322 9268 9321
f 9270 9269 9322
f 9325 9271 9324
f 9326 9272 9325
f 9327 9273 9326
f 9275 9274 9327
f 9276 9275 9328
f 9330 9276 9329
f 9331 9277 9330
f 9332 9278 9331
f 9280 9279 9332
f 9281 9280 9333
f 9282 9281 9334
f 9283 9282 9335
f 9284 9283 9336
f 9338 9284 9337
f 9286 9285 9338
f 9340 9286 9339
f 9341 9287 9340
f 9289 9288 9341
f 9290 9289 9342
f 9291 9290 9343
f 9345 9291 9344
f 9293 9292 9345
f 9294 9293 9346
f 9295 9294 9347
f 9296 9295 9348
f 9297 9296 9349
f 9351 9297 9350
f 9352 9298 9351
f 9300 9299 9352
f 9301 9300 9353
f 9355 9301 9354
f 9356 9302 9355
f 9357 9303 9356
f 9305 9304 9357
f 9306 9305 9358
f 9307 9306 9359
f 9308 9307 9360
f 9362 9308 9361
f 9363 9309 9362
f 9311 9310 9363
f 9312 9311 9364
f 9366 9312 9365
f 9314 9313 9366
f 9368 9314 9367
f 9316 9315 9368
f 9370 9316 9369
f 9371 9317 9370
f 9372 9318 9371
f 9320 9319 9372
f 9321 9320 9373
f 9375 9321 9374
f 9376 9322 9375
f 9512 9011 9012
f 9510 9013 9014
f 9508 9015 9016
f 9509 9014 9015
f 9511 9012 9013
f 9514 9009 9010
f 9505 9017 9018
f 9502 9020 9021
f 9500 9021 9022
f 9503 9019 9020
f 9498 9023 9024
f 9496 9024 9025
f 9493 9026 9027
f 9506 9016 9017
f 9442 9059 9006
f 9486 9031 9032
f 9488 9030 9031
f 9029 9490 9491
f 9485 9032 9033
f 9483 9033 9034
f 9480 9035 9036
f 9475 9039 9040
f 9471 9042 9043
f 9473 9040 9041
f 9478 9037 9038
f 9468 9044 9045
f 9465 9047 9048
f 9462 9049 9050
f 9463 9048 9049
f 9466 9046 9047
f 9460 9051 9052
f 9459 9052 9053
f 9457 9054 9055
f 9461 9050 9051
f 9469 9043 9044
f 9057 9452 9453
f 9058 9439 9440
f 9446 9218 9165
f 9444 9165 9112
f 9324 9448 9449
f 9325 9379 9380
f 9328 9381 9382
f 9327 9380 9381
f 9325 9378 9379
f 9330 9383 9384
f 9331 9385 9386
f 9331 9384 9385
f 9333 9387 9388
f 9336 9389 9390
f 9334 9388 9389
f 9332 9386 9387
f 9338 9391 9392
f 9340 9393 9394
f 9338 9392 9393
f 9342 9395 9396
f 9344 9397 9398
f 9345 9398 9399
f 9343 9396 9397
f 9340 9394 9395
f 9336 9390 9391
f 9328 9382 9383
f 9449 9378 9324
f 9347 9400 9401
f 9347 9401 9402
f 9350 9403 9404
f 9348 9402 9403
f 9400 9346 9345
f 9351 9405 9406
f 9354 9407 9408
f 9353 9406 9407
f 9356 9409 9410
f 9358 9411 9412
f 9357 9410 9411
f 9354 9408 9409
f 9359 9413 9414
f 9361 9415 9416
f 9360 9414 9415
f 9363 9417 9418
f 9365 9419 9420
f 9365 9418 9419
f 9363 9416 9417
f 9358 9412 9413
f 9164 9437 9438
f 9217 9435 9436
f 9217 9436 9437
f 9367 9421 9422
f 9370 9423 9424
f 9369 9422 9423
f 9376 9432 9433
f 9372 9425 9426
f 9371 9424 9425
f 9367 9420 9421
f 9373 9427 9428
f 9374 9428 9429
f 9430 9431 9432
f 9376 9429 9430
f 9373 9426 9427
f 9404 9351 9350
f 9806 9805 9740
f 9804 9803 9744
f 9805 9804 9742
f 9807 9806 9738
f 9750 9814 9752
f 9748 9815 9750
f 9813 9812 9756
f 9812 9811 9758
f 9752 9813 9754
f 9808 9764 9809
f 9809 9762 9810
f 9825 9824 9770
f 9776 9821 9778
f 9820 9819 9782
f 9821 9820 9780
f 9774 9822 9776
f 9790 9829 9792
f 9792 9828 9794
f 9788 9830 9790
f 9819 9818 9784
f 9768 9766 9808
f 9827 9794 9828
f 9887 9834 9833
f 9888 9835 9887
f 9889 9836 9888
f 9890 9837 9836
f 9891 9838 9837
f 9892 9839 9891
f 9893 9840 9892
f 9894 9841 9893
f 9895 9842 9894
f 9896 9843 9895
f 9897 9844 9896
f 9898 9845 9897
f 9899 9846 9845
f 9900 9847 9846
f 9901 9848 9847
f 9902 9849 9901
f 9903 9850 9902
f 9904 9851 9850
f 9905 9852 9904
f 9906 9853 9905
f 9907 9854 9906
f 9908 9855 9854
f 9909 9856 9908
f 9910 9857 9909
f 9911 9858 9910
f 9912 9859 9858
f 9913 9860 9859
f 9914 9861 9913
f 9915 9862 9861
f 9916 9863 9915
f 9917 9864 9863
f 9918 9865 9864
f 9919 9866 9918
f 9920 9867 9919
f 9921 9868 9867
f 9922 9869 9868
f 9923 9870 9922
f 9924 9871 9923
f 9925 9872 9871
f 9926 9873 9872
f 9927 9874 9873
f 9928 9875 9927
f 9929 9876 9875
f 9930 9877 9876
f 9931 9878 9877
f 9932 9879 9878
f 9933 9880 9879
f 9934 9881 9880
f 9935 9882 9881
f 9936 9883 9882
f 9937 9884 9883
f 9938 9885 9884
f 9940 9887 9939
f 9941 9888 9887
f 9942 9889 9941
f 9943 9890 9942
f 9944 9891 9890
f 9945 9892 9891
f 9946 9893 9892
f 9947 9894 9893
f 9948 9895 9894
f 9949 9896 9948
f 9950 9897 9896
f 9951 9898 9897
f 9952 9899 9951
f 9953 9900 9952
f 9954 9901 9953
f 9955 9902 9954
f 9956 9903 9955
f 9957 9904 9903
f 9958 9905 9957
f 9959 9906 9905
f 9960 9907 9906
f 9961 9908 9907
f 9962 9909 9908
f 9963 9910 9962
f 9964 9911 9910
f 9965 9912 9964
f 9966 9913 9965
f 9967 9914 9966
f 9968 9915 9914
f 9969 9916 9968
f 9970 9917 9916
f 9971 9918 9917
f 9972 9919 9971
f 9973 9920 9919
f 9974 9921 9920
f 9975 9922 9921
f 9976 9923 9975
f 9977 9924 9923
f 9978 9925 9924
f 9979 9926 9978
f 9980 9927 9979
f 9981 9928 9980
f 9982 9929 9981
f 9983 9930 9982
f 9984 9931 9983
f 9985 9932 9931
f 9986 9933 9985
f 9987 9934 9986
f 9988 9935 9987
f 9989 9936 9988
f 9990 9937 9936
f 9991 9938 9937
f 9993 9940 9939
f 9994 9941 9993
f 9995 9942 9941
f 9996 9943 9942
f 9997 9944 9996
f 9998 9945 9997
f 9999 9946 9998
f 10000 9947 9946
f 10001 9948 9947
f 10002 9949 9948
f 10003 9950 10002
f 10004 9951 10003
f 10005 9952 9951
f 10006 9953 9952
f 10007 9954 9953
f 10008 9955 9954
f 10009 9956 10008
f 10010 9957 9956
f 10011 9958 9957
f 10012 9959 10011
f 10013 9960 10012
f 10014 9961 10013
f 10015 9962 9961
f 10016 9963 10015
f 10017 9964 9963
f 10018 9965 10017
f 10019 9966 9965
f 10020 9967 10019
f 10021 9968 9967
f 10022 9969 10021
f 10023 9970 9969
f 10024 9971 9970
f 10025 9972 10024
f 10026 9973 9972
f 10027 9974 10026
f 10028 9975 10027
f 10029 9976 10028
f 10030 9977 10029
f 10031 9978 10030
f 10032 9979 9978
f 10033 9980 9979
f 10034 9981 9980
f 10035 9982 10034
f 10036 9983 10035
f 10037 9984 9983
f 10038 9985 9984
f 10039 9986 10038
f 10040 9987 9986
f 10041 9988 9987
f 10042 9989 10041
f 10043 9990 10042
f 10044 9991 9990
f 10046 9993 10045
f 10047 9994 10046
f 10048 9995 10047
f 10049 9996 10048
f 10050 9997 9996
f 10051 9998 9997
f 10052 9999 9998
f 10053 10000 9999
f 10054 10001 10053
f 10055 10002 10001
f 10056 10003 10002
f 10057 10004 10003
f 10058 10005 10004
f 10059 10006 10005
f 10060 10007 10006
f 10061 10008 10007
f 10062 10009 10008
f 10063 10010 10062
f 10064 10011 10010
f 10065 10012 10064
f 10066 10013 10065
f 10067 10014 10013
f 10068 10015 10067
f 10069 10016 10015
f 10070 10017 10016
f 10071 10018 10070
f 10072 10019 10018
f 10073 10020 10072
f 10074 10021 10020
f 10075 10022 10021
f 10076 10023 10075
f 10077 10024 10023
f 10078 10025 10077
f 10079 10026 10025
f 10080 10027 10026
f 10081 10028 10027
f 10082 10029 10081
f 10083 10030 10029
f 10084 10031 10030
f 10085 10032 10031
f 10086 10033 10032
f 10087 10034 10033
f 10088 10035 10034
f 10089 10036 10035
f 10090 10037 10036
f 10091 10038 10090
f 10092 10039 10091
f 10093 10040 10039
f 10094 10041 10040
f 10095 10042 10041
f 10096 10043 10042
f 10097 10044 10096
f 10099 10046 10098
f 10100 10047 10046
f 10101 10048 10047
f 10102 10049 10101
f 10103 10050 10102
f 10104 10051 10103
f 10105 10052 10104
f 10106 10053 10105
f 10107 10054 10053
f 10108 10055 10054
f 10109 10056 10108
f 10110 10057 10109
f 10111 10058 10110
f 10112 10059 10111
f 10113 10060 10112
f 10114 10061 10113
f 10115 10062 10061
f 10116 10063 10062
f 10117 10064 10116
f 10118 10065 10117
f 10119 10066 10118
f 10120 10067 10066
f 10121 10068 10120
f 10122 10069 10068
f 10123 10070 10122
f 10124 10071 10123
f 10125 10072 10071
f 10126 10073 10125
f 10127 10074 10073
f 10128 10075 10127
f 10129 10076 10075
f 10130 10077 10129
f 10131 10078 10130
f 10132 10079 10078
f 10133 10080 10132
f 10134 10081 10080
f 10135 10082 10134
f 10136 10083 10082
f 10137 10084 10136
f 10138 10085 10137
f 10139 10086 10138
f 10140 10087 10139
f 10141 10088 10140
f 10142 10089 10088
f 10143 10090 10089
f 10144 10091 10143
f 10145 10092 10144
f 10146 10093 10145
f 10147 10094 10146
f 10148 10095 10147
f 10149 10096 10148
f 10150 10097 10149
f 10152 10099 10098
f 10153 10100 10099
f 10154 10101 10100
f 10155 10102 10101
f 10156 10103 10102
f 10157 10104 10156
f 10158 10105 10157
f 10159 10106 10105
f 10160 10107 10159
f 10161 10108 10160
f 10162 10109 10108
f 10163 10110 10109
f 10164 10111 10110
f 10165 10112 10111
f 10166 10113 10112
f 10167 10114 10113
f 10168 10115 10167
f 10169 10116 10115
f 10170 10117 10116
f 10171 10118 10117
f 10172 10119 10171
f 10173 10120 10119
f 10174 10121 10173
f 10175 10122 10174
f 10176 10123 10122
f 10177 10124 10176
f 10178 10125 10177
f 10179 10126 10125
f 10180 10127 10179
f 10181 10128 10180
f 10182 10129 10128
f 10183 10130 10182
f 10184 10131 10130
f 10185 10132 10184
f 10186 10133 10132
f 10187 10134 10133
f 10188 10135 10187
f 10189 10136 10135
f 10190 10137 10189
f 10191 10138 10190
f 10192 10139 10191
f 10193 10140 10139
f 10194 10141 10193
f 10195 10142 10194
f 10196 10143 10195
f 10197 10144 10196
f 10198 10145 10144
f 10199 10146 10145
f 10200 10147 10146
f 10201 10148 10147
f 10202 10149 10148
f 10203 10150 10149
f 10259 10348 9831
f 9834 10346 10347
f 10347 10348 9833
f 9835 10344 10345
f 9836 10342 10343
f 10343 10344 9835
f 10345 10346 9834
f 9837 10340 10341
f 10338 10339 9839
f 10339 10340 9838
f 10336 10337 9841
f 10334 10335 9843
f 10335 10336 9842
f 10337 10338 9840
f 10341 10342 9836
f 10332 10333 9844
f 9846 10330 10331
f 10331 10332 9845
f 10328 10329 9848
f 9849 10326 10327
f 10327 10328 9848
f 10329 10330 9847
f 10324 10325 9851
f 9852 10322 10323
f 10323 10324 9851
f 10320 10321 9853
f 9855 10318 10319
f 10319 10320 9854
f 10321 10322 9853
f 10325 10326 9850
f 10333 10334 9843
f 10347 9833 9834
f 10259 10260 9833
f 9834 9835 10345
f 10343 9835 9836
f 10340 9837 9838
f 10331 9845 9846
f 9849 9850 10326
f 9856 10316 10317
f 10316 9857 10315
f 10313 10314 9858
f 10314 10315 9858
f 9852 9853 10322
f 9855 9856 10318
f 10316 9856 9857
f 9854 9855 10319
f 10259 9833 10348
f 10311 10312 9860
f 9861 10309 10310
f 10310 10311 9860
f 10307 10308 9862
f 9864 10305 10306
f 10306 10307 9863
f 10308 10309 9862
f 9865 10303 10304
f 10301 10302 9867
f 10302 10303 9866
f 9868 10299 10300
f 10297 10298 9870
f 10298 10299 9869
f 10300 10301 9867
f 10304 10305 9865
f 10295 10296 9871
f 9873 10293 10294
f 10294 10295 9872
f 10291 10292 9875
f 10289 10290 9876
f 10290 10291 9875
f 10292 10293 9874
f 10287 10288 9878
f 9880 10285 10286
f 10286 10287 9879
f 10283 10284 9882
f 9883 10281 10282
f 9883 10280 10281
f 10282 10283 9882
f 10284 10285 9881
f 10288 10289 9877
f 10296 10297 9870
f 9861 9862 10309
f 9865 9866 10303
f 9863 9864 10306
f 9868 9869 10299
f 9872 9873 10294
f 10279 9884 10278
f 9885 10276 10277
f 10277 10276 9832
f 10278 9885 10277
f 9880 9881 10285
f 9883 9884 10280
f 9885 9938 10275
f 10278 9884 9885
f 9882 9883 10282
f 9859 10312 10313
f 9939 10261 10262
f 10263 10264 9992
f 10262 10263 9992
f 10261 9939 9886
f 10045 10264 10265
f 10260 10261 9886
f 10266 10098 10265
f 10151 10098 10266
f 10153 10152 10206
f 10155 10154 10209
f 10154 10153 10207
f 10152 10151 10206
f 10265 10098 10045
f 10157 10156 10211
f 10159 10158 10212
f 10158 10157 10212
f 10161 10160 10214
f 10163 10162 10216
f 10162 10161 10215
f 10160 10159 10213
f 10165 10164 10218
f 10167 10166 10221
f 10166 10165 10220
f 10169 10168 10222
f 10171 10170 10225
f 10172 10171 10225
f 10170 10169 10223
f 10168 10167 10221
f 10164 10163 10217
f 10156 10155 10210
f 10267 10204 10205
f 10174 10173 10228
f 10175 10174 10228
f 10177 10176 10231
f 10176 10175 10230
f 10226 10227 10173
f 10179 10178 10233
f 10181 10180 10235
f 10180 10179 10234
f 10183 10182 10237
f 10185 10184 10239
f 10184 10183 10237
f 10182 10181 10235
f 10187 10186 10240
f 10189 10188 10243
f 10188 10187 10241
f 10191 10190 10245
f 10193 10192 10247
f 10192 10191 10245
f 10190 10189 10243
f 10186 10185 10240
f 9938 9991 10274
f 10044 10097 10271
f 9991 10044 10273
f 10271 10097 10270
f 10275 9938 10274
f 10195 10194 10249
f 10197 10196 10250
f 10196 10195 10249
f 10269 10270 10150
f 10270 10097 10150
f 10150 10203 10269
f 10199 10198 10253
f 10198 10197 10252
f 10194 10193 10247
f 10201 10200 10254
f 10202 10201 10255
f 10203 10257 10268
f 10203 10202 10257
f 10200 10199 10253
f 10231 10232 10178
f 10422 10349 10353
f 10354 10355 10420
f 10421 10353 10354
f 10419 10356 10357
f 10418 10358 10359
f 10417 10359 10360
f 10357 10358 10419
f 10420 10355 10356
f 10416 10361 10362
f 10415 10363 10364
f 10362 10363 10415
f 10365 10366 10414
f 10412 10367 10368
f 10412 10368 10369
f 10413 10366 10367
f 10414 10364 10365
f 10417 10360 10361
f 10421 10350 10422
f 10353 10421 10422
f 10419 10420 10356
f 10361 10416 10417
f 10417 10418 10359
f 10364 10414 10415
f 10370 10371 10410
f 10372 10410 10371
f 10373 10409 10372
f 10412 10413 10367
f 10372 10409 10410
f 10412 10369 10411
f 10408 10409 10374
f 10411 10369 10370
f 10408 10374 10375
f 10376 10377 10407
f 10407 10375 10376
f 10405 10378 10379
f 10404 10380 10381
f 10381 10382 10403
f 10405 10379 10380
f 10406 10377 10378
f 10402 10383 10384
f 10401 10385 10386
f 10384 10385 10402
f 10400 10387 10388
f 10389 10390 10398
f 10398 10390 10391
f 10399 10388 10389
f 10400 10386 10387
f 10403 10382 10383
f 10407 10408 10375
f 10405 10406 10378
f 10400 10401 10386
f 10403 10383 10402
f 10405 10380 10404
f 10392 10393 10397
f 10395 10394 10351
f 10396 10393 10394
f 10394 10395 10396
f 10395 10352 10396
f 10397 10398 10391
f 10388 10399 10400
f 10509 10423 10472
f 10472 10473 10470
f 10473 10474 10469
f 10471 10509 10472
f 10475 10476 10467
f 10474 10475 10468
f 10476 10477 10466
f 10477 10478 10465
f 10478 10479 10464
f 10479 10480 10463
f 10481 10482 10461
f 10482 10483 10460
f 10480 10481 10462
f 10484 10485 10457
f 10485 10425 10456
f 10486 10487 10454
f 10487 10488 10453
f 10425 10486 10455
f 10483 10484 10459
f 10488 10489 10452
f 10509 10471 10424
f 10464 10465 10478
f 10489 10451 10452
f 10451 10489 10426
f 10426 10490 10450
f 10491 10492 10448
f 10492 10493 10447
f 10490 10491 10449
f 10494 10495 10445
f 10495 10496 10444
f 10497 10498 10441
f 10498 10427 10440
f 10496 10497 10442
f 10493 10494 10446
f 10499 10500 10438
f 10501 10502 10436
f 10502 10503 10435
f 10500 10501 10437
f 10504 10505 10433
f 10505 10506 10432
f 10508 10507 10428
f 10506 10507 10431
f 10503 10504 10434
f 10427 10499 10439
f 10508 10430 10507
f 10501 10436 10437
f 10508 10429 10430
f 10451 10426 10450
f 10621 10622 10510
f 10621 10511 10622
f 10620 10621 10516
f 10517 10518 10617
f 10516 10517 10619
f 10510 10516 10621
f 10516 10619 10620
f 10615 10519 10614
f 10615 10616 10518
f 10617 10618 10517
f 10519 10615 10518
f 10613 10614 10519
f 10519 10520 10613
f 10521 10522 10609
f 10523 10512 10605
f 10522 10523 10607
f 10520 10521 10611
f 10524 10525 10601
f 10525 10526 10599
f 10527 10528 10595
f 10529 10530 10591
f 10528 10529 10593
f 10526 10527 10597
f 10512 10524 10603
f 10530 10531 10589
f 10520 10611 10612
f 10521 10609 10610
f 10522 10607 10608
f 10523 10605 10606
f 10601 10602 10524
f 10603 10604 10512
f 10526 10597 10598
f 10527 10595 10596
f 10528 10593 10594
f 10529 10591 10592
f 10587 10513 10586
f 10587 10588 10531
f 10589 10590 10530
f 10599 10600 10525
f 10513 10587 10531
f 10584 10585 10513
f 10513 10532 10584
f 10586 10513 10585
f 10532 10533 10582
f 10534 10535 10578
f 10533 10534 10580
f 10535 10577 10578
f 10532 10583 10584
f 10579 10580 10534
f 10581 10582 10533
f 10535 10536 10576
f 10537 10538 10572
f 10538 10539 10570
f 10540 10541 10566
f 10542 10543 10562
f 10541 10542 10564
f 10539 10540 10568
f 10544 10545 10558
f 10545 10546 10556
f 10547 10548 10552
f 10548 10514 10550
f 10546 10547 10554
f 10543 10544 10560
f 10536 10537 10574
f 10549 10550 10514
f 10536 10575 10576
f 10537 10573 10574
f 10538 10571 10572
f 10539 10569 10570
f 10565 10566 10541
f 10567 10568 10540
f 10543 10561 10562
f 10544 10559 10560
f 10545 10557 10558
f 10546 10555 10556
f 10547 10553 10554
f 10548 10551 10552
f 10549 10515 10550
f 10563 10564 10542
f 10627 10624 10625
f 10629 10626 10627
f 10631 10628 10629
f 10633 10630 10631
f 10635 10632 10633
f 10637 10634 10635
f 10639 10636 10637
f 10641 10638 10639
f 10643 10640 10641
f 10645 10642 10643
f 10647 10644 10645
f 10649 10646 10647
f 10651 10648 10649
f 10653 10650 10651
f 10655 10652 10653
f 10657 10654 10655
f 10659 10656 10657
f 10661 10658 10659
f 10663 10660 10661
f 10665 10662 10663
f 10667 10664 10665
f 10669 10666 10667
f 10671 10668 10669
f 10673 10670 10671
f 10675 10672 10673
f 10677 10674 10675
f 10679 10676 10677
f 10681 10678 10679
f 10683 10680 10681
f 10685 10682 10683
f 10691 10625 10624
f 10690 10625 10691
f 10627 10695 10629
f 10631 10693 10633
f 10629 10694 10631
f 10625 10696 10627
f 10705 10637 10635
f 10639 10704 10703
f 10637 10705 10704
f 10643 10702 10645
f 10700 10649 10647
f 10699 10651 10649
f 10645 10701 10647
f 10641 10703 10702
f 10692 10635 10633
f 10696 10690 10689
f 10625 10690 10696
f 10635 10692 10705
f 10697 10655 10653
f 10699 10649 10700
f 10698 10653 10651
f 10657 10714 10659
f 10712 10663 10661
f 10713 10661 10659
f 10665 10711 10710
f 10669 10709 10671
f 10667 10710 10669
f 10663 10712 10711
f 10686 10685 10687
f 10706 10677 10675
f 10679 10719 10718
f 10681 10718 10717
f 10677 10706 10719
f 10707 10675 10673
f 10671 10708 10673
f 10714 10657 10697
f 10712 10661 10713
f 10706 10675 10707
f 10687 10685 10688
f 10688 10685 10716
f 10716 10685 10683
f 10688 10716 10715
f 10724 10720 10726
f 10727 10728 10792
f 10793 10726 10727
f 10791 10729 10730
f 10790 10731 10732
f 10789 10732 10733
f 10730 10731 10791
f 10792 10728 10729
f 10788 10734 10735
f 10787 10736 10737
f 10735 10736 10787
f 10738 10739 10786
f 10784 10740 10741
f 10784 10741 10742
f 10785 10739 10740
f 10786 10737 10738
f 10789 10733 10734
f 10793 10721 10724
f 10726 10793 10724
f 10791 10792 10729
f 10734 10788 10789
f 10789 10790 10732
f 10737 10786 10787
f 10743 10744 10782
f 10745 10782 10744
f 10746 10781 10745
f 10784 10785 10740
f 10745 10781 10782
f 10784 10742 10783
f 10746 10747 10781
f 10783 10742 10743
f 10780 10747 10748
f 10749 10750 10779
f 10779 10748 10749
f 10777 10751 10752
f 10776 10753 10754
f 10754 10755 10775
f 10777 10752 10753
f 10778 10750 10751
f 10774 10756 10757
f 10773 10758 10759
f 10757 10758 10774
f 10772 10760 10761
f 10762 10763 10770
f 10770 10763 10764
f 10771 10761 10762
f 10772 10759 10760
f 10775 10755 10756
f 10779 10780 10748
f 10777 10778 10751
f 10772 10773 10759
f 10775 10756 10774
f 10777 10753 10776
f 10765 10766 10769
f 10725 10767 10722
f 10768 10766 10767
f 10767 10725 10768
f 10725 10723 10768
f 10769 10770 10764
f 10761 10771 10772
f 10889 10890 10881
f 10880 10890 10891
f 10893 10894 10878
f 10892 10893 10879
f 10891 10892 10879
f 10877 10894 10895
f 10887 10883 10886
f 10886 10884 10885
f 10882 10887 10888
f 10887 10882 10883
f 10889 10881 10882
f 10883 10884 10886
f 10882 10888 10889
f 10794 10885 10884
f 10876 10895 10896
f 10898 10899 10874
f 10897 10898 10875
f 10873 10899 10900
f 10872 10901 10902
f 10901 10872 10873
f 10900 10901 10873
f 10899 10873 10874
f 10878 10879 10893
f 10880 10881 10890
f 10879 10880 10891
f 10898 10874 10875
f 10876 10877 10895
f 10897 10875 10876
f 10878 10894 10877
f 10876 10896 10897
f 10857 10795 10856
f 10856 10796 10855
f 10794 10857 10858
f 10857 10794 10795
f 10855 10796 10797
f 10856 10795 10796
f 10794 10858 10885
f 10854 10855 10797
f 10851 10852 10799
f 10853 10798 10852
f 10853 10854 10797
f 10800 10849 10850
f 10851 10800 10850
f 10849 10801 10848
f 10847 10848 10802
f 10853 10797 10798
f 10799 10800 10851
f 10801 10802 10848
f 10800 10801 10849
f 10847 10803 10846
f 10844 10804 10805
f 10845 10803 10804
f 10802 10803 10847
f 10844 10845 10804
f 10805 10843 10844
f 10803 10845 10846
f 10841 10806 10807
f 10806 10841 10842
f 10841 10807 10840
f 10843 10806 10842
f 10806 10843 10805
f 10798 10799 10852
f 10871 10872 10902
f 10870 10871 10903
f 10902 10903 10871
f 10904 10870 10903
f 10869 10870 10905
f 10869 10905 10906
f 10905 10870 10904
f 10907 10868 10906
f 10906 10868 10869
f 10867 10909 10866
f 10867 10868 10907
f 10865 10911 10864
f 10863 10914 10862
f 10913 10863 10864
f 10910 10865 10866
f 10907 10908 10867
f 10866 10909 10910
f 10911 10865 10910
f 10912 10864 10911
f 10914 10863 10913
f 10914 10915 10862
f 10912 10913 10864
f 10915 10861 10862
f 10917 10860 10861
f 10919 10821 10859
f 10859 10860 10918
f 10917 10918 10860
f 10918 10919 10859
f 10916 10917 10861
f 10916 10861 10915
f 10822 10821 10919
f 10908 10909 10867
f 10834 10835 10812
f 10836 10810 10811
f 10811 10812 10835
f 10816 10829 10815
f 10814 10832 10813
f 10831 10814 10815
f 10813 10833 10812
f 10839 10808 10809
f 10808 10839 10840
f 10839 10809 10838
f 10808 10840 10807
f 10810 10837 10809
f 10837 10838 10809
f 10810 10836 10837
f 10836 10811 10835
f 10828 10816 10817
f 10819 10825 10818
f 10827 10818 10826
f 10818 10825 10826
f 10824 10819 10820
f 10823 10824 10820
f 10824 10825 10819
f 10823 10820 10821
f 10823 10821 10822
f 10832 10833 10813
f 10814 10831 10832
f 10833 10834 10812
f 10828 10829 10816
f 10831 10815 10830
f 10830 10815 10829
f 10827 10828 10817
f 10818 10827 10817
f 10925 10920 10969
f 10969 10970 10967
f 10970 10971 10966
f 10968 10925 10969
f 10972 10973 10964
f 10971 10972 10965
f 10973 10974 10963
f 10974 10975 10962
f 10975 10976 10961
f 10976 10977 10960
f 10978 10979 10958
f 10979 10980 10957
f 10977 10978 10959
f 10981 10982 10954
f 10982 10983 10953
f 10984 10985 10951
f 10985 10986 10950
f 10983 10984 10952
f 10980 10981 10956
f 10986 10987 10949
f 10925 10968 10921
f 10961 10962 10975
f 10948 10949 10987
f 10922 10988 10947
f 10989 10990 10945
f 10990 10991 10944
f 10988 10989 10946
f 10992 10993 10942
f 10993 10994 10941
f 10995 10996 10938
f 10996 10997 10937
f 10994 10995 10939
f 10991 10992 10943
f 10998 10999 10935
f 11000 11001 10933
f 11001 11002 10932
f 10999 11000 10934
f 11003 11004 10930
f 11004 11005 10929
f 10926 11006 10923
f 11005 11006 10928
f 11002 11003 10931
f 10997 10998 10936
f 10926 10927 11006
f 11000 10933 10934
f 10926 10924 10927
f 10948 10922 10947
f 11084 11085 11007
f 11084 11008 11085
f 11083 11084 11087
f 11088 11089 11080
f 11087 11088 11082
f 11007 11087 11084
f 11087 11082 11083
f 11078 11090 11077
f 11078 11079 11089
f 11080 11081 11088
f 11090 11078 11089
f 11076 11077 11090
f 11090 11091 11076
f 11092 11093 11072
f 11094 11095 11068
f 11093 11094 11070
f 11091 11092 11074
f 11096 11097 11064
f 11097 11098 11062
f 11099 11100 11058
f 11101 11102 11054
f 11100 11101 11056
f 11098 11099 11060
f 11095 11096 11066
f 11102 11103 11052
f 11091 11074 11075
f 11092 11072 11073
f 11093 11070 11071
f 11094 11068 11069
f 11064 11065 11096
f 11066 11067 11095
f 11098 11060 11061
f 11099 11058 11059
f 11100 11056 11057
f 11101 11054 11055
f 11050 11009 11049
f 11050 11051 11103
f 11052 11053 11102
f 11062 11063 11097
f 11009 11050 11103
f 11047 11048 11009
f 11009 11104 11047
f 11049 11009 11048
f 11104 11105 11045
f 11106 11107 11041
f 11105 11106 11043
f 11107 11040 11041
f 11104 11046 11047
f 11042 11043 11106
f 11044 11045 11105
f 11107 11108 11039
f 11109 11110 11035
f 11110 11111 11033
f 11010 11112 11029
f 11113 11114 11025
f 11112 11113 11027
f 11111 11010 11031
f 11115 11116 11021
f 11116 11117 11019
f 11118 11119 11015
f 11119 11011 11013
f 11117 11118 11017
f 11114 11115 11023
f 11108 11109 11037
f 11086 11013 11011
f 11108 11038 11039
f 11109 11036 11037
f 11110 11034 11035
f 11111 11032 11033
f 11028 11029 11112
f 11030 11031 11010
f 11114 11024 11025
f 11115 11022 11023
f 11116 11020 11021
f 11117 11018 11019
f 11118 11016 11017
f 11119 11014 11015
f 11086 11012 11013
f 11026 11027 11113
f 11164 11165 11155
f 11166 11167 11153
f 11166 11155 11165
f 11167 11168 11153
f 11161 11159 11160
f 11163 11158 11162
f 11159 11161 11162
f 11163 11164 11157
f 11169 11152 11168
f 11175 11146 11174
f 11177 11144 11176
f 11144 11175 11176
f 11178 11142 11177
f 11171 11149 11170
f 11147 11172 11173
f 11171 11172 11148
f 11174 11146 11173
f 11170 11150 11169
f 11179 11142 11178
f 11158 11159 11162
f 11163 11157 11158
f 11157 11164 11156
f 11164 11155 11156
f 11155 11166 11154
f 11153 11154 11166
f 11168 11152 11153
f 11169 11151 11152
f 11169 11150 11151
f 11150 11170 11149
f 11148 11149 11171
f 11172 11147 11148
f 11146 11147 11173
f 11175 11145 11146
f 11145 11175 11144
f 11143 11144 11177
f 11142 11143 11177
f 11179 11141 11142
f 11141 11179 11140
f 11140 11179 11180
f 11139 11180 11181
f 11137 11182 11183
f 11181 11182 11139
f 11183 11184 11137
f 11185 11186 11135
f 11187 11188 11132
f 11187 11134 11186
f 11185 11135 11184
f 11131 11188 11189
f 11190 11191 11129
f 11192 11193 11127
f 11192 11129 11191
f 11194 11126 11193
f 11196 11124 11195
f 11198 11123 11197
f 11124 11196 11197
f 11126 11194 11195
f 11130 11189 11190
f 11122 11198 11199
f 11187 11132 11133
f 11131 11189 11130
f 11132 11188 11131
f 11187 11133 11134
f 11137 11138 11182
f 11136 11184 11135
f 11184 11136 11137
f 11134 11135 11186
f 11182 11138 11139
f 11123 11124 11197
f 11122 11199 11121
f 11198 11122 11123
f 11124 11125 11195
f 11129 11192 11128
f 11193 11126 11127
f 11127 11128 11192
f 11126 11195 11125
f 11190 11129 11130
f 11120 11121 11199
f 11140 11180 11139
f 11256 11203 11255
f 11257 11204 11203
f 11258 11205 11204
f 11259 11206 11258
f 11260 11207 11259
f 11261 11208 11207
f 11262 11209 11208
f 11263 11210 11209
f 11264 11211 11210
f 11265 11212 11211
f 11266 11213 11212
f 11267 11214 11213
f 11268 11215 11214
f 11269 11216 11268
f 11270 11217 11269
f 11271 11218 11270
f 11272 11219 11271
f 11273 11220 11219
f 11274 11221 11220
f 11275 11222 11221
f 11276 11223 11275
f 11277 11224 11276
f 11278 11225 11277
f 11279 11226 11278
f 11280 11227 11279
f 11281 11228 11280
f 11282 11229 11281
f 11283 11230 11229
f 11284 11231 11230
f 11285 11232 11231
f 11286 11233 11285
f 11287 11234 11286
f 11288 11235 11287
f 11289 11236 11235
f 11290 11237 11236
f 11291 11238 11290
f 11292 11239 11238
f 11293 11240 11239
f 11294 11241 11240
f 11295 11242 11294
f 11296 11243 11295
f 11297 11244 11296
f 11298 11245 11297
f 11299 11246 11298
f 11300 11247 11246
f 11301 11248 11247
f 11302 11249 11248
f 11303 11250 11249
f 11304 11251 11303
f 11305 11252 11304
f 11306 11253 11305
f 11307 11254 11306
f 11309 11256 11255
f 11310 11257 11256
f 11311 11258 11257
f 11312 11259 11258
f 11313 11260 11259
f 11314 11261 11313
f 11315 11262 11314
f 11316 11263 11315
f 11317 11264 11316
f 11318 11265 11317
f 11319 11266 11318
f 11320 11267 11319
f 11321 11268 11320
f 11322 11269 11268
f 11323 11270 11269
f 11324 11271 11323
f 11325 11272 11324
f 11326 11273 11272
f 11327 11274 11273
f 11328 11275 11274
f 11329 11276 11275
f 11330 11277 11276
f 11331 11278 11277
f 11332 11279 11331
f 11333 11280 11279
f 11334 11281 11333
f 11335 11282 11334
f 11336 11283 11335
f 11337 11284 11336
f 11338 11285 11337
f 11339 11286 11338
f 11340 11287 11286
f 11341 11288 11340
f 11342 11289 11341
f 11343 11290 11289
f 11344 11291 11343
f 11345 11292 11291
f 11346 11293 11345
f 11347 11294 11293
f 11348 11295 11294
f 11349 11296 11295
f 11350 11297 11349
f 11351 11298 11297
f 11352 11299 11298
f 11353 11300 11299
f 11354 11301 11300
f 11355 11302 11354
f 11356 11303 11355
f 11357 11304 11303
f 11358 11305 11304
f 11359 11306 11305
f 11360 11307 11306
f 11362 11309 11361
f 11363 11310 11362
f 11364 11311 11363
f 11365 11312 11364
f 11366 11313 11312
f 11367 11314 11313
f 11368 11315 11367
f 11369 11316 11368
f 11370 11317 11369
f 11371 11318 11370
f 11372 11319 11371
f 11373 11320 11372
f 11374 11321 11373
f 11375 11322 11374
f 11376 11323 11322
f 11377 11324 11323
f 11378 11325 11324
f 11379 11326 11378
f 11380 11327 11379
f 11381 11328 11327
f 11382 11329 11328
f 11383 11330 11329
f 11384 11331 11330
f 11385 11332 11384
f 11386 11333 11332
f 11387 11334 11333
f 11388 11335 11387
f 11389 11336 11335
f 11390 11337 11389
f 11391 11338 11390
f 11392 11339 11338
f 11393 11340 11392
f 11394 11341 11340
f 11395 11342 11341
f 11396 11343 11395
f 11397 11344 11396
f 11398 11345 11344
f 11399 11346 11398
f 11400 11347 11346
f 11401 11348 11347
f 11402 11349 11348
f 11403 11350 11349
f 11404 11351 11403
f 11405 11352 11404
f 11406 11353 11352
f 11407 11354 11406
f 11408 11355 11407
f 11409 11356 11355
f 11410 11357 11356
f 11411 11358 11410
f 11412 11359 11411
f 11413 11360 11412
f 11416 11362 11361
f 11417 11363 11362
f 11418 11364 11363
f 11419 11365 11364
f 11420 11366 11419
f 11421 11367 11366
f 11422 11368 11367
f 11423 11369 11368
f 11424 11370 11423
f 11425 11371 11370
f 11426 11372 11371
f 11427 11373 11372
f 11428 11374 11373
f 11429 11375 11428
f 11430 11376 11429
f 11431 11377 11430
f 11432 11378 11377
f 11433 11379 11378
f 11434 11380 11433
f 11435 11381 11434
f 11436 11382 11435
f 11437 11383 11382
f 11438 11384 11383
f 11439 11385 11384
f 11440 11386 11385
f 11441 11387 11386
f 11442 11388 11441
f 11443 11389 11388
f 11444 11390 11443
f 11445 11391 11444
f 11446 11392 11391
f 11447 11393 11446
f 11448 11394 11393
f 11449 11395 11394
f 11450 11396 11449
f 11451 11397 11396
f 11452 11398 11451
f 11453 11399 11452
f 11454 11400 11453
f 11455 11401 11454
f 11456 11402 11455
f 11457 11403 11456
f 11458 11404 11457
f 11459 11405 11404
f 11460 11406 11459
f 11461 11407 11406
f 11462 11408 11407
f 11463 11409 11462
f 11464 11410 11463
f 11465 11411 11464
f 11466 11412 11465
f 11467 11413 11466
f 11469 11416 11468
f 11470 11417 11469
f 11471 11418 11470
f 11472 11419 11418
f 11473 11420 11419
f 11474 11421 11473
f 11475 11422 11474
f 11476 11423 11422
f 11477 11424 11423
f 11478 11425 11424
f 11479 11426 11478
f 11480 11427 11479
f 11481 11428 11427
f 11482 11429 11481
f 11483 11430 11482
f 11484 11431 11483
f 11485 11432 11484
f 11486 11433 11432
f 11487 11434 11486
f 11488 11435 11487
f 11489 11436 11435
f 11490 11437 11489
f 11491 11438 11437
f 11492 11439 11491
f 11493 11440 11492
f 11494 11441 11440
f 11495 11442 11441
f 11496 11443 11442
f 11497 11444 11496
f 11498 11445 11497
f 11499 11446 11498
f 11500 11447 11499
f 11501 11448 11447
f 11502 11449 11448
f 11503 11450 11502
f 11504 11451 11450
f 11505 11452 11504
f 11506 11453 11505
f 11507 11454 11453
f 11508 11455 11454
f 11509 11456 11508
f 11510 11457 11456
f 11511 11458 11510
f 11512 11459 11458
f 11513 11460 11512
f 11514 11461 11513
f 11515 11462 11514
f 11516 11463 11462
f 11517 11464 11463
f 11518 11465 11464
f 11519 11466 11465
f 11520 11467 11519
f 11522 11469 11521
f 11523 11470 11469
f 11524 11471 11470
f 11525 11472 11524
f 11526 11473 11525
f 11527 11474 11473
f 11528 11475 11474
f 11529 11476 11475
f 11530 11477 11529
f 11531 11478 11530
f 11532 11479 11478
f 11533 11480 11532
f 11534 11481 11533
f 11535 11482 11481
f 11536 11483 11535
f 11537 11484 11483
f 11538 11485 11484
f 11539 11486 11538
f 11540 11487 11539
f 11541 11488 11540
f 11542 11489 11488
f 11543 11490 11542
f 11544 11491 11543
f 11545 11492 11544
f 11546 11493 11545
f 11547 11494 11546
f 11548 11495 11494
f 11549 11496 11495
f 11550 11497 11549
f 11551 11498 11550
f 11552 11499 11498
f 11553 11500 11499
f 11554 11501 11500
f 11555 11502 11554
f 11556 11503 11555
f 11557 11504 11556
f 11558 11505 11557
f 11559 11506 11505
f 11560 11507 11506
f 11561 11508 11560
f 11562 11509 11561
f 11563 11510 11509
f 11564 11511 11563
f 11565 11512 11511
f 11566 11513 11565
f 11567 11514 11513
f 11568 11515 11514
f 11569 11516 11515
f 11570 11517 11569
f 11571 11518 11570
f 11572 11519 11518
f 11573 11520 11519
f 11637 11717 11200
f 11203 11715 11716
f 11716 11717 11202
f 11204 11713 11714
f 11205 11711 11712
f 11712 11713 11204
f 11714 11715 11203
f 11206 11709 11710
f 11707 11708 11208
f 11708 11709 11207
f 11705 11706 11210
f 11703 11704 11212
f 11704 11705 11211
f 11706 11707 11209
f 11710 11711 11205
f 11701 11702 11213
f 11215 11699 11700
f 11700 11701 11214
f 11697 11698 11217
f 11218 11695 11696
f 11696 11697 11217
f 11698 11699 11216
f 11693 11694 11220
f 11221 11691 11692
f 11692 11693 11220
f 11689 11690 11222
f 11224 11687 11688
f 11688 11689 11223
f 11690 11691 11222
f 11694 11695 11219
f 11702 11703 11212
f 11716 11202 11203
f 11637 11638 11202
f 11203 11204 11714
f 11712 11204 11205
f 11709 11206 11207
f 11700 11214 11215
f 11218 11219 11695
f 11225 11685 11686
f 11685 11226 11684
f 11682 11683 11227
f 11683 11684 11227
f 11221 11222 11691
f 11224 11225 11687
f 11685 11225 11226
f 11223 11224 11688
f 11637 11202 11717
f 11680 11681 11229
f 11230 11678 11679
f 11679 11680 11229
f 11676 11677 11231
f 11233 11674 11675
f 11675 11676 11232
f 11677 11678 11231
f 11234 11672 11673
f 11670 11671 11236
f 11671 11672 11235
f 11237 11668 11669
f 11666 11667 11239
f 11667 11668 11238
f 11669 11670 11236
f 11673 11674 11234
f 11664 11665 11240
f 11242 11662 11663
f 11663 11664 11241
f 11660 11661 11244
f 11658 11659 11245
f 11659 11660 11244
f 11661 11662 11243
f 11656 11657 11247
f 11249 11654 11655
f 11655 11656 11248
f 11652 11653 11251
f 11252 11650 11651
f 11252 11649 11650
f 11651 11652 11251
f 11653 11654 11250
f 11657 11658 11246
f 11665 11666 11239
f 11230 11231 11678
f 11234 11235 11672
f 11232 11233 11675
f 11237 11238 11668
f 11241 11242 11663
f 11648 11253 11647
f 11254 11636 11646
f 11646 11636 11201
f 11647 11254 11646
f 11249 11250 11654
f 11252 11253 11649
f 11254 11307 11635
f 11647 11253 11254
f 11251 11252 11651
f 11228 11681 11682
f 11308 11639 11640
f 11641 11642 11361
f 11640 11641 11361
f 11639 11308 11255
f 11415 11642 11643
f 11638 11639 11255
f 11644 11468 11643
f 11521 11468 11644
f 11523 11522 11577
f 11525 11524 11578
f 11524 11523 11577
f 11522 11521 11576
f 11643 11468 11415
f 11527 11526 11580
f 11529 11528 11583
f 11528 11527 11581
f 11531 11530 11584
f 11533 11532 11586
f 11532 11531 11586
f 11530 11529 11584
f 11535 11534 11588
f 11537 11536 11590
f 11536 11535 11590
f 11539 11538 11592
f 11541 11540 11594
f 11542 11541 11595
f 11540 11539 11593
f 11538 11537 11592
f 11534 11533 11588
f 11526 11525 11580
f 11645 11574 11575
f 11544 11543 11597
f 11545 11544 11599
f 11547 11546 11600
f 11546 11545 11600
f 11596 11597 11542
f 11549 11548 11603
f 11551 11550 11604
f 11550 11549 11603
f 11553 11552 11606
f 11555 11554 11608
f 11554 11553 11607
f 11552 11551 11606
f 11557 11556 11611
f 11559 11558 11613
f 11558 11557 11612
f 11561 11560 11615
f 11563 11562 11617
f 11562 11561 11615
f 11560 11559 11613
f 11556 11555 11610
f 11307 11360 11634
f 11413 11467 11632
f 11360 11413 11633
f 11632 11467 11631
f 11635 11307 11634
f 11565 11564 11619
f 11567 11566 11620
f 11566 11565 11619
f 11630 11631 11520
f 11631 11467 11520
f 11520 11573 11630
f 11569 11568 11622
f 11568 11567 11621
f 11564 11563 11617
f 11571 11570 11625
f 11572 11571 11626
f 11573 11627 11629
f 11573 11572 11626
f 11570 11569 11623
f 11601 11602 11548
f 11725 11831 11726
f 11831 11727 11726
f 11829 11730 11729
f 11831 11725 11724
f 11728 11727 11829
f 11728 11829 11729
f 11718 11831 11719
f 11831 11720 11719
f 11724 11723 11831
f 11831 11723 11722
f 11720 11831 11721
f 11831 11722 11721
f 11731 11730 11829
f 11738 11829 11739
f 11739 11829 11740
f 11829 11743 11742
f 11742 11741 11829
f 11829 11741 11740
f 11744 11743 11829
f 11733 11732 11829
f 11734 11733 11829
f 11829 11737 11736
f 11734 11829 11735
f 11736 11735 11829
f 11829 11738 11737
f 11731 11829 11732
f 11831 11829 11727
f 11823 11831 11824
f 11818 11831 11819
f 11831 11822 11821
f 11820 11819 11831
f 11831 11821 11820
f 11831 11823 11822
f 11815 11826 11816
f 11818 11817 11831
f 11814 11813 11826
f 11813 11812 11826
f 11815 11814 11826
f 11817 11816 11826
f 11825 11824 11831
f 11826 11811 11810
f 11831 11817 11826
f 11826 11812 11811
f 11808 11826 11809
f 11810 11809 11826
f 11826 11808 11807
f 11807 11806 11826
f 11805 11826 11806
f 11826 11804 11803
f 11805 11804 11826
f 11803 11802 11826
f 11826 11801 11800
f 11801 11826 11802
f 11826 11800 11799
f 11799 11827 11826
f 11831 11718 11825
f 11745 11744 11829
f 11745 11828 11746
f 11746 11828 11747
f 11749 11748 11828
f 11750 11749 11828
f 11747 11828 11748
f 11750 11828 11751
f 11753 11752 11828
f 11751 11828 11752
f 11754 11753 11828
f 11828 11756 11755
f 11756 11828 11757
f 11755 11754 11828
f 11758 11757 11828
f 11828 11760 11759
f 11828 11761 11760
f 11828 11763 11762
f 11828 11830 11763
f 11762 11761 11828
f 11764 11763 11830
f 11765 11830 11766
f 11830 11767 11766
f 11769 11768 11830
f 11830 11770 11769
f 11767 11830 11768
f 11764 11830 11765
f 11759 11758 11828
f 11771 11770 11830
f 11791 11790 11827
f 11789 11827 11790
f 11792 11791 11827
f 11827 11788 11787
f 11830 11827 11781
f 11788 11827 11789
f 11786 11827 11787
f 11797 11796 11827
f 11827 11798 11797
f 11827 11794 11793
f 11796 11795 11827
f 11827 11795 11794
f 11827 11793 11792
f 11827 11799 11798
f 11778 11777 11830
f 11777 11776 11830
f 11830 11774 11773
f 11776 11775 11830
f 11775 11774 11830
f 11779 11778 11830
f 11827 11784 11783
f 11785 11784 11827
f 11827 11786 11785
f 11830 11781 11780
f 11782 11827 11783
f 11782 11781 11827
f 11779 11830 11780
f 11773 11772 11830
f 11772 11771 11830
f 11828 11745 11829
f 11834 11832 11835
f 11836 11834 11833
f 11835 11833 11834
f 11841 11838 11837
f 11839 11841 11840
f 11837 11840 11841
f 11845 11842 11844
f 11846 11845 11843
f 11844 11843 11845
f 11849 11850 11847
f 11851 11849 11848
f 11847 11848 11849
f 11855 11852 11856
f 11853 11855 11854
f 11856 11854 11855
f 11860 11857 11859
f 11861 11860 11858
f 11859 11858 11860
f 11869 11868 11867
f 11869 11867 11866
f 11869 11871 11870
f 11869 11870 11862
f 11864 11869 11865
f 11866 11865 11869
f 11863 11869 11864
f 11869 11863 11873
f 11869 11873 11872
f 11872 11871 11869
f 11883 11884 11882
f 11883 11881 11880
f 11883 11880 11879
f 11881 11883 11882
f 11877 11883 11878
f 11879 11878 11883
f 11876 11883 11877
f 11883 11876 11875
f 11883 11875 11874
f 11886 11891 11890
f 11886 11889 11888
f 11886 11888 11887
f 11889 11886 11890
f 11886 11885 11895
f 11886 11895 11894
f 11886 11893 11892
f 11894 11893 11886
f 11891 11886 11892
f 11898 11899 11896
f 11898 11901 11900
f 11902 11901 11898
f 11899 11898 11900
f 11898 11904 11903
f 11898 11903 11902
f 11898 11897 11906
f 11898 11906 11905
f 11898 11905 11904
f 11914 11912 11911
f 11914 11911 11910
f 11916 11915 11914
f 11912 11914 11915
f 11917 11916 11914
f 11909 11914 11910
f 11914 11909 11908
f 11914 11908 11907
f 11914 11913 11918
f 11914 11918 11917
f 11925 11929 11926
f 11927 11926 11929
f 11929 11919 11928
f 11929 11928 11927
f 11929 11922 11921
f 11929 11921 11920
f 11929 11925 11924
f 11929 11924 11923
f 11929 11923 11922
f 11934 11931 11932
f 11936 11933 11934
f 11938 11935 11936
f 11940 11937 11938
f 11942 11939 11940
f 11944 11941 11942
f 11946 11943 11944
f 11948 11945 11946
f 11950 11947 11948
f 11952 11949 11950
f 11954 11951 11952
f 11956 11953 11954
f 11958 11955 11956
f 11960 11957 11958
f 11962 11959 11960
f 11964 11961 11962
f 11966 11963 11964
f 11968 11965 11966
f 11970 11967 11968
f 11972 11969 11970
f 11974 11971 11972
f 11976 11973 11974
f 11978 11975 11976
f 11980 11977 11978
f 11982 11979 11980
f 11984 11981 11982
f 11986 11983 11984
f 11988 11985 11986
f 11990 11987 11988
f 11992 11989 11990
f 11996 11932 11931
f 11995 11932 11996
f 11934 12002 11936
f 11938 12000 11940
f 11936 12001 11938
f 11932 12003 11934
f 12012 11944 11942
f 11946 12011 12010
f 11944 12012 12011
f 11950 12009 11952
f 12007 11956 11954
f 12006 11958 11956
f 11952 12008 11954
f 11948 12010 12009
f 11999 11942 11940
f 12003 11995 11994
f 11932 11995 12003
f 11942 11999 12012
f 12004 11962 11960
f 12006 11956 12007
f 12005 11960 11958
f 11964 12021 11966
f 12019 11970 11968
f 12020 11968 11966
f 11972 12018 12017
f 11976 12016 11978
f 11974 12017 11976
f 11970 12019 12018
f 11993 11992 11997
f 12013 11984 11982
f 11986 12026 12025
f 11988 12025 12024
f 11984 12013 12026
f 12014 11982 11980
f 11978 12015 11980
f 12021 11964 12004
f 12019 11968 12020
f 12013 11982 12014
f 11997 11992 11998
f 11998 11992 12023
f 12023 11992 11990
f 11998 12023 12022
f 9887 9833 9886
f 9835 9834 9887
f 9836 9835 9888
f 9890 9836 9889
f 9891 9837 9890
f 9839 9838 9891
f 9840 9839 9892
f 9841 9840 9893
f 9842 9841 9894
f 9843 9842 9895
f 9844 9843 9896
f 9845 9844 9897
f 9899 9845 9898
f 9900 9846 9899
f 9901 9847 9900
f 9849 9848 9901
f 9850 9849 9902
f 9904 9850 9903
f 9852 9851 9904
f 9853 9852 9905
f 9854 9853 9906
f 9908 9854 9907
f 9856 9855 9908
f 9857 9856 9909
f 9858 9857 9910
f 9912 9858 9911
f 9913 9859 9912
f 9861 9860 9913
f 9915 9861 9914
f 9863 9862 9915
f 9917 9863 9916
f 9918 9864 9917
f 9866 9865 9918
f 9867 9866 9919
f 9921 9867 9920
f 9922 9868 9921
f 9870 9869 9922
f 9871 9870 9923
f 9925 9871 9924
f 9926 9872 9925
f 9927 9873 9926
f 9875 9874 9927
f 9929 9875 9928
f 9930 9876 9929
f 9931 9877 9930
f 9932 9878 9931
f 9933 9879 9932
f 9934 9880 9933
f 9935 9881 9934
f 9936 9882 9935
f 9937 9883 9936
f 9938 9884 9937
f 9887 9886 9939
f 9941 9887 9940
f 9889 9888 9941
f 9890 9889 9942
f 9944 9890 9943
f 9945 9891 9944
f 9946 9892 9945
f 9947 9893 9946
f 9948 9894 9947
f 9896 9895 9948
f 9950 9896 9949
f 9951 9897 9950
f 9899 9898 9951
f 9900 9899 9952
f 9901 9900 9953
f 9902 9901 9954
f 9903 9902 9955
f 9957 9903 9956
f 9905 9904 9957
f 9959 9905 9958
f 9960 9906 9959
f 9961 9907 9960
f 9962 9908 9961
f 9910 9909 9962
f 9964 9910 9963
f 9912 9911 9964
f 9913 9912 9965
f 9914 9913 9966
f 9968 9914 9967
f 9916 9915 9968
f 9970 9916 9969
f 9971 9917 9970
f 9919 9918 9971
f 9973 9919 9972
f 9974 9920 9973
f 9975 9921 9974
f 9923 9922 9975
f 9977 9923 9976
f 9978 9924 9977
f 9926 9925 9978
f 9927 9926 9979
f 9928 9927 9980
f 9929 9928 9981
f 9930 9929 9982
f 9931 9930 9983
f 9985 9931 9984
f 9933 9932 9985
f 9934 9933 9986
f 9935 9934 9987
f 9936 9935 9988
f 9990 9936 9989
f 9991 9937 9990
f 9993 9939 9992
f 9941 9940 9993
f 9995 9941 9994
f 9996 9942 9995
f 9944 9943 9996
f 9945 9944 9997
f 9946 9945 9998
f 10000 9946 9999
f 10001 9947 10000
f 10002 9948 10001
f 9950 9949 10002
f 9951 9950 10003
f 10005 9951 10004
f 10006 9952 10005
f 10007 9953 10006
f 10008 9954 10007
f 9956 9955 10008
f 10010 9956 10009
f 10011 9957 10010
f 9959 9958 10011
f 9960 9959 10012
f 9961 9960 10013
f 10015 9961 10014
f 9963 9962 10015
f 10017 9963 10016
f 9965 9964 10017
f 10019 9965 10018
f 9967 9966 10019
f 10021 9967 10020
f 9969 9968 10021
f 10023 9969 10022
f 10024 9970 10023
f 9972 9971 10024
f 10026 9972 10025
f 9974 9973 10026
f 9975 9974 10027
f 9976 9975 10028
f 9977 9976 10029
f 9978 9977 10030
f 10032 9978 10031
f 10033 9979 10032
f 10034 9980 10033
f 9982 9981 10034
f 9983 9982 10035
f 10037 9983 10036
f 10038 9984 10037
f 9986 9985 10038
f 10040 9986 10039
f 10041 9987 10040
f 9989 9988 10041
f 9990 9989 10042
f 10044 9990 10043
f 9993 9992 10045
f 9994 9993 10046
f 9995 9994 10047
f 9996 9995 10048
f 10050 9996 10049
f 10051 9997 10050
f 10052 9998 10051
f 10053 9999 10052
f 10001 10000 10053
f 10055 10001 10054
f 10056 10002 10055
f 10057 10003 10056
f 10058 10004 10057
f 10059 10005 10058
f 10060 10006 10059
f 10061 10007 10060
f 10062 10008 10061
f 10010 10009 10062
f 10064 10010 10063
f 10012 10011 10064
f 10013 10012 10065
f 10067 10013 10066
f 10015 10014 10067
f 10069 10015 10068
f 10070 10016 10069
f 10018 10017 10070
f 10072 10018 10071
f 10020 10019 10072
f 10074 10020 10073
f 10075 10021 10074
f 10023 10022 10075
f 10077 10023 10076
f 10025 10024 10077
f 10079 10025 10078
f 10080 10026 10079
f 10081 10027 10080
f 10029 10028 10081
f 10083 10029 10082
f 10084 10030 10083
f 10085 10031 10084
f 10086 10032 10085
f 10087 10033 10086
f 10088 10034 10087
f 10089 10035 10088
f 10090 10036 10089
f 10038 10037 10090
f 10039 10038 10091
f 10093 10039 10092
f 10094 10040 10093
f 10095 10041 10094
f 10096 10042 10095
f 10044 10043 10096
f 10046 10045 10098
f 10100 10046 10099
f 10101 10047 10100
f 10049 10048 10101
f 10050 10049 10102
f 10051 10050 10103
f 10052 10051 10104
f 10053 10052 10105
f 10107 10053 10106
f 10108 10054 10107
f 10056 10055 10108
f 10057 10056 10109
f 10058 10057 10110
f 10059 10058 10111
f 10060 10059 10112
f 10061 10060 10113
f 10115 10061 10114
f 10116 10062 10115
f 10064 10063 10116
f 10065 10064 10117
f 10066 10065 10118
f 10120 10066 10119
f 10068 10067 10120
f 10122 10068 10121
f 10070 10069 10122
f 10071 10070 10123
f 10125 10071 10124
f 10073 10072 10125
f 10127 10073 10126
f 10075 10074 10127
f 10129 10075 10128
f 10077 10076 10129
f 10078 10077 10130
f 10132 10078 10131
f 10080 10079 10132
f 10134 10080 10133
f 10082 10081 10134
f 10136 10082 10135
f 10084 10083 10136
f 10085 10084 10137
f 10086 10085 10138
f 10087 10086 10139
f 10088 10087 10140
f 10142 10088 10141
f 10143 10089 10142
f 10091 10090 10143
f 10092 10091 10144
f 10093 10092 10145
f 10094 10093 10146
f 10095 10094 10147
f 10096 10095 10148
f 10097 10096 10149
f 10152 10098 10151
f 10153 10099 10152
f 10154 10100 10153
f 10155 10101 10154
f 10156 10102 10155
f 10104 10103 10156
f 10105 10104 10157
f 10159 10105 10158
f 10107 10106 10159
f 10108 10107 10160
f 10162 10108 10161
f 10163 10109 10162
f 10164 10110 10163
f 10165 10111 10164
f 10166 10112 10165
f 10167 10113 10166
f 10115 10114 10167
f 10169 10115 10168
f 10170 10116 10169
f 10171 10117 10170
f 10119 10118 10171
f 10173 10119 10172
f 10121 10120 10173
f 10122 10121 10174
f 10176 10122 10175
f 10124 10123 10176
f 10125 10124 10177
f 10179 10125 10178
f 10127 10126 10179
f 10128 10127 10180
f 10182 10128 10181
f 10130 10129 10182
f 10184 10130 10183
f 10132 10131 10184
f 10186 10132 10185
f 10187 10133 10186
f 10135 10134 10187
f 10189 10135 10188
f 10137 10136 10189
f 10138 10137 10190
f 10139 10138 10191
f 10193 10139 10192
f 10141 10140 10193
f 10142 10141 10194
f 10143 10142 10195
f 10144 10143 10196
f 10198 10144 10197
f 10199 10145 10198
f 10200 10146 10199
f 10201 10147 10200
f 10202 10148 10201
f 10203 10149 10202
f 10339 9838 9839
f 10337 9840 9841
f 10335 9842 9843
f 10336 9841 9842
f 10338 9839 9840
f 10341 9836 9837
f 10332 9844 9845
f 10329 9847 9848
f 10327 9848 9849
f 10330 9846 9847
f 10325 9850 9851
f 10323 9851 9852
f 10320 9853 9854
f 10333 9843 9844
f 10260 9886 9833
f 10313 9858 9859
f 10315 9857 9858
f 9856 10317 10318
f 10312 9859 9860
f 10310 9860 9861
f 10307 9862 9863
f 10302 9866 9867
f 10298 9869 9870
f 10300 9867 9868
f 10305 9864 9865
f 10295 9871 9872
f 10292 9874 9875
f 10289 9876 9877
f 10290 9875 9876
f 10293 9873 9874
f 10287 9878 9879
f 10286 9879 9880
f 10284 9881 9882
f 10288 9877 9878
f 10296 9870 9871
f 9884 10279 10280
f 9885 10275 10276
f 10264 10045 9992
f 10262 9992 9939
f 10151 10266 10267
f 10153 10206 10207
f 10154 10208 10209
f 10154 10207 10208
f 10151 10205 10206
f 10156 10210 10211
f 10159 10212 10213
f 10157 10211 10212
f 10161 10214 10215
f 10163 10216 10217
f 10162 10215 10216
f 10160 10213 10214
f 10165 10218 10219
f 10166 10220 10221
f 10165 10219 10220
f 10169 10222 10223
f 10170 10224 10225
f 10172 10225 10226
f 10170 10223 10224
f 10168 10221 10222
f 10164 10217 10218
f 10155 10209 10210
f 10267 10205 10151
f 10173 10227 10228
f 10175 10228 10229
f 10176 10230 10231
f 10175 10229 10230
f 10226 10173 10172
f 10178 10232 10233
f 10180 10234 10235
f 10179 10233 10234
f 10182 10236 10237
f 10184 10238 10239
f 10184 10237 10238
f 10182 10235 10236
f 10187 10240 10241
f 10188 10242 10243
f 10188 10241 10242
f 10190 10244 10245
f 10192 10246 10247
f 10192 10245 10246
f 10190 10243 10244
f 10185 10239 10240
f 9991 10273 10274
f 10044 10271 10272
f 10044 10272 10273
f 10194 10248 10249
f 10197 10250 10251
f 10196 10249 10250
f 10203 10268 10269
f 10198 10252 10253
f 10197 10251 10252
f 10194 10247 10248
f 10201 10254 10255
f 10202 10255 10256
f 10257 10258 10268
f 10202 10256 10257
f 10200 10253 10254
f 10231 10178 10177
f 10354 10420 10421
f 10358 10418 10419
f 10362 10415 10416
f 10366 10413 10414
f 10370 10410 10411
f 10409 10373 10374
f 10377 10406 10407
f 10381 10403 10404
f 10385 10401 10402
f 10389 10398 10399
f 10393 10396 10397
f 10397 10391 10392
f 10472 10470 10471
f 10473 10469 10470
f 10475 10467 10468
f 10474 10468 10469
f 10476 10466 10467
f 10477 10465 10466
f 10479 10463 10464
f 10480 10462 10463
f 10482 10460 10461
f 10483 10459 10460
f 10481 10461 10462
f 10484 10457 10458
f 10485 10456 10457
f 10486 10454 10455
f 10487 10453 10454
f 10425 10455 10456
f 10484 10458 10459
f 10488 10452 10453
f 10490 10449 10450
f 10492 10447 10448
f 10493 10446 10447
f 10491 10448 10449
f 10495 10444 10445
f 10496 10443 10444
f 10497 10441 10442
f 10498 10440 10441
f 10496 10442 10443
f 10494 10445 10446
f 10499 10438 10439
f 10502 10435 10436
f 10503 10434 10435
f 10500 10437 10438
f 10505 10432 10433
f 10506 10431 10432
f 10507 10430 10431
f 10504 10433 10434
f 10427 10439 10440
f 10518 10616 10617
f 10517 10618 10619
f 10520 10612 10613
f 10522 10608 10609
f 10512 10604 10605
f 10523 10606 10607
f 10521 10610 10611
f 10525 10600 10601
f 10526 10598 10599
f 10528 10594 10595
f 10530 10590 10591
f 10529 10592 10593
f 10527 10596 10597
f 10524 10602 10603
f 10531 10588 10589
f 10532 10582 10583
f 10534 10578 10579
f 10533 10580 10581
f 10535 10576 10577
f 10537 10572 10573
f 10538 10570 10571
f 10540 10566 10567
f 10542 10562 10563
f 10541 10564 10565
f 10539 10568 10569
f 10544 10558 10559
f 10545 10556 10557
f 10547 10552 10553
f 10548 10550 10551
f 10546 10554 10555
f 10543 10560 10561
f 10536 10574 10575
f 10695 10694 10629
f 10693 10692 10633
f 10694 10693 10631
f 10696 10695 10627
f 10639 10703 10641
f 10637 10704 10639
f 10702 10701 10645
f 10701 10700 10647
f 10641 10702 10643
f 10697 10653 10698
f 10698 10651 10699
f 10714 10713 10659
f 10665 10710 10667
f 10709 10708 10671
f 10710 10709 10669
f 10663 10711 10665
f 10679 10718 10681
f 10681 10717 10683
f 10677 10719 10679
f 10708 10707 10673
f 10657 10655 10697
f 10716 10683 10717
f 10727 10792 10793
f 10731 10790 10791
f 10735 10787 10788
f 10739 10785 10786
f 10743 10782 10783
f 10747 10780 10781
f 10750 10778 10779
f 10754 10775 10776
f 10758 10773 10774
f 10762 10770 10771
f 10766 10768 10769
f 10769 10764 10765
f 10969 10967 10968
f 10970 10966 10967
f 10972 10964 10965
f 10971 10965 10966
f 10973 10963 10964
f 10974 10962 10963
f 10976 10960 10961
f 10977 10959 10960
f 10979 10957 10958
f 10980 10956 10957
f 10978 10958 10959
f 10981 10954 10955
f 10982 10953 10954
f 10984 10951 10952
f 10985 10950 10951
f 10983 10952 10953
f 10981 10955 10956
f 10986 10949 10950
f 10948 10987 10922
f 10988 10946 10947
f 10990 10944 10945
f 10991 10943 10944
f 10989 10945 10946
f 10993 10941 10942
f 10994 10940 10941
f 10995 10938 10939
f 10996 10937 10938
f 10994 10939 10940
f 10992 10942 10943
f 10998 10935 10936
f 11001 10932 10933
f 11002 10931 10932
f 10999 10934 10935
f 11004 10929 10930
f 11005 10928 10929
f 11006 10927 10928
f 11003 10930 10931
f 10997 10936 10937
f 11089 11079 11080
f 11088 11081 11082
f 11091 11075 11076
f 11093 11071 11072
f 11095 11067 11068
f 11094 11069 11070
f 11092 11073 11074
f 11097 11063 11064
f 11098 11061 11062
f 11100 11057 11058
f 11102 11053 11054
f 11101 11055 11056
f 11099 11059 11060
f 11096 11065 11066
f 11103 11051 11052
f 11104 11045 11046
f 11106 11041 11042
f 11105 11043 11044
f 11107 11039 11040
f 11109 11035 11036
f 11110 11033 11034
f 11010 11029 11030
f 11113 11025 11026
f 11112 11027 11028
f 11111 11031 11032
f 11115 11021 11022
f 11116 11019 11020
f 11118 11015 11016
f 11119 11013 11014
f 11117 11017 11018
f 11114 11023 11024
f 11108 11037 11038
f 11203 11202 11255
f 11257 11203 11256
f 11258 11204 11257
f 11206 11205 11258
f 11207 11206 11259
f 11261 11207 11260
f 11262 11208 11261
f 11263 11209 11262
f 11264 11210 11263
f 11265 11211 11264
f 11266 11212 11265
f 11267 11213 11266
f 11268 11214 11267
f 11216 11215 11268
f 11217 11216 11269
f 11218 11217 11270
f 11219 11218 11271
f 11273 11219 11272
f 11274 11220 11273
f 11275 11221 11274
f 11223 11222 11275
f 11224 11223 11276
f 11225 11224 11277
f 11226 11225 11278
f 11227 11226 11279
f 11228 11227 11280
f 11229 11228 11281
f 11283 11229 11282
f 11284 11230 11283
f 11285 11231 11284
f 11233 11232 11285
f 11234 11233 11286
f 11235 11234 11287
f 11289 11235 11288
f 11290 11236 11289
f 11238 11237 11290
f 11292 11238 11291
f 11293 11239 11292
f 11294 11240 11293
f 11242 11241 11294
f 11243 11242 11295
f 11244 11243 11296
f 11245 11244 11297
f 11246 11245 11298
f 11300 11246 11299
f 11301 11247 11300
f 11302 11248 11301
f 11303 11249 11302
f 11251 11250 11303
f 11252 11251 11304
f 11253 11252 11305
f 11254 11253 11306
f 11309 11255 11308
f 11310 11256 11309
f 11311 11257 11310
f 11312 11258 11311
f 11313 11259 11312
f 11261 11260 11313
f 11262 11261 11314
f 11263 11262 11315
f 11264 11263 11316
f 11265 11264 11317
f 11266 11265 11318
f 11267 11266 11319
f 11268 11267 11320
f 11322 11268 11321
f 11323 11269 11322
f 11271 11270 11323
f 11272 11271 11324
f 11326 11272 11325
f 11327 11273 11326
f 11328 11274 11327
f 11329 11275 11328
f 11330 11276 11329
f 11331 11277 11330
f 11279 11278 11331
f 11333 11279 11332
f 11281 11280 11333
f 11282 11281 11334
f 11283 11282 11335
f 11284 11283 11336
f 11285 11284 11337
f 11286 11285 11338
f 11340 11286 11339
f 11288 11287 11340
f 11289 11288 11341
f 11343 11289 11342
f 11291 11290 11343
f 11345 11291 11344
f 11293 11292 11345
f 11347 11293 11346
f 11348 11294 11347
f 11349 11295 11348
f 11297 11296 11349
f 11351 11297 11350
f 11352 11298 11351
f 11353 11299 11352
f 11354 11300 11353
f 11302 11301 11354
f 11303 11302 11355
f 11357 11303 11356
f 11358 11304 11357
f 11359 11305 11358
f 11360 11306 11359
f 11309 11308 11361
f 11310 11309 11362
f 11311 11310 11363
f 11312 11311 11364
f 11366 11312 11365
f 11367 11313 11366
f 11315 11314 11367
f 11316 11315 11368
f 11317 11316 11369
f 11318 11317 11370
f 11319 11318 11371
f 11320 11319 11372
f 11321 11320 11373
f 11322 11321 11374
f 11376 11322 11375
f 11377 11323 11376
f 11378 11324 11377
f 11326 11325 11378
f 11327 11326 11379
f 11381 11327 11380
f 11382 11328 11381
f 11383 11329 11382
f 11384 11330 11383
f 11332 11331 11384
f 11386 11332 11385
f 11387 11333 11386
f 11335 11334 11387
f 11389 11335 11388
f 11337 11336 11389
f 11338 11337 11390
f 11392 11338 11391
f 11340 11339 11392
f 11394 11340 11393
f 11395 11341 11394
f 11343 11342 11395
f 11344 11343 11396
f 11398 11344 11397
f 11346 11345 11398
f 11400 11346 11399
f 11401 11347 11400
f 11402 11348 11401
f 11403 11349 11402
f 11351 11350 11403
f 11352 11351 11404
f 11406 11352 11405
f 11354 11353 11406
f 11355 11354 11407
f 11409 11355 11408
f 11410 11356 11409
f 11358 11357 11410
f 11359 11358 11411
f 11360 11359 11412
f 11416 11361 11415
f 11417 11362 11416
f 11418 11363 11417
f 11419 11364 11418
f 11366 11365 11419
f 11421 11366 11420
f 11422 11367 11421
f 11423 11368 11422
f 11370 11369 11423
f 11425 11370 11424
f 11426 11371 11425
f 11427 11372 11426
f 11428 11373 11427
f 11375 11374 11428
f 11376 11375 11429
f 11377 11376 11430
f 11432 11377 11431
f 11433 11378 11432
f 11380 11379 11433
f 11381 11380 11434
f 11382 11381 11435
f 11437 11382 11436
f 11438 11383 11437
f 11439 11384 11438
f 11440 11385 11439
f 11441 11386 11440
f 11388 11387 11441
f 11443 11388 11442
f 11390 11389 11443
f 11391 11390 11444
f 11446 11391 11445
f 11393 11392 11446
f 11448 11393 11447
f 11449 11394 11448
f 11396 11395 11449
f 11451 11396 11450
f 11398 11397 11451
f 11399 11398 11452
f 11400 11399 11453
f 11401 11400 11454
f 11402 11401 11455
f 11403 11402 11456
f 11404 11403 11457
f 11459 11404 11458
f 11406 11405 11459
f 11461 11406 11460
f 11462 11407 11461
f 11409 11408 11462
f 11410 11409 11463
f 11411 11410 11464
f 11412 11411 11465
f 11413 11412 11466
f 11416 11415 11468
f 11417 11416 11469
f 11418 11417 11470
f 11472 11418 11471
f 11473 11419 11472
f 11421 11420 11473
f 11422 11421 11474
f 11476 11422 11475
f 11477 11423 11476
f 11478 11424 11477
f 11426 11425 11478
f 11427 11426 11479
f 11481 11427 11480
f 11429 11428 11481
f 11430 11429 11482
f 11431 11430 11483
f 11432 11431 11484
f 11486 11432 11485
f 11434 11433 11486
f 11435 11434 11487
f 11489 11435 11488
f 11437 11436 11489
f 11491 11437 11490
f 11439 11438 11491
f 11440 11439 11492
f 11494 11440 11493
f 11495 11441 11494
f 11496 11442 11495
f 11444 11443 11496
f 11445 11444 11497
f 11446 11445 11498
f 11447 11446 11499
f 11501 11447 11500
f 11502 11448 11501
f 11450 11449 11502
f 11504 11450 11503
f 11452 11451 11504
f 11453 11452 11505
f 11507 11453 11506
f 11508 11454 11507
f 11456 11455 11508
f 11510 11456 11509
f 11458 11457 11510
f 11512 11458 11511
f 11460 11459 11512
f 11461 11460 11513
f 11462 11461 11514
f 11516 11462 11515
f 11517 11463 11516
f 11518 11464 11517
f 11519 11465 11518
f 11467 11466 11519
f 11469 11468 11521
f 11523 11469 11522
f 11524 11470 11523
f 11472 11471 11524
f 11473 11472 11525
f 11527 11473 11526
f 11528 11474 11527
f 11529 11475 11528
f 11477 11476 11529
f 11478 11477 11530
f 11532 11478 11531
f 11480 11479 11532
f 11481 11480 11533
f 11535 11481 11534
f 11483 11482 11535
f 11537 11483 11536
f 11538 11484 11537
f 11486 11485 11538
f 11487 11486 11539
f 11488 11487 11540
f 11542 11488 11541
f 11490 11489 11542
f 11491 11490 11543
f 11492 11491 11544
f 11493 11492 11545
f 11494 11493 11546
f 11548 11494 11547
f 11549 11495 11548
f 11497 11496 11549
f 11498 11497 11550
f 11552 11498 11551
f 11553 11499 11552
f 11554 11500 11553
f 11502 11501 11554
f 11503 11502 11555
f 11504 11503 11556
f 11505 11504 11557
f 11559 11505 11558
f 11560 11506 11559
f 11508 11507 11560
f 11509 11508 11561
f 11563 11509 11562
f 11511 11510 11563
f 11565 11511 11564
f 11513 11512 11565
f 11567 11513 11566
f 11568 11514 11567
f 11569 11515 11568
f 11517 11516 11569
f 11518 11517 11570
f 11572 11518 11571
f 11573 11519 11572
f 11708 11207 11208
f 11706 11209 11210
f 11704 11211 11212
f 11705 11210 11211
f 11707 11208 11209
f 11710 11205 11206
f 11701 11213 11214
f 11698 11216 11217
f 11696 11217 11218
f 11699 11215 11216
f 11694 11219 11220
f 11692 11220 11221
f 11689 11222 11223
f 11702 11212 11213
f 11638 11255 11202
f 11682 11227 11228
f 11684 11226 11227
f 11225 11686 11687
f 11681 11228 11229
f 11679 11229 11230
f 11676 11231 11232
f 11671 11235 11236
f 11667 11238 11239
f 11669 11236 11237
f 11674 11233 11234
f 11664 11240 11241
f 11661 11243 11244
f 11658 11245 11246
f 11659 11244 11245
f 11662 11242 11243
f 11656 11247 11248
f 11655 11248 11249
f 11653 11250 11251
f 11657 11246 11247
f 11665 11239 11240
f 11253 11648 11649
f 11254 11635 11636
f 11642 11415 11361
f 11640 11361 11308
f 11521 11644 11645
f 11522 11576 11577
f 11525 11578 11579
f 11524 11577 11578
f 11521 11575 11576
f 11527 11580 11581
f 11528 11582 11583
f 11528 11581 11582
f 11531 11584 11585
f 11533 11586 11587
f 11531 11585 11586
f 11529 11583 11584
f 11535 11588 11589
f 11537 11590 11591
f 11535 11589 11590
f 11539 11592 11593
f 11541 11594 11595
f 11542 11595 11596
f 11540 11593 11594
f 11537 11591 11592
f 11533 11587 11588
f 11525 11579 11580
f 11645 11575 11521
f 11544 11597 11598
f 11544 11598 11599
f 11547 11600 11601
f 11545 11599 11600
f 11597 11543 11542
f 11548 11602 11603
f 11551 11604 11605
f 11550 11603 11604
f 11553 11606 11607
f 11555 11608 11609
f 11554 11607 11608
f 11551 11605 11606
f 11556 11610 11611
f 11558 11612 11613
f 11557 11611 11612
f 11560 11614 11615
f 11562 11616 11617
f 11562 11615 11616
f 11560 11613 11614
f 11555 11609 11610
f 11360 11633 11634
f 11413 11632 11414
f 11413 11414 11633
f 11564 11618 11619
f 11567 11620 11621
f 11566 11619 11620
f 11573 11629 11630
f 11569 11622 11623
f 11568 11621 11622
f 11564 11617 11618
f 11570 11624 11625
f 11571 11625 11626
f 11627 11628 11629
f 11573 11626 11627
f 11570 11623 11624
f 11601 11548 11547
f 12002 12001 11936
f 12000 11999 11940
f 12001 12000 11938
f 12003 12002 11934
f 11946 12010 11948
f 11944 12011 11946
f 12009 12008 11952
f 12008 12007 11954
f 11948 12009 11950
f 12004 11960 12005
f 12005 11958 12006
f 12021 12020 11966
f 11972 12017 11974
f 12016 12015 11978
f 12017 12016 11976
f 11970 12018 11972
f 11986 12025 11988
f 11988 12024 11990
f 11984 12026 11986
f 12015 12014 11980
f 11964 11962 12004
f 12023 11990 12024
